{
"type": "FeatureCollection",
"name": "Northern KNP landscape",
"crs": { "type": "name", "properties": { "name": "urn:ogc:def:crs:OGC:1.3:CRS84" } },
"features": [
{ "type": "Feature", "properties": { "OBJECTID": 1, "LSCAP_ID": 21, "ZONE10": 8, "ZONE17": 13, "Z17CODE": "J", "LANDSCAPE": "Combretum / Acacia nigrescens Rugged Veld", "LABEL": "21: Combretum / Acacia nigrescens Rugged Veld", "ALLIANCES_": 13, "ALLIANCES": "13: Basaltic or gabbroic plains with Acacia nigriscens bush savanna or Colophospermum mopane bush or shrub savanna", "AREA_HA": 23896.594, "PERIMETER_": 96.407, "PERIMETE_1": 96.432 }, "geometry": { "type": "MultiPolygon", "coordinates": [ [ [ [ 31.672746297191683, -24.287335705620936 ], [ 31.670863710932039, -24.291202290287647 ], [ 31.670196328670908, -24.291900815481871 ], [ 31.669984244008678, -24.293343810351573 ], [ 31.670218368291771, -24.295458954699289 ], [ 31.6697736590367, -24.297477852019536 ], [ 31.668773545516824, -24.299844062381418 ], [ 31.666280289057003, -24.301772735242178 ], [ 31.664057433180002, -24.304218469679647 ], [ 31.660582316369798, -24.301108532411089 ], [ 31.659170666091729, -24.298549535984833 ], [ 31.657916532692031, -24.295070829900464 ], [ 31.650686624050007, -24.276250888748404 ], [ 31.646034764969674, -24.261580454149971 ], [ 31.643520128328699, -24.251642778110018 ], [ 31.638782910730924, -24.241441376879074 ], [ 31.635504157118291, -24.233058984300559 ], [ 31.630726979802212, -24.223949664027607 ], [ 31.627605492915176, -24.216597986181839 ], [ 31.62531957174917, -24.202977730565678 ], [ 31.624985986485441, -24.193691556091572 ], [ 31.625013645447435, -24.18927597780711 ], [ 31.627861428036759, -24.184416232336332 ], [ 31.636192069062375, -24.17861223035656 ], [ 31.645491660770272, -24.169529287529752 ], [ 31.651688468562472, -24.162432110966098 ], [ 31.656625647241523, -24.157138684705394 ], [ 31.664159464223225, -24.149113543727761 ], [ 31.668270337581607, -24.142737833376298 ], [ 31.672188148088463, -24.133100301976917 ], [ 31.676037026814424, -24.123407857256318 ], [ 31.677444120307026, -24.111915146924918 ], [ 31.676693777110955, -24.100683680097063 ], [ 31.675116651332775, -24.088551010096651 ], [ 31.672496517137862, -24.076481511003582 ], [ 31.672945891939406, -24.069134522990982 ], [ 31.672171935366546, -24.065018893507432 ], [ 31.671803976895134, -24.05681592824925 ], [ 31.672458410291959, -24.04481994181954 ], [ 31.675458904188378, -24.03318740247267 ], [ 31.681538330178515, -24.021337468865088 ], [ 31.687126877129558, -24.015118175780863 ], [ 31.692451149724555, -24.010675447328541 ], [ 31.697409565746888, -24.009335973140558 ], [ 31.702660705719069, -24.012125850318569 ], [ 31.706763923570936, -24.013722846197833 ], [ 31.712686920897166, -24.011280232732432 ], [ 31.720316900927962, -24.008183367221005 ], [ 31.727820431699566, -24.004913473757597 ], [ 31.743474059346756, -23.996463306715953 ], [ 31.745749872172638, -23.993908152062883 ], [ 31.753815330663564, -23.988275439709923 ], [ 31.758258145229629, -23.983154845686002 ], [ 31.760860647059161, -23.978245027247407 ], [ 31.767870527886839, -23.974923926436446 ], [ 31.769836381059701, -23.969728861601954 ], [ 31.773431930375537, -23.972999744938502 ], [ 31.778736061093525, -23.983752735957687 ], [ 31.783071003726768, -23.989991437823896 ], [ 31.787134085754513, -23.994864205146275 ], [ 31.793385396322623, -24.001244213911249 ], [ 31.799677453653377, -24.00647737139828 ], [ 31.8056696860268, -24.012294958933211 ], [ 31.81178508311562, -24.015467208561187 ], [ 31.814918060461384, -24.020115324422292 ], [ 31.819834727902624, -24.024343645403967 ], [ 31.825897219662465, -24.028029713685093 ], [ 31.832027326885946, -24.034064123118622 ], [ 31.836278491284457, -24.039153840056571 ], [ 31.836878416344437, -24.043511334175918 ], [ 31.835330184951438, -24.046172734832602 ], [ 31.831223462576979, -24.052264432739012 ], [ 31.825201482869328, -24.058034260841527 ], [ 31.808972313511148, -24.06781571515906 ], [ 31.801089765635606, -24.073570030182655 ], [ 31.795020873313263, -24.077793937118084 ], [ 31.781018516529048, -24.085648157485661 ], [ 31.772325352288426, -24.088477490680329 ], [ 31.757752873434757, -24.07969927903974 ], [ 31.751197142504637, -24.079176287246661 ], [ 31.741890088386921, -24.084419104753913 ], [ 31.736953577118886, -24.092298340800635 ], [ 31.735989881694501, -24.096272914843439 ], [ 31.734272903294102, -24.101812582188597 ], [ 31.729917272367718, -24.105542237851878 ], [ 31.724575040164758, -24.106545297948184 ], [ 31.717485324946718, -24.112103014620317 ], [ 31.715405656027265, -24.118388921452873 ], [ 31.716515645649007, -24.126462599943078 ], [ 31.719661085652884, -24.136675545664573 ], [ 31.720682888662381, -24.140793042253637 ], [ 31.721417182136324, -24.146118225425845 ], [ 31.720934770119847, -24.149103313741421 ], [ 31.717282957464612, -24.154093670832548 ], [ 31.706831126044904, -24.160913822837337 ], [ 31.702771370216546, -24.164301929564282 ], [ 31.696743555099239, -24.17052676012738 ], [ 31.691965552449219, -24.174793404698391 ], [ 31.68486947658721, -24.180457693531448 ], [ 31.677830767351296, -24.188135916226734 ], [ 31.673643208791908, -24.204670385946169 ], [ 31.673618539632109, -24.230822250502975 ], [ 31.674498285889449, -24.23430661798464 ], [ 31.674800399638549, -24.242219873993058 ], [ 31.675444913508297, -24.248456453376619 ], [ 31.676107324156057, -24.261529176913314 ], [ 31.676084635293531, -24.268473331668844 ], [ 31.675995191997906, -24.27805376216515 ], [ 31.674679349561323, -24.285239478978326 ], [ 31.672746297191683, -24.287335705620936 ] ] ] ] } },
{ "type": "Feature", "properties": { "OBJECTID": 6, "LSCAP_ID": 27, "ZONE10": 9, "ZONE17": 14, "Z17CODE": "O", "LANDSCAPE": "Mixed Combretum / Colophospermum mopane woodland", "LABEL": "27: Mixed Combretum / Colophospermum mopane woodland", "ALLIANCES_": 14, "ALLIANCES": "14: Basaltic plains or rhyolite mountains with Combretum apiculatim or Colophospermum mopane bush savanna", "AREA_HA": 1641.895, "PERIMETER_": 23.94, "PERIMETE_1": 23.938 }, "geometry": { "type": "MultiPolygon", "coordinates": [ [ [ [ 31.089121739388041, -22.577324030177344 ], [ 31.083737521165766, -22.577819772437312 ], [ 31.079818426803879, -22.575036783978913 ], [ 31.075536586972216, -22.573179485548916 ], [ 31.071019156362986, -22.571490826400371 ], [ 31.065637527995698, -22.571119095317467 ], [ 31.060740508455797, -22.571556728123262 ], [ 31.057684209979818, -22.571086357705532 ], [ 31.05352359162141, -22.57032261852072 ], [ 31.049737404403107, -22.569211140700755 ], [ 31.046248705598654, -22.568383130702067 ], [ 31.043312519716064, -22.567679168571225 ], [ 31.039708969716877, -22.563978023775665 ], [ 31.036528347299228, -22.561320445166754 ], [ 31.034637008554434, -22.557567868248601 ], [ 31.032559284640282, -22.553939415007314 ], [ 31.029441762063225, -22.549602877231887 ], [ 31.028091342831747, -22.548854878765731 ], [ 31.023389862536291, -22.547903168787681 ], [ 31.018857406159015, -22.548055082151684 ], [ 31.014214671306181, -22.548440287731431 ], [ 31.011887209229393, -22.548718550110635 ], [ 31.007118219915029, -22.549092956721292 ], [ 31.003448010466219, -22.548099268632505 ], [ 31.001373400717284, -22.545671501001809 ], [ 31.000519799830201, -22.544866245066164 ], [ 31.000579046565491, -22.542103785199192 ], [ 31.002167713396879, -22.53911651675741 ], [ 31.004741793508341, -22.537225062406996 ], [ 31.008353019531977, -22.536213295015767 ], [ 31.012507711724414, -22.53593959728568 ], [ 31.018005224806217, -22.536251239528664 ], [ 31.024858579460741, -22.536922494477857 ], [ 31.029319439573815, -22.536995266738639 ], [ 31.033778523659837, -22.537880610632918 ], [ 31.037272022967517, -22.539684165174567 ], [ 31.041422692437447, -22.541080262976411 ], [ 31.04441576677263, -22.540466506856795 ], [ 31.048273984355095, -22.539854163348252 ], [ 31.051326301837786, -22.53986408136678 ], [ 31.055490008879971, -22.54172955602883 ], [ 31.05726010901045, -22.543060336791875 ], [ 31.059647646971211, -22.544732671046994 ], [ 31.057317096826967, -22.546627982339032 ], [ 31.056160475388786, -22.548690965925193 ], [ 31.056276444298852, -22.550128179610141 ], [ 31.057320878261926, -22.552606064488646 ], [ 31.058964751368702, -22.554630639270897 ], [ 31.061233326216112, -22.556482129627693 ], [ 31.0654486441864, -22.557481094186084 ], [ 31.069609016162691, -22.558939837098258 ], [ 31.073218516111169, -22.560166116383378 ], [ 31.075974049438063, -22.560578398544514 ], [ 31.079577847906005, -22.560820165090455 ], [ 31.081043273942569, -22.560313907619463 ], [ 31.083983193971317, -22.559346610479459 ], [ 31.083166311566277, -22.562172401854291 ], [ 31.08409180936447, -22.563447686693841 ], [ 31.086718583616033, -22.564038862050467 ], [ 31.087151947668964, -22.566455127734152 ], [ 31.086612395583792, -22.569618360207816 ], [ 31.088274750945946, -22.574577754359634 ], [ 31.089121739388041, -22.577324030177344 ] ] ] ] } },
{ "type": "Feature", "properties": { "OBJECTID": 7, "LSCAP_ID": 15, "ZONE10": 5, "ZONE17": 10, "Z17CODE": "O", "LANDSCAPE": "Colophospermum mopane Forest", "LABEL": "15: Colophospermum mopane Forest", "ALLIANCES_": 10, "ALLIANCES": "10: Karoo sediment plains with Colophospermum mopane tree savanna", "AREA_HA": 26687.262, "PERIMETER_": 165.944, "PERIMETE_1": 165.934 }, "geometry": { "type": "MultiPolygon", "coordinates": [ [ [ [ 31.087501244371179, -22.550294920051293 ], [ 31.089206021700527, -22.548635536609506 ], [ 31.092452568959512, -22.545143196370187 ], [ 31.094766157632328, -22.540908267197484 ], [ 31.098014455668075, -22.540811255571331 ], [ 31.102070441098732, -22.551316414650337 ], [ 31.103855031796151, -22.553053253894905 ], [ 31.106725220767963, -22.554324250292723 ], [ 31.113973904267723, -22.553208398179851 ], [ 31.115658585805228, -22.553724828741824 ], [ 31.116339695112714, -22.554401066100322 ], [ 31.117016520509193, -22.555393317664375 ], [ 31.11891498271229, -22.555921250456457 ], [ 31.120945641703852, -22.556739682780684 ], [ 31.124402412601569, -22.557791468845139 ], [ 31.122928039700824, -22.559688725754476 ], [ 31.12457028660695, -22.564069629332959 ], [ 31.124510389123632, -22.565622176715063 ], [ 31.122069111583791, -22.568546638014048 ], [ 31.121515664580105, -22.571357680675391 ], [ 31.124403718607198, -22.573504555654786 ], [ 31.126857028989356, -22.577605932965621 ], [ 31.126123412930635, -22.580080762708864 ], [ 31.127291362924403, -22.582162367573382 ], [ 31.129503685526373, -22.582522276098935 ], [ 31.132251554004171, -22.58138931840487 ], [ 31.13354010063988, -22.580302573837756 ], [ 31.135556983207646, -22.577842602268291 ], [ 31.137020336898608, -22.575321999440785 ], [ 31.141227380993435, -22.564705642062201 ], [ 31.142565878709078, -22.563501990694551 ], [ 31.144524163474916, -22.564662463448286 ], [ 31.147103585281695, -22.564457427980241 ], [ 31.147470979968976, -22.566069107530293 ], [ 31.147601327288331, -22.569411925889124 ], [ 31.146687089553911, -22.572336321312562 ], [ 31.146085310367397, -22.577341345392959 ], [ 31.147201135445609, -22.581887565054522 ], [ 31.149345898774602, -22.582941777406838 ], [ 31.153644417089339, -22.588030317944348 ], [ 31.15297983539303, -22.591192409108036 ], [ 31.149975489926344, -22.594047602499195 ], [ 31.148698890659581, -22.597148429898695 ], [ 31.150721605575637, -22.599348109727337 ], [ 31.152503000532956, -22.600687085635851 ], [ 31.155855564649471, -22.603091650444497 ], [ 31.159086175895695, -22.602243740235416 ], [ 31.158664141478422, -22.60545378801887 ], [ 31.156374449645991, -22.607215554896925 ], [ 31.151554312308221, -22.615639796170299 ], [ 31.148869925788823, -22.621433540640218 ], [ 31.151222172609053, -22.631746452400872 ], [ 31.153613729970569, -22.633318232486808 ], [ 31.152449406355387, -22.638181307247041 ], [ 31.150915132364922, -22.638696417853147 ], [ 31.150125548160659, -22.638813735279705 ], [ 31.148167462623555, -22.63828541810431 ], [ 31.147001275058422, -22.637468226538168 ], [ 31.146326447282508, -22.637008899326673 ], [ 31.145774316296542, -22.636830934418558 ], [ 31.145169551568053, -22.63695036537499 ], [ 31.143086677823735, -22.637748027678978 ], [ 31.141315895954911, -22.638486067046799 ], [ 31.140209695494416, -22.638997005051603 ], [ 31.138194480446177, -22.640544914739351 ], [ 31.138007252785741, -22.639278473307389 ], [ 31.137761666069682, -22.638011353726061 ], [ 31.13806553269615, -22.636398427719126 ], [ 31.138129265241862, -22.634556949832369 ], [ 31.138070069733203, -22.633174598587782 ], [ 31.137213910404139, -22.63173783774397 ], [ 31.135496364080215, -22.630697430645878 ], [ 31.133904282728718, -22.630453148049416 ], [ 31.132010569197828, -22.630214366754949 ], [ 31.130972370519633, -22.630735065828492 ], [ 31.13011095051818, -22.631131393004754 ], [ 31.128468541017842, -22.632448737458553 ], [ 31.126629242815874, -22.633935341026746 ], [ 31.125034065436328, -22.637501775658347 ], [ 31.125223177637249, -22.639337164901377 ], [ 31.126447139789938, -22.642340548652548 ], [ 31.128405473653928, -22.64643615509473 ], [ 31.129816830381074, -22.649261097987534 ], [ 31.131650451463155, -22.651801981125651 ], [ 31.134404570250663, -22.656069352622008 ], [ 31.135692382450721, -22.657971708292774 ], [ 31.136608108403877, -22.660050336170578 ], [ 31.136491377582384, -22.662929691335446 ], [ 31.13581585306413, -22.665396171823144 ], [ 31.135211004749014, -22.66695139622011 ], [ 31.132664191051472, -22.668917444374909 ], [ 31.130033162093923, -22.67206544841164 ], [ 31.130345219363651, -22.674886581837036 ], [ 31.129732527060924, -22.678446437108267 ], [ 31.129488260488777, -22.681387495005698 ], [ 31.128393904651176, -22.686729727746496 ], [ 31.126497049299424, -22.688098212253891 ], [ 31.12539112651567, -22.688554840760315 ], [ 31.123558749154757, -22.689472523741507 ], [ 31.121353510187301, -22.690611566215235 ], [ 31.116512711994485, -22.695882562039731 ], [ 31.116397251455197, -22.6972086626803 ], [ 31.116892107312601, -22.699454012832927 ], [ 31.118665617268256, -22.700721068481752 ], [ 31.120634161344949, -22.701249909044837 ], [ 31.122837765641009, -22.703099917184577 ], [ 31.123643793719587, -22.706089393290309 ], [ 31.122725091300399, -22.70850777677925 ], [ 31.123586923952821, -22.709547352047704 ], [ 31.1243811258887, -22.709836610482483 ], [ 31.127513580856792, -22.709963625298336 ], [ 31.130271160050079, -22.709743041793953 ], [ 31.133152922696787, -22.709695437357237 ], [ 31.137935805134926, -22.712297777279041 ], [ 31.139593571264566, -22.712073253260765 ], [ 31.141000150918654, -22.71098790218538 ], [ 31.142655964436162, -22.710185375510036 ], [ 31.143818078623816, -22.711345733486134 ], [ 31.145175093776192, -22.713935152578106 ], [ 31.145547352242922, -22.71520373058517 ], [ 31.145738827648607, -22.719052912887413 ], [ 31.144452588971003, -22.723480953363332 ], [ 31.14397148662319, -22.725949700294578 ], [ 31.144217225281668, -22.727216811458156 ], [ 31.146486535842723, -22.727857215437218 ], [ 31.148571881488607, -22.726255911441374 ], [ 31.151383401301295, -22.724942921642107 ], [ 31.152741222728999, -22.726042274123209 ], [ 31.153595964429929, -22.72691004349382 ], [ 31.154825917757087, -22.729561139477045 ], [ 31.155214902745662, -22.738298068939923 ], [ 31.156204093951064, -22.745840874365953 ], [ 31.156390392618704, -22.750096358955343 ], [ 31.163647784025844, -22.757828774239375 ], [ 31.166097371706336, -22.75886834319703 ], [ 31.174877093003239, -22.76350226357577 ], [ 31.184021557364467, -22.764166455017087 ], [ 31.188192593440931, -22.765387824506238 ], [ 31.190094224598511, -22.765915109770106 ], [ 31.19372014229015, -22.767130157285095 ], [ 31.195684040036049, -22.767369105210499 ], [ 31.198928156898226, -22.767261259414735 ], [ 31.201381391090621, -22.765085465515408 ], [ 31.204391585877591, -22.767223484650355 ], [ 31.205436446857544, -22.768490488205135 ], [ 31.205203143146662, -22.773671418621966 ], [ 31.202512363831733, -22.776874072995437 ], [ 31.20165224787085, -22.778598248409832 ], [ 31.201357523558535, -22.781764652196202 ], [ 31.202397958673686, -22.783374789341597 ], [ 31.202899023347321, -22.784527316526923 ], [ 31.203827530646507, -22.788736986131283 ], [ 31.204073698396581, -22.7929931511602 ], [ 31.203769400658452, -22.794660376097376 ], [ 31.202985483698839, -22.797992846080792 ], [ 31.202002408670118, -22.799426649187541 ], [ 31.199655751515479, -22.80011357805521 ], [ 31.197688291495286, -22.800849911230891 ], [ 31.195909525337331, -22.8020489109423 ], [ 31.193693191227528, -22.803188748079062 ], [ 31.187379589940068, -22.807009217736688 ], [ 31.183942201422447, -22.809868868311355 ], [ 31.179580357521765, -22.811914167624295 ], [ 31.176635080593396, -22.814372895375506 ], [ 31.175230743989246, -22.817418135202395 ], [ 31.175597110559931, -22.819896668575431 ], [ 31.176897944310348, -22.822431050709167 ], [ 31.178682110001112, -22.824519429733673 ], [ 31.180771626968813, -22.82562696119145 ], [ 31.183474027127716, -22.827536137515246 ], [ 31.185626625118939, -22.828301171530715 ], [ 31.188267959223484, -22.828945311679131 ], [ 31.190857513588327, -22.829823613310165 ], [ 31.190855077765406, -22.830744693726359 ], [ 31.189693176835686, -22.832411156687442 ], [ 31.188522524290985, -22.833264768399875 ], [ 31.186500433269874, -22.834406680869364 ], [ 31.184656047185989, -22.835369982919357 ], [ 31.180972587779227, -22.836158744870293 ], [ 31.179194396306123, -22.835804294362447 ], [ 31.175994482416108, -22.836128886158466 ], [ 31.173291624412919, -22.835709592642878 ], [ 31.169785592053298, -22.834883686789432 ], [ 31.167754364024137, -22.833785710440381 ], [ 31.16394519650493, -22.832324065645771 ], [ 31.161615440898291, -22.832423611730125 ], [ 31.157310135537262, -22.833087247994804 ], [ 31.154728201925614, -22.833824927967445 ], [ 31.152396458916751, -22.834791225982151 ], [ 31.149209065322275, -22.835630150055891 ], [ 31.147115690212324, -22.836255985531047 ], [ 31.144591477323015, -22.835603499737328 ], [ 31.144227135393429, -22.834452405430056 ], [ 31.143915422639758, -22.833012954274896 ], [ 31.144218658281055, -22.830767942745471 ], [ 31.14501516626191, -22.829503949139944 ], [ 31.146306386246778, -22.827676799483577 ], [ 31.14845337202453, -22.825958921046372 ], [ 31.149621525896695, -22.824581825425735 ], [ 31.150725725851444, -22.823610342414455 ], [ 31.149982613607101, -22.821651161209157 ], [ 31.148749814297318, -22.820607381541791 ], [ 31.145497619388934, -22.821219738224546 ], [ 31.143964723172807, -22.82219522016841 ], [ 31.141635138017868, -22.823730302572145 ], [ 31.139911725499164, -22.825100852278052 ], [ 31.137888945264208, -22.826991638110869 ], [ 31.135248996441586, -22.828414625534059 ], [ 31.131868595196757, -22.829837911975062 ], [ 31.129475761796751, -22.830279397910008 ], [ 31.127429475063789, -22.831736309697753 ], [ 31.121978422651882, -22.828565718699377 ], [ 31.120072105985344, -22.827631175336922 ], [ 31.118103098240692, -22.826298540253966 ], [ 31.116137935452954, -22.823981635272709 ], [ 31.113245225890704, -22.82252965526979 ], [ 31.111223617688761, -22.823607380875384 ], [ 31.110300977041732, -22.824815513286318 ], [ 31.110305030644724, -22.827344013821772 ], [ 31.111227790536066, -22.829657657732895 ], [ 31.112025696503572, -22.831843394560181 ], [ 31.111479912302499, -22.833977076555236 ], [ 31.110003108061161, -22.835801710478808 ], [ 31.107367475087518, -22.836881113202853 ], [ 31.104785904018097, -22.836868464523679 ], [ 31.10171156499726, -22.83656093484781 ], [ 31.09777754775115, -22.836423680517221 ], [ 31.094274653652192, -22.836110887783942 ], [ 31.08948096961009, -22.836143739388277 ], [ 31.086653663269701, -22.836985706765333 ], [ 31.083461742181246, -22.838121225530926 ], [ 31.080147992186927, -22.837521435710727 ], [ 31.075906334302307, -22.837786281979763 ], [ 31.072651098264483, -22.838568640877337 ], [ 31.069394135017525, -22.837400424884354 ], [ 31.066629193307421, -22.837267542315477 ], [ 31.064291350950267, -22.835180293827676 ], [ 31.06299835061607, -22.832925128025344 ], [ 31.063121251601213, -22.82630762644915 ], [ 31.063911255537207, -22.822109243722402 ], [ 31.061943002728334, -22.819394364624273 ], [ 31.061631501873251, -22.816627390116263 ], [ 31.059728324469901, -22.813452750045325 ], [ 31.059786943421543, -22.810690279545263 ], [ 31.061080148520176, -22.807410061810671 ], [ 31.061813127205017, -22.805170500777592 ], [ 31.061875646243962, -22.802128140809874 ], [ 31.061006640949596, -22.798839671306389 ], [ 31.060703249443176, -22.796190181468052 ], [ 31.059348111725033, -22.794223205748473 ], [ 31.057816858734817, -22.793003567414392 ], [ 31.055292299650027, -22.792467115861388 ], [ 31.052709358360282, -22.790557351154586 ], [ 31.049830396741321, -22.788923858527241 ], [ 31.047303743646381, -22.786490962307191 ], [ 31.045957125629304, -22.783946071965975 ], [ 31.043802114457645, -22.782095599306704 ], [ 31.041655561518251, -22.78374883484403 ], [ 31.040424413840764, -22.784717980459067 ], [ 31.038461876372075, -22.786436638349553 ], [ 31.035760868568101, -22.78871506150664 ], [ 31.032510325712245, -22.79059836645898 ], [ 31.030298345312548, -22.79339742448099 ], [ 31.027655361146333, -22.795685439320131 ], [ 31.025198214262307, -22.797912497452003 ], [ 31.023665450497361, -22.799518883377718 ], [ 31.021941283009042, -22.800888100195468 ], [ 31.017893460694729, -22.802643791955646 ], [ 31.014515725173627, -22.802511454594772 ], [ 31.010645904148777, -22.803402306445413 ], [ 31.007942886870477, -22.804425036388707 ], [ 31.005731357205004, -22.806474237594621 ], [ 31.00400904068805, -22.808366995357524 ], [ 31.000328527642289, -22.808284735659011 ], [ 30.999448042374748, -22.807217199719467 ], [ 30.996947627055743, -22.806364082358794 ], [ 30.995957589409517, -22.804798514524741 ], [ 30.99658025144063, -22.802846880178446 ], [ 30.997685051555802, -22.800558167045196 ], [ 31.000573471755906, -22.798842641814222 ], [ 31.003213516509394, -22.796789845758187 ], [ 31.006402971843084, -22.79445491710786 ], [ 31.008118929192733, -22.793654649076682 ], [ 31.011068997073206, -22.791027671196129 ], [ 31.014200351113935, -22.789323934929673 ], [ 31.017643025087903, -22.788310273085774 ], [ 31.021021050231987, -22.786374682502814 ], [ 31.024514912793865, -22.784503658440777 ], [ 31.026604156372688, -22.78278674828476 ], [ 31.029122782149297, -22.780325629112166 ], [ 31.032193150182081, -22.77741074377483 ], [ 31.035260930903519, -22.774667328099422 ], [ 31.038083515335661, -22.772038220394265 ], [ 31.04170593538986, -22.769987762363897 ], [ 31.044533149308329, -22.767701723176273 ], [ 31.047421739332755, -22.765885939438345 ], [ 31.051344903241397, -22.762520537827044 ], [ 31.054097124679792, -22.760007642352491 ], [ 31.055628341559355, -22.755014621437237 ], [ 31.05752535109719, -22.749619673732226 ], [ 31.057701459224546, -22.746804434004126 ], [ 31.059296504384367, -22.743473665768786 ], [ 31.064678830435728, -22.739430277341953 ], [ 31.067372644751082, -22.735480609358191 ], [ 31.067799147108484, -22.730763013672728 ], [ 31.067176766902126, -22.727947117759687 ], [ 31.068142867731854, -22.713221616110246 ], [ 31.066842394016664, -22.70671322484532 ], [ 31.064260839726256, -22.70203147623824 ], [ 31.06186604559381, -22.701379396390372 ], [ 31.05868789638933, -22.701756240320684 ], [ 31.056721333528397, -22.69972767444936 ], [ 31.056405857801774, -22.697944908973721 ], [ 31.059841049636386, -22.695205329214712 ], [ 31.066274831936987, -22.692375513299925 ], [ 31.070316368248907, -22.690789845948192 ], [ 31.076441717945535, -22.689111741059218 ], [ 31.080601647095243, -22.684601433138763 ], [ 31.093282195178887, -22.681059628612982 ], [ 31.09707876245303, -22.678847237830908 ], [ 31.099830778633873, -22.676161809281474 ], [ 31.108039608182136, -22.671500046850188 ], [ 31.110551995796971, -22.670653770357895 ], [ 31.112750152039631, -22.670724845384907 ], [ 31.115325565147355, -22.669536080397222 ], [ 31.120341176613977, -22.667788957886973 ], [ 31.126529773800627, -22.665639998118866 ], [ 31.128608820944528, -22.66444519945809 ], [ 31.127627716212547, -22.662889531699399 ], [ 31.12389401429586, -22.662692323614777 ], [ 31.115805873871651, -22.662868290501549 ], [ 31.110475867824206, -22.662715195782198 ], [ 31.103847260875511, -22.660767580855516 ], [ 31.096371774774518, -22.659568184932052 ], [ 31.085458298765712, -22.658625392209153 ], [ 31.074864232152599, -22.6564214704938 ], [ 31.068971046348732, -22.654824437808859 ], [ 31.065850503241791, -22.653251661257851 ], [ 31.063825337701918, -22.651276679426442 ], [ 31.060812583390415, -22.644810755399977 ], [ 31.05981430523665, -22.634847407689833 ], [ 31.058459614029985, -22.630180460140306 ], [ 31.055642115545744, -22.627166359131142 ], [ 31.05018320273544, -22.627298740186081 ], [ 31.04590670191692, -22.630488506276997 ], [ 31.03433059797338, -22.635981787873323 ], [ 31.032131449206368, -22.636027047975826 ], [ 31.030108520248124, -22.634629630887812 ], [ 31.028935334282803, -22.632312541888655 ], [ 31.02936318099167, -22.627549918960614 ], [ 31.030765981133534, -22.623991236680428 ], [ 31.033267767009352, -22.620436985725725 ], [ 31.035347786829728, -22.617121334906102 ], [ 31.03945082047111, -22.613117004279992 ], [ 31.048571651371137, -22.609155595515027 ], [ 31.054018309335813, -22.606386261606197 ], [ 31.059899457108664, -22.606601954976348 ], [ 31.06450042766139, -22.609339494263018 ], [ 31.066948859305732, -22.609522523538391 ], [ 31.074233200422579, -22.606070246889608 ], [ 31.077046363967803, -22.60240156345645 ], [ 31.078698924587844, -22.599658084042776 ], [ 31.081998621966964, -22.59875839451021 ], [ 31.083533058974034, -22.600320905886907 ], [ 31.08826013735321, -22.603808802879463 ], [ 31.096711455049146, -22.602428272187108 ], [ 31.103315155332915, -22.599598662193063 ], [ 31.11317105833222, -22.595750462060959 ], [ 31.119779592312515, -22.591087008483846 ], [ 31.118855638112283, -22.588944998506388 ], [ 31.1161010804814, -22.588406999983146 ], [ 31.111815435555954, -22.588898489410326 ], [ 31.108445716090699, -22.589969571217477 ], [ 31.10471383335625, -22.591207882186112 ], [ 31.100299325448642, -22.591869112567768 ], [ 31.090686196859004, -22.591511263581889 ], [ 31.08591227810366, -22.590731996013492 ], [ 31.0854777406803, -22.58980572136733 ], [ 31.085411705873334, -22.588251716683555 ], [ 31.085903639640016, -22.585729086989865 ], [ 31.08749459962339, -22.58389682118354 ], [ 31.089015707566364, -22.5814857630623 ], [ 31.089121739388041, -22.577324030177344 ], [ 31.088274750945946, -22.574577754359634 ], [ 31.086612395583792, -22.569618360207816 ], [ 31.087151947668964, -22.566455127734152 ], [ 31.086718583616033, -22.564038862050467 ], [ 31.08409180936447, -22.563447686693841 ], [ 31.083166311566277, -22.562172401854291 ], [ 31.083983193971317, -22.559346610479459 ], [ 31.084869839345647, -22.554986481347779 ], [ 31.087501244371179, -22.550294920051293 ] ], [ [ 31.142001828614593, -22.80532176999154 ], [ 31.144518630146191, -22.80647988029266 ], [ 31.146971153391547, -22.805912410735402 ], [ 31.149478834630688, -22.804144505994405 ], [ 31.15125179827254, -22.801961672201127 ], [ 31.15204988844318, -22.79839490185201 ], [ 31.152721341084266, -22.796271516157756 ], [ 31.153088579306566, -22.794316179648042 ], [ 31.154255665348487, -22.792993197835361 ], [ 31.155784994841781, -22.792252340607451 ], [ 31.15731555108054, -22.792143609342702 ], [ 31.158482697889809, -22.795886645047293 ], [ 31.159273993000149, -22.797160037679753 ], [ 31.162828347722428, -22.798663960468108 ], [ 31.164969474481119, -22.798787954461073 ], [ 31.166199927566556, -22.800003157998223 ], [ 31.167430963680459, -22.801904671511142 ], [ 31.168226962901699, -22.802834923291446 ], [ 31.171043274522276, -22.802731805642374 ], [ 31.173062704452644, -22.801761615259245 ], [ 31.174288109353874, -22.800439149048369 ], [ 31.174346434746315, -22.798254449361242 ], [ 31.174527625763549, -22.796351099698612 ], [ 31.173978694289922, -22.792958395689805 ], [ 31.175261344840443, -22.790254911625421 ], [ 31.177827483172059, -22.786238604013221 ], [ 31.179291670283419, -22.78452147380586 ], [ 31.181008393875505, -22.78285236026084 ], [ 31.182354294700577, -22.780501713894523 ], [ 31.182966756132831, -22.778377494247025 ], [ 31.183153161752486, -22.776067809601372 ], [ 31.182715447924679, -22.773823260774794 ], [ 31.181249178534916, -22.772036577060913 ], [ 31.179347712397103, -22.770759655011396 ], [ 31.176770289938197, -22.770522526769184 ], [ 31.173833955692739, -22.770913383533426 ], [ 31.170770780540707, -22.77205225952444 ], [ 31.167891710748467, -22.773256400885295 ], [ 31.165144000787496, -22.774100780483121 ], [ 31.162506566064145, -22.773980125003085 ], [ 31.159634006330037, -22.773965079366871 ], [ 31.157177302454159, -22.773440052081341 ], [ 31.155100346032363, -22.772919379039433 ], [ 31.152398811646666, -22.772499813812733 ], [ 31.150384205361814, -22.77169083052565 ], [ 31.148301114337997, -22.770185688957593 ], [ 31.146580748420547, -22.768504127908436 ], [ 31.145361552002385, -22.767930080641161 ], [ 31.143277492020442, -22.768664398447484 ], [ 31.143518576384462, -22.768838780126703 ], [ 31.141499056305925, -22.770558133045451 ], [ 31.140333232930306, -22.772513167694626 ], [ 31.140151327400929, -22.775156939682606 ], [ 31.140275169380878, -22.777515303652279 ], [ 31.139667025191219, -22.779991557407918 ], [ 31.138505431308531, -22.782343954821499 ], [ 31.13727914153975, -22.783720310028702 ], [ 31.135322405096829, -22.785097146570951 ], [ 31.13256669468289, -22.787214119205679 ], [ 31.131461475434921, -22.788989174141712 ], [ 31.13109655128217, -22.791468230271082 ], [ 31.132197995448841, -22.794975861633425 ], [ 31.134033397681574, -22.79751680673958 ], [ 31.136000868849987, -22.799661944478821 ], [ 31.137717653725744, -22.801623526051962 ], [ 31.139794817256121, -22.803589297504754 ], [ 31.142001828614593, -22.80532176999154 ] ] ] ] } },
{ "type": "Feature", "properties": { "OBJECTID": 8, "LSCAP_ID": 16, "ZONE10": 7, "ZONE17": 11, "Z17CODE": "O", "LANDSCAPE": "Punda Maria Sandveld on Cave Sandstone", "LABEL": "16: Punda Maria Sandveld on Cave Sandstone", "ALLIANCES_": 11, "ALLIANCES": "11: Clarens sandstone hills with Terminalia sericea bush savanna or Soutpansberg group mountains with Burkea africana tree savanna", "AREA_HA": 573.705, "PERIMETER_": 12.176, "PERIMETE_1": 12.175 }, "geometry": { "type": "MultiPolygon", "coordinates": [ [ [ [ 31.138194480446177, -22.640544914739351 ], [ 31.140579940434097, -22.642568341545644 ], [ 31.14217109298189, -22.64361626846361 ], [ 31.142909413498533, -22.644419508187799 ], [ 31.143273363377471, -22.645570597203825 ], [ 31.144015116430527, -22.646843457882284 ], [ 31.143761502692374, -22.64833958165552 ], [ 31.143216048308663, -22.649832323007114 ], [ 31.143463775675091, -22.651668381788767 ], [ 31.143832008663875, -22.653225891316517 ], [ 31.146277032303512, -22.656631602042069 ], [ 31.147080053652594, -22.658419898670243 ], [ 31.146712003687842, -22.659743122807523 ], [ 31.146220287442791, -22.661579651924626 ], [ 31.146277977732787, -22.663079379816146 ], [ 31.147748049627356, -22.6644690213611 ], [ 31.149409898609168, -22.66752247715435 ], [ 31.148493127358034, -22.669128337217849 ], [ 31.146895889939259, -22.670681164628583 ], [ 31.145924071977788, -22.671311078507884 ], [ 31.144454468422122, -22.672052614113039 ], [ 31.143164721024849, -22.672444033180636 ], [ 31.141693880340224, -22.672553395559952 ], [ 31.139619344878582, -22.671969416840437 ], [ 31.138085036321957, -22.671734851836689 ], [ 31.137593475315988, -22.671385978193893 ], [ 31.136618504130045, -22.670805717317272 ], [ 31.136314855804002, -22.670233265758657 ], [ 31.135698010685033, -22.67051505917053 ], [ 31.134662643837842, -22.669365166588957 ], [ 31.132664191051472, -22.668917444374909 ], [ 31.135211004749014, -22.66695139622011 ], [ 31.13581585306413, -22.665396171823144 ], [ 31.136491377582384, -22.662929691335446 ], [ 31.136608108403877, -22.660050336170578 ], [ 31.135692382450721, -22.657971708292774 ], [ 31.134404570250663, -22.656069352622008 ], [ 31.131650451463155, -22.651801981125651 ], [ 31.129816830381074, -22.649261097987534 ], [ 31.128405473653928, -22.64643615509473 ], [ 31.126447139789938, -22.642340548652548 ], [ 31.125223177637249, -22.639337164901377 ], [ 31.125034065436328, -22.637501775658347 ], [ 31.126629242815874, -22.633935341026746 ], [ 31.128468541017842, -22.632448737458553 ], [ 31.13011095051818, -22.631131393004754 ], [ 31.130972370519633, -22.630735065828492 ], [ 31.132010569197828, -22.630214366754949 ], [ 31.133904282728718, -22.630453148049416 ], [ 31.135496364080215, -22.630697430645878 ], [ 31.137213910404139, -22.63173783774397 ], [ 31.138070069733203, -22.633174598587782 ], [ 31.138129265241862, -22.634556949832369 ], [ 31.13806553269615, -22.636398427719126 ], [ 31.137761666069682, -22.638011353726061 ], [ 31.138007252785741, -22.639278473307389 ], [ 31.138194480446177, -22.640544914739351 ] ] ] ] } },
{ "type": "Feature", "properties": { "OBJECTID": 9, "LSCAP_ID": 28, "ZONE10": 8, "ZONE17": 16, "Z17CODE": "M", "LANDSCAPE": "Limpopo / Luvuvhu Floodplains", "LABEL": "28: Limpopo / Luvuvhu Floodplains", "ALLIANCES_": 16, "ALLIANCES": "16: Alluvial plains with Faidherbia albida or Salvadora angustifolia tree savanna", "AREA_HA": 3787.389, "PERIMETER_": 45.026, "PERIMETE_1": 45.025 }, "geometry": { "type": "MultiPolygon", "coordinates": [ [ [ [ 31.197452398844376, -22.391755077436269 ], [ 31.193294638793223, -22.391853166408662 ], [ 31.188719930331466, -22.389652626842015 ], [ 31.184744442955104, -22.387684465094036 ], [ 31.183821995808653, -22.384684881041817 ], [ 31.183884750415626, -22.382843282457006 ], [ 31.184251534637763, -22.380770293187449 ], [ 31.184677950883348, -22.379339165562826 ], [ 31.185408498730332, -22.377667613409525 ], [ 31.184365012108131, -22.37501887979694 ], [ 31.183083375628666, -22.373514391811913 ], [ 31.180950994917001, -22.370230275943292 ], [ 31.180027977403629, -22.368034419062219 ], [ 31.178990602933485, -22.365674715046396 ], [ 31.17709301397753, -22.363016330629122 ], [ 31.176481400485599, -22.361519343410453 ], [ 31.174494132547185, -22.358300007576574 ], [ 31.172044034004752, -22.356330718961093 ], [ 31.169650007210638, -22.354533617221804 ], [ 31.166769148086033, -22.352848372838196 ], [ 31.163834020247158, -22.350123916411107 ], [ 31.159482274741514, -22.348087723739916 ], [ 31.155317148260487, -22.347372048045937 ], [ 31.150963833219873, -22.346943104918235 ], [ 31.148464172101605, -22.348765859559304 ], [ 31.146079376739966, -22.350707287076848 ], [ 31.143384608665972, -22.352590936318709 ], [ 31.139345977652471, -22.355506665646669 ], [ 31.136902700251948, -22.357447270463172 ], [ 31.133350299322604, -22.359555662253477 ], [ 31.131080803712969, -22.359375951897444 ], [ 31.129612750727723, -22.357345142889052 ], [ 31.127891697301084, -22.354634092685654 ], [ 31.125992239472307, -22.352200914641521 ], [ 31.123241556694293, -22.349541116352221 ], [ 31.119442820914557, -22.34830499029761 ], [ 31.115028619558824, -22.348804537612558 ], [ 31.112525458535661, -22.350852433744855 ], [ 31.109896644826431, -22.35285366627738 ], [ 31.106341994822433, -22.355828364499477 ], [ 31.103470736799508, -22.358512972470745 ], [ 31.099980574590262, -22.361723064326977 ], [ 31.097595664865697, -22.363609537663955 ], [ 31.094907789179107, -22.366350311499989 ], [ 31.088962241457384, -22.366605308363805 ], [ 31.086328124486087, -22.366818004532846 ], [ 31.083682992354799, -22.36641644959867 ], [ 31.088553272987717, -22.351754215324831 ], [ 31.089387145071569, -22.348982637417425 ], [ 31.089665924725733, -22.349184599566339 ], [ 31.092289508781391, -22.349007827243739 ], [ 31.094116542569441, -22.348866791382356 ], [ 31.101347125994867, -22.34614320864565 ], [ 31.109089360006127, -22.342892450698923 ], [ 31.117835832121081, -22.34001420046447 ], [ 31.125954355195425, -22.336884362480447 ], [ 31.136338887362246, -22.333409915454059 ], [ 31.148892622569157, -22.331025204262968 ], [ 31.156900288535077, -22.32885877629932 ], [ 31.161775516635728, -22.328679352012934 ], [ 31.169469118202148, -22.330473285985033 ], [ 31.175465602036549, -22.332157453439279 ], [ 31.182657215835132, -22.336762780245238 ], [ 31.187287688386963, -22.339018213317239 ], [ 31.189810283751594, -22.342135012227395 ], [ 31.19380928454359, -22.349720517937399 ], [ 31.19635702712462, -22.354679828725462 ], [ 31.200009775199035, -22.35979589370266 ], [ 31.204032895038416, -22.363308482205507 ], [ 31.20895216062663, -22.366614156749012 ], [ 31.214846326287955, -22.369632427610615 ], [ 31.219364912411685, -22.370124735209913 ], [ 31.229809629964308, -22.368080909207393 ], [ 31.249838421381483, -22.362871045523232 ], [ 31.254037849310105, -22.36325958464219 ], [ 31.255084440119358, -22.363424401117758 ], [ 31.25302857468651, -22.365551639947434 ], [ 31.249342041686827, -22.368401770083864 ], [ 31.245005799789805, -22.370395835710301 ], [ 31.242805900895597, -22.371600192855418 ], [ 31.239936047669129, -22.372797231330427 ], [ 31.236708128272607, -22.375435288977346 ], [ 31.233350219046621, -22.378360849760384 ], [ 31.229328953201481, -22.38151387935795 ], [ 31.227067634629023, -22.382943107941756 ], [ 31.22328410674417, -22.384942604207151 ], [ 31.218703464463186, -22.386996444409597 ], [ 31.214732781093534, -22.388424712069138 ], [ 31.210396048142638, -22.389614020953751 ], [ 31.205447402184749, -22.390805449977385 ], [ 31.201360603570642, -22.391428331354604 ], [ 31.197452398844376, -22.391755077436269 ] ] ] ] } },
{ "type": "Feature", "properties": { "OBJECTID": 10, "LSCAP_ID": 28, "ZONE10": 8, "ZONE17": 16, "Z17CODE": "M", "LANDSCAPE": "Limpopo / Luvuvhu Floodplains", "LABEL": "28: Limpopo / Luvuvhu Floodplains", "ALLIANCES_": 16, "ALLIANCES": "16: Alluvial plains with Faidherbia albida or Salvadora angustifolia tree savanna", "AREA_HA": 5759.947, "PERIMETER_": 63.979, "PERIMETE_1": 63.979 }, "geometry": { "type": "MultiPolygon", "coordinates": [ [ [ [ 31.146843192203566, -22.41910600473982 ], [ 31.14579025640959, -22.416475010528085 ], [ 31.143715418624321, -22.411809390338863 ], [ 31.143223812000645, -22.407143886865889 ], [ 31.142856653084536, -22.403346761568031 ], [ 31.142731414472518, -22.400347119433167 ], [ 31.141872394929671, -22.397754457345687 ], [ 31.142489440419524, -22.395169727657755 ], [ 31.144931070919043, -22.393400644686846 ], [ 31.146455761044571, -22.393400070466861 ], [ 31.147305683835, -22.393752981085289 ], [ 31.150057358336312, -22.394967521003846 ], [ 31.151704359973657, -22.395266313193591 ], [ 31.153359838500219, -22.394924000619334 ], [ 31.15665504574627, -22.393959189061338 ], [ 31.160680001134665, -22.39288521072389 ], [ 31.164224743242993, -22.391399289888085 ], [ 31.166727158856631, -22.390894863761037 ], [ 31.1686834580427, -22.39130535884215 ], [ 31.169723967325044, -22.391940268535933 ], [ 31.170644089995452, -22.393612356720059 ], [ 31.170400434207593, -22.395162903964973 ], [ 31.16929836833928, -22.397001748888862 ], [ 31.166067212927814, -22.399006090047415 ], [ 31.163256743393003, -22.400030783978526 ], [ 31.160626932226098, -22.401346468071544 ], [ 31.158677766948639, -22.402597615892681 ], [ 31.157638818556364, -22.404789287463974 ], [ 31.156661140114483, -22.407487372421262 ], [ 31.156665253659959, -22.409383882289013 ], [ 31.15825796734882, -22.413077570933485 ], [ 31.160579051867732, -22.413835507036012 ], [ 31.163083968730113, -22.414649686162232 ], [ 31.16534684124284, -22.41540689454515 ], [ 31.170714018465652, -22.416461147903082 ], [ 31.17413743812838, -22.415380054263952 ], [ 31.179943361559744, -22.413332349005913 ], [ 31.185554197933723, -22.411336419538529 ], [ 31.189831991458178, -22.409515006587629 ], [ 31.193986493287948, -22.408206857733525 ], [ 31.197897536270521, -22.408449201687297 ], [ 31.201981825985239, -22.408061213724761 ], [ 31.206322390729643, -22.408136544560595 ], [ 31.21109130385857, -22.408893824197531 ], [ 31.215176559783846, -22.409950469096572 ], [ 31.220921758475505, -22.409562276822868 ], [ 31.226417997631529, -22.408891184196399 ], [ 31.234240227452528, -22.407080328732416 ], [ 31.237965290643778, -22.405134153481452 ], [ 31.241986302047216, -22.40204415798819 ], [ 31.244249666737439, -22.399693582573349 ], [ 31.246387445212537, -22.398831740542619 ], [ 31.247910003109634, -22.3990108103885 ], [ 31.248643366309288, -22.400165708497198 ], [ 31.252072999478173, -22.404727421864294 ], [ 31.254096014768194, -22.407612154289151 ], [ 31.255311226631829, -22.409855966155082 ], [ 31.2565371825659, -22.411241929473071 ], [ 31.256236830604156, -22.412737854822087 ], [ 31.255686455606913, -22.414809071440988 ], [ 31.256418284469817, -22.416876066486282 ], [ 31.258931806397765, -22.417056704471797 ], [ 31.267484262123155, -22.420598553023872 ], [ 31.275859105517302, -22.42361426529984 ], [ 31.277695378355606, -22.424374414309586 ], [ 31.279404738305992, -22.425187378489134 ], [ 31.283987352476036, -22.426175380430941 ], [ 31.286980587028911, -22.426071689621949 ], [ 31.289303630874453, -22.42596084532682 ], [ 31.290343282176355, -22.424355265274567 ], [ 31.290393006837011, -22.421881235218713 ], [ 31.288989289754177, -22.419111847773529 ], [ 31.288802923370049, -22.417673908528045 ], [ 31.287327114723595, -22.414452184257662 ], [ 31.283963720486661, -22.411499412236861 ], [ 31.281636727713927, -22.408792412165926 ], [ 31.275039098038533, -22.404278772980863 ], [ 31.272046121827437, -22.402828905301423 ], [ 31.268012134952023, -22.400744682687378 ], [ 31.26507717171128, -22.398545727778849 ], [ 31.263052191381529, -22.396591313620799 ], [ 31.263236281767039, -22.394281313455831 ], [ 31.263723807674818, -22.392561596814041 ], [ 31.262802138237909, -22.390140375294056 ], [ 31.261025613805096, -22.38852276392187 ], [ 31.25962499231192, -22.388697350267737 ], [ 31.258400725555806, -22.388747387576871 ], [ 31.258099260330869, -22.386441196141149 ], [ 31.259005912169968, -22.384599571497361 ], [ 31.258515192746589, -22.381893971391698 ], [ 31.257959035877363, -22.379765659659395 ], [ 31.257228124859367, -22.377635463850179 ], [ 31.257409637744445, -22.374756478050227 ], [ 31.257341218596125, -22.372452793796612 ], [ 31.258139135051966, -22.369977813717888 ], [ 31.258861085506457, -22.36814322376344 ], [ 31.259869279001496, -22.365932397634602 ], [ 31.260607234133385, -22.364368904410281 ], [ 31.261382118359201, -22.364521729419373 ], [ 31.264499748708282, -22.365241561590459 ], [ 31.26712728994006, -22.366335399074206 ], [ 31.268128164651859, -22.367059578551224 ], [ 31.268896039749748, -22.367781260032793 ], [ 31.270442640283758, -22.369920132635126 ], [ 31.273074839419802, -22.373795545738048 ], [ 31.274456863406101, -22.376691251104226 ], [ 31.275279061646341, -22.380890505664549 ], [ 31.276126201198863, -22.385433208793906 ], [ 31.277584512476245, -22.388456143278969 ], [ 31.278793190165423, -22.391250629219638 ], [ 31.28069381102388, -22.393853780496425 ], [ 31.282879613756002, -22.396965690489512 ], [ 31.284689438613491, -22.3998568360213 ], [ 31.286674217905297, -22.403535536396344 ], [ 31.290458394036314, -22.407016511466129 ], [ 31.293877010213421, -22.409427859025467 ], [ 31.298622986005515, -22.412124059800668 ], [ 31.301558950060389, -22.415108175137281 ], [ 31.305498886058459, -22.41861755987215 ], [ 31.309635024750634, -22.421984409943974 ], [ 31.309326385057592, -22.422604338801698 ], [ 31.307605006904581, -22.423570721430561 ], [ 31.307399942727404, -22.423658885399622 ], [ 31.314778732919162, -22.445700159185346 ], [ 31.310003335167231, -22.447718384358886 ], [ 31.306514071494064, -22.44782630587672 ], [ 31.303509387786537, -22.447234809316118 ], [ 31.300565850788871, -22.445614340754524 ], [ 31.295726462005746, -22.444109281898452 ], [ 31.291321533122069, -22.443629209602189 ], [ 31.285312432104067, -22.442454644809033 ], [ 31.280656079702126, -22.442676046095681 ], [ 31.275885607168551, -22.441911696742022 ], [ 31.271049862051289, -22.441715471798229 ], [ 31.266934585242016, -22.440614695690329 ], [ 31.262525269900166, -22.439727399941248 ], [ 31.258666765791268, -22.43908073789558 ], [ 31.254254181859835, -22.437687444798399 ], [ 31.25033141605374, -22.436750898696157 ], [ 31.245128876554919, -22.436387372596005 ], [ 31.24201201650207, -22.43626315074259 ], [ 31.238464814898698, -22.436368980791297 ], [ 31.234850988601707, -22.435597994597742 ], [ 31.231228753950422, -22.434727496200406 ], [ 31.227988673547419, -22.434366849773411 ], [ 31.223881043303098, -22.434240434149803 ], [ 31.220765242703283, -22.434802171080999 ], [ 31.217531639261907, -22.436979088484875 ], [ 31.215021113769076, -22.438062156144252 ], [ 31.213490913287423, -22.439210220872678 ], [ 31.212400109963134, -22.440182517512998 ], [ 31.211484135413954, -22.441156743164349 ], [ 31.210081656044434, -22.442188784839058 ], [ 31.208794820424743, -22.442535746064419 ], [ 31.208115562204043, -22.442474020729104 ], [ 31.206706196930799, -22.441772017671443 ], [ 31.206172845996015, -22.440185679947835 ], [ 31.20401568643037, -22.437958149343515 ], [ 31.204137229227111, -22.436063009012422 ], [ 31.204567492227294, -22.434333858124319 ], [ 31.203338810478698, -22.432432727551138 ], [ 31.200456224731841, -22.432987633974683 ], [ 31.197760381781741, -22.433372985200311 ], [ 31.194573505302493, -22.434168220969138 ], [ 31.192185521271426, -22.434782691194698 ], [ 31.188020523396933, -22.434591504610221 ], [ 31.183060566567146, -22.435023425437937 ], [ 31.178838777036404, -22.435463520802461 ], [ 31.175405463042296, -22.435036428457874 ], [ 31.172649815102535, -22.434047995106386 ], [ 31.170377120315216, -22.432532173171627 ], [ 31.168415990879584, -22.430965671515562 ], [ 31.16486053807974, -22.428757912276243 ], [ 31.160201526542561, -22.427007111541062 ], [ 31.156153074647708, -22.42537152362685 ], [ 31.153460301464648, -22.425530402281382 ], [ 31.15153765528585, -22.425481314705863 ], [ 31.148422664063137, -22.423052486700072 ], [ 31.146843192203566, -22.41910600473982 ] ] ] ] } },
{ "type": "Feature", "properties": { "OBJECTID": 11, "LSCAP_ID": 35, "ZONE10": 8, "ZONE17": 16, "Z17CODE": "M", "LANDSCAPE": "Salvadora angustifolia floodplains", "LABEL": "35: Salvadora angustifolia floodplains", "ALLIANCES_": 16, "ALLIANCES": "16: Alluvial plains with Faidherbia albida or Salvadora angustifolia tree savanna", "AREA_HA": 16621.105, "PERIMETER_": 202.461, "PERIMETE_1": 202.473 }, "geometry": { "type": "MultiPolygon", "coordinates": [ [ [ [ 31.261046633071789, -22.984568745999855 ], [ 31.262897428282592, -22.983993032948639 ], [ 31.265538135035175, -22.983425946882676 ], [ 31.26934700975821, -22.983034130483439 ], [ 31.272600685100233, -22.98258198561879 ], [ 31.274075555051301, -22.982417446549825 ], [ 31.275299045136961, -22.982078575932334 ], [ 31.278794490116567, -22.980247248751919 ], [ 31.282169557381334, -22.979444026133969 ], [ 31.289180702387508, -22.981885908858963 ], [ 31.291279417424658, -22.984075913210557 ], [ 31.294546461386055, -22.986441026110761 ], [ 31.29860259620277, -22.989672467688223 ], [ 31.302244894322747, -22.993251574755554 ], [ 31.307410594976506, -22.996711434659655 ], [ 31.31196837645507, -22.999658938507537 ], [ 31.314428395224098, -23.002656247498891 ], [ 31.317515478525973, -23.00622912278352 ], [ 31.317770579297111, -23.008471451298185 ], [ 31.32109729908473, -23.013193713253802 ], [ 31.323746176826184, -23.015154364065317 ], [ 31.32670160651946, -23.017578782740785 ], [ 31.330700525131959, -23.019255579035629 ], [ 31.334576168890894, -23.020651027768508 ], [ 31.34429731943715, -23.023543553120639 ], [ 31.349711959732709, -23.02597522052794 ], [ 31.355254397245695, -23.028344823980433 ], [ 31.357908282585186, -23.031569303563504 ], [ 31.360059771313836, -23.034391178898332 ], [ 31.363269962293259, -23.036817600818956 ], [ 31.367454671292631, -23.038549619667354 ], [ 31.372436086844537, -23.03976594437486 ], [ 31.376061938185153, -23.040923046848846 ], [ 31.379265357538927, -23.041506794568484 ], [ 31.38646429997765, -23.043359500753834 ], [ 31.38911112356082, -23.044804339398524 ], [ 31.392312243199765, -23.046417329663306 ], [ 31.393979388804816, -23.049017114631109 ], [ 31.394100999383454, -23.050282677862231 ], [ 31.394172537546023, -23.051656103215773 ], [ 31.396452364139616, -23.053620893241842 ], [ 31.398299736741045, -23.054199540374078 ], [ 31.398551662505763, -23.055177432509492 ], [ 31.400593622591362, -23.058286684714155 ], [ 31.405161990323574, -23.065656938037527 ], [ 31.405911972576984, -23.067443599785602 ], [ 31.406658675849766, -23.069510184304466 ], [ 31.407703789811066, -23.071931980262757 ], [ 31.409130300219005, -23.074294395409847 ], [ 31.410803921983064, -23.077228234746723 ], [ 31.412042450032921, -23.079814508874342 ], [ 31.414624925543009, -23.081836292238645 ], [ 31.417901966874954, -23.087070983414762 ], [ 31.421300021602409, -23.091159894108809 ], [ 31.424640976359832, -23.095139797595674 ], [ 31.428590573876047, -23.099685618225468 ], [ 31.432345594081934, -23.102513531723559 ], [ 31.436227327051075, -23.104529829189453 ], [ 31.442633897617931, -23.106038146340268 ], [ 31.445897788932278, -23.106621217304493 ], [ 31.454206833833265, -23.109972068555759 ], [ 31.455753035567515, -23.11221787539781 ], [ 31.458344566465446, -23.115268619259115 ], [ 31.459786966054551, -23.121487032937782 ], [ 31.459618734067242, -23.124248886260279 ], [ 31.460430240238754, -23.126722282889521 ], [ 31.460990984871167, -23.129780245529194 ], [ 31.464666811259395, -23.139696035312522 ], [ 31.467256353514085, -23.141265545552898 ], [ 31.474644660081548, -23.143369210244444 ], [ 31.478283267080762, -23.14632141891007 ], [ 31.481744941468055, -23.148522265776862 ], [ 31.486545869891195, -23.149751522539685 ], [ 31.494546199115391, -23.151345389180662 ], [ 31.498495755905786, -23.152746775418823 ], [ 31.504483472173156, -23.157951469425718 ], [ 31.511044710177195, -23.166096495122627 ], [ 31.517109897678687, -23.174119196802625 ], [ 31.526930845520173, -23.1826826268044 ], [ 31.537295144715294, -23.187213598769205 ], [ 31.539689135787643, -23.187163581791815 ], [ 31.541838454745868, -23.186253297319006 ], [ 31.545043187024014, -23.18621070766849 ], [ 31.547656872657921, -23.192954072818267 ], [ 31.54797575991984, -23.195088381660931 ], [ 31.548009281433114, -23.201934345181776 ], [ 31.548277124169648, -23.20608213855467 ], [ 31.548539777307091, -23.208902296452717 ], [ 31.549904013130341, -23.211958395747729 ], [ 31.551394900345233, -23.214148656548762 ], [ 31.551295788719312, -23.218807840441073 ], [ 31.549900334693124, -23.222253919884839 ], [ 31.544360972720565, -23.223042620424351 ], [ 31.541514445703726, -23.220613945026734 ], [ 31.537534496832158, -23.211907057654141 ], [ 31.536959040527474, -23.206428819285261 ], [ 31.533724827067903, -23.201070315023365 ], [ 31.530318874849407, -23.19535793212281 ], [ 31.526047849840705, -23.190161190084783 ], [ 31.5204977484659, -23.187598448512357 ], [ 31.518582555981787, -23.185864515615833 ], [ 31.509386613811802, -23.180873791087617 ], [ 31.505737688439222, -23.176946786428861 ], [ 31.499063224012303, -23.170182219951247 ], [ 31.494119005232534, -23.165095667201463 ], [ 31.488814030775213, -23.162597430836872 ], [ 31.482345075133601, -23.16026843382879 ], [ 31.475263722569064, -23.158565426457915 ], [ 31.472364497329249, -23.155846088186522 ], [ 31.4693345216305, -23.152610661755539 ], [ 31.465148379732259, -23.151432028105599 ], [ 31.461394293372237, -23.151765684288623 ], [ 31.457083277614345, -23.150414031836448 ], [ 31.452148000805845, -23.148153035421778 ], [ 31.448080933041552, -23.145141841624454 ], [ 31.446587352077731, -23.140006563627484 ], [ 31.446753185300047, -23.137479523863369 ], [ 31.445997087625919, -23.132757899892262 ], [ 31.445353693872107, -23.125039095394236 ], [ 31.442568009367463, -23.121056037481186 ], [ 31.439856413937463, -23.120812494004682 ], [ 31.436418744951933, -23.121717671586183 ], [ 31.430453888472744, -23.121631329635893 ], [ 31.426946102169676, -23.120169493102374 ], [ 31.425089634756759, -23.116935953359597 ], [ 31.421869693179765, -23.113417832657866 ], [ 31.413367811384006, -23.109918870834207 ], [ 31.408021959892988, -23.109548939019319 ], [ 31.402551137539263, -23.110667656477471 ], [ 31.398129524440662, -23.113864903315811 ], [ 31.393349740173289, -23.115965635716982 ], [ 31.388755432833573, -23.122962816269791 ], [ 31.388099856184695, -23.127164476961546 ], [ 31.386530552819018, -23.135095534695079 ], [ 31.384214315392001, -23.140147114724314 ], [ 31.379502881416578, -23.147025344715061 ], [ 31.375203552076382, -23.149654174666328 ], [ 31.371696496228115, -23.149744400998344 ], [ 31.367083076340911, -23.150066916385637 ], [ 31.359781964797037, -23.153765912408996 ], [ 31.351395393036253, -23.166321302970399 ], [ 31.348703262260397, -23.171603115930516 ], [ 31.345328925941434, -23.175152850251781 ], [ 31.330530483994316, -23.183060919219102 ], [ 31.32026617260674, -23.186807745798053 ], [ 31.314303963806879, -23.187863775771909 ], [ 31.30470808727949, -23.187345286085993 ], [ 31.299354989642822, -23.188118328048411 ], [ 31.296465041900312, -23.18954097203444 ], [ 31.289026583481576, -23.192205515531001 ], [ 31.283189643858435, -23.194128622596903 ], [ 31.271998313697143, -23.196877757064019 ], [ 31.268742206936825, -23.199388516822722 ], [ 31.265673977551682, -23.203228734514521 ], [ 31.263894933893869, -23.205575054215902 ], [ 31.261108515963201, -23.208000516971403 ], [ 31.257097488802998, -23.209924718778357 ], [ 31.255869628603172, -23.210434861582851 ], [ 31.253286890261702, -23.211453705914302 ], [ 31.25083180334649, -23.211670230679236 ], [ 31.247632657583637, -23.21125533688943 ], [ 31.246887809128587, -23.209188131794878 ], [ 31.247683553166809, -23.20510628564217 ], [ 31.249763273737916, -23.199196544428091 ], [ 31.250861521973057, -23.195127065697864 ], [ 31.252953797696275, -23.190481644270047 ], [ 31.255035493092894, -23.186639766841171 ], [ 31.258166765641636, -23.183956326789897 ], [ 31.26671120195828, -23.181124825125607 ], [ 31.270775773694524, -23.180275526131197 ], [ 31.272803449548874, -23.179828209682704 ], [ 31.277588816750391, -23.177604985971008 ], [ 31.28048525156375, -23.175668021257614 ], [ 31.280913769541616, -23.174236864349957 ], [ 31.281022579855218, -23.174129687422617 ], [ 31.286647604665429, -23.171138717113333 ], [ 31.287877749010271, -23.169644013974548 ], [ 31.289099591824307, -23.168031813498779 ], [ 31.292783802128842, -23.166328920742338 ], [ 31.294995383166135, -23.1659916629309 ], [ 31.297646402046759, -23.165659124552345 ], [ 31.303554585441457, -23.168043722660496 ], [ 31.318745443223548, -23.168576903447693 ], [ 31.328509396867013, -23.163325716403914 ], [ 31.332435645128157, -23.16017050515924 ], [ 31.334831493933358, -23.158344577080168 ], [ 31.337209262286386, -23.153231270821731 ], [ 31.356098102128698, -23.137120068233994 ], [ 31.359351744536166, -23.136160588486117 ], [ 31.362230923701681, -23.133869632626404 ], [ 31.36513039373764, -23.119423448426627 ], [ 31.364078088105597, -23.117633479862299 ], [ 31.362660456362924, -23.116986618207097 ], [ 31.362109494155572, -23.117333097004508 ], [ 31.359534756412653, -23.118706103607497 ], [ 31.355790420595987, -23.120708057753966 ], [ 31.348353379155267, -23.1228609307454 ], [ 31.341902616396993, -23.122603594434022 ], [ 31.334936816716912, -23.118195488074203 ], [ 31.332594384402778, -23.115759558867477 ], [ 31.329634692201275, -23.11350670698922 ], [ 31.325025551407222, -23.115155593049465 ], [ 31.322755162414168, -23.117154327246848 ], [ 31.320611068485228, -23.118413859897498 ], [ 31.314230019918305, -23.122761744613914 ], [ 31.296717864190924, -23.126312210612763 ], [ 31.292298163128603, -23.128359484711023 ], [ 31.290080040355516, -23.127721370886572 ], [ 31.288234776570654, -23.127710379235886 ], [ 31.280906080555507, -23.1289220027925 ], [ 31.273602224843565, -23.131235264755773 ], [ 31.271447682017811, -23.131735421848919 ], [ 31.268557915695528, -23.133220822164986 ], [ 31.264561258072636, -23.135732480946963 ], [ 31.26247052537525, -23.137334921075482 ], [ 31.26020339458444, -23.139739088334711 ], [ 31.257246660675428, -23.142605173479126 ], [ 31.25503260828205, -23.144666688812517 ], [ 31.252760724337069, -23.146664315371915 ], [ 31.24950545118741, -23.149183773305797 ], [ 31.246488149823541, -23.150667317767773 ], [ 31.244214513911171, -23.152032666054794 ], [ 31.242423774742473, -23.15231069892118 ], [ 31.240585599654761, -23.153229333301383 ], [ 31.238185598537775, -23.1552885106079 ], [ 31.236529947553549, -23.157924890703804 ], [ 31.234807354950696, -23.159702622144934 ], [ 31.232409473984859, -23.160840635356596 ], [ 31.230494576930816, -23.162381368937311 ], [ 31.22889743567881, -23.162778807666108 ], [ 31.226807520441774, -23.163513831662325 ], [ 31.225016229334145, -23.160856819702865 ], [ 31.227072366189731, -23.158234113503102 ], [ 31.224759103782617, -23.156654855067298 ], [ 31.225000456643695, -23.154643828132397 ], [ 31.226105074685151, -23.151595012356228 ], [ 31.228808778914818, -23.148726714181521 ], [ 31.231142694591085, -23.14649536241819 ], [ 31.233854236701067, -23.14450299205107 ], [ 31.23612338849642, -23.14273137721927 ], [ 31.236493068661989, -23.141344847109842 ], [ 31.237413335682845, -23.138176471807494 ], [ 31.238513802707043, -23.136906468970487 ], [ 31.242445641976296, -23.135659021987848 ], [ 31.245889162251562, -23.135164589038904 ], [ 31.24767448033181, -23.134534260382974 ], [ 31.250372111457267, -23.13207184476369 ], [ 31.250423735191621, -23.129598097328071 ], [ 31.249607790713107, -23.12475779408954 ], [ 31.253286650730839, -23.120391760601937 ], [ 31.256359499812916, -23.119838788183831 ], [ 31.261037550570446, -23.121245000257627 ], [ 31.264489265727544, -23.121599088095724 ], [ 31.268464167001419, -23.11770551027638 ], [ 31.269447613732428, -23.116388828434427 ], [ 31.273373752481497, -23.110941335202945 ], [ 31.278543590937101, -23.112054398468072 ], [ 31.279535099995915, -23.113157903235678 ], [ 31.283046173484632, -23.114207572241614 ], [ 31.284818530916251, -23.112258204683453 ], [ 31.284449751192604, -23.109779837745602 ], [ 31.283821222330886, -23.107768230892095 ], [ 31.286464507419133, -23.105647698659357 ], [ 31.290095299936691, -23.10802599142011 ], [ 31.295327307613491, -23.108859232789975 ], [ 31.300742839582554, -23.108303574780347 ], [ 31.304185182481739, -23.107058270861387 ], [ 31.306822744800328, -23.106147416718873 ], [ 31.312663010440478, -23.102841565706903 ], [ 31.319726332851783, -23.10085795004753 ], [ 31.326000457728661, -23.100310542223198 ], [ 31.33209612994921, -23.102352797152147 ], [ 31.337213516238879, -23.105368862924283 ], [ 31.342957253228384, -23.113051187435467 ], [ 31.346598419413457, -23.115482526998317 ], [ 31.352426988077422, -23.113096189168459 ], [ 31.356231809737974, -23.110923351922381 ], [ 31.371403062941454, -23.102067971449582 ], [ 31.376864717453085, -23.100887019859812 ], [ 31.384601912956157, -23.097173456112053 ], [ 31.387733599004051, -23.094884549015934 ], [ 31.390971702597582, -23.088568895031653 ], [ 31.389469103890843, -23.081139236886479 ], [ 31.38734596649493, -23.072556311522387 ], [ 31.379811366681281, -23.062743957032975 ], [ 31.374812888650872, -23.058809366462771 ], [ 31.369933813516713, -23.053087755760092 ], [ 31.3619185495374, -23.046900067852061 ], [ 31.355275662726996, -23.043471646138606 ], [ 31.347698264591433, -23.041487153402819 ], [ 31.343825455878765, -23.040597747446625 ], [ 31.331091278176807, -23.037438575037459 ], [ 31.319831617411044, -23.035025559969664 ], [ 31.31417722995322, -23.033845588811623 ], [ 31.307657496814034, -23.033992701029405 ], [ 31.302187279375875, -23.036038215849185 ], [ 31.296414132366422, -23.037330728676338 ], [ 31.290764074571545, -23.038913334377781 ], [ 31.28646135274596, -23.041196660736187 ], [ 31.280695693160197, -23.043409778135278 ], [ 31.27498492585681, -23.046661785692315 ], [ 31.26787222954794, -23.051162488093649 ], [ 31.250514478176441, -23.064562151963266 ], [ 31.233484527827638, -23.072779949387726 ], [ 31.226490967529649, -23.074688259004102 ], [ 31.223354269546753, -23.076459074279498 ], [ 31.218383205226271, -23.078922534331493 ], [ 31.214577616418399, -23.079592949953437 ], [ 31.210940206859366, -23.079353118348767 ], [ 31.208045788348219, -23.077550367749076 ], [ 31.205392364174422, -23.075244610950413 ], [ 31.201320865281854, -23.070963105650794 ], [ 31.198790191379441, -23.068252284708446 ], [ 31.196141080587871, -23.065648438406498 ], [ 31.193426782874901, -23.062818050796928 ], [ 31.190960713854224, -23.061137303333048 ], [ 31.187324162637932, -23.060147455827735 ], [ 31.183883361568391, -23.05984607307656 ], [ 31.180371245588955, -23.059769549939812 ], [ 31.177732149900773, -23.059359871222821 ], [ 31.175269902041169, -23.058139474812389 ], [ 31.171388061172102, -23.057263829864411 ], [ 31.169670234562403, -23.056566681642309 ], [ 31.16799660775721, -23.054768348297731 ], [ 31.168360699311513, -23.053101987838613 ], [ 31.170847940227336, -23.048850487863042 ], [ 31.171519909699072, -23.0482261490776 ], [ 31.172382489312714, -23.047938127576309 ], [ 31.172804326175068, -23.047771430260319 ], [ 31.17360751029403, -23.047545926574077 ], [ 31.174828751708969, -23.047433608033586 ], [ 31.17637155703483, -23.046629664278964 ], [ 31.178211646833599, -23.045485982467312 ], [ 31.183502517088019, -23.043867238334364 ], [ 31.188474746101694, -23.044177132185933 ], [ 31.197143136830849, -23.048303714013255 ], [ 31.200776057998215, -23.051018066116757 ], [ 31.208151613201576, -23.057775237472093 ], [ 31.211601771092905, -23.060324744001235 ], [ 31.214609142226038, -23.063898634422134 ], [ 31.21750123447524, -23.065123290009897 ], [ 31.225389628021986, -23.065645544391092 ], [ 31.228317467279062, -23.065642281147063 ], [ 31.233668327652495, -23.062442225061385 ], [ 31.237558844439206, -23.059704304850243 ], [ 31.239979701250018, -23.055152868843628 ], [ 31.241922299555412, -23.050596066799766 ], [ 31.239965321371809, -23.04650157213554 ], [ 31.243045408316142, -23.045262540613319 ], [ 31.245560505384447, -23.043944934257521 ], [ 31.248075438638583, -23.042636313804799 ], [ 31.250652711363074, -23.041030335141084 ], [ 31.253232927036446, -23.039948110818909 ], [ 31.255072439415787, -23.039553017630087 ], [ 31.256671978761133, -23.040365341707947 ], [ 31.258523808431146, -23.041288795000575 ], [ 31.261040337273851, -23.040603080668888 ], [ 31.263063560015503, -23.039577778654245 ], [ 31.264721225492984, -23.038142065324124 ], [ 31.266678403977568, -23.036935378447414 ], [ 31.268212926335842, -23.03596786214985 ], [ 31.270053665089467, -23.034705671850229 ], [ 31.271271878810694, -23.032524571235104 ], [ 31.271450281625391, -23.031542192194866 ], [ 31.270621397980861, -23.026918526725765 ], [ 31.275793328279427, -23.027616147655841 ], [ 31.281621678744262, -23.024256973061778 ], [ 31.288434936939638, -23.020140622536125 ], [ 31.294464275742193, -23.020919141451763 ], [ 31.300853167216882, -23.021818693449049 ], [ 31.305345266082792, -23.021487579135311 ], [ 31.306875632214197, -23.019255325294672 ], [ 31.308645511176358, -23.015806472058102 ], [ 31.307220173499406, -23.012756926527548 ], [ 31.306297270080716, -23.010101065873251 ], [ 31.3049364287094, -23.006582598146814 ], [ 31.302526202441641, -23.005075744028211 ], [ 31.297795570259016, -23.005801589489021 ], [ 31.291223444030095, -23.006344873919055 ], [ 31.284828745126653, -23.005968682726465 ], [ 31.279663382054132, -23.004043304955815 ], [ 31.27762587462448, -23.003172277458155 ], [ 31.274982984195962, -23.002348814114601 ], [ 31.270128984243385, -23.003569166457034 ], [ 31.267123278172399, -23.00136896486524 ], [ 31.266266178549696, -23.000501679817145 ], [ 31.26522545028849, -23.000264517575943 ], [ 31.263938582015996, -23.000205261202158 ], [ 31.262768755929194, -23.000147278535124 ], [ 31.261730389514206, -23.000488074167695 ], [ 31.261417471665709, -23.000547852486616 ], [ 31.259517094470358, -23.001168143119283 ], [ 31.25902780194594, -23.00128919146978 ], [ 31.25791950547756, -23.000997055416743 ], [ 31.256945557908811, -23.000877970742437 ], [ 31.25583424771699, -23.000062017143055 ], [ 31.253477083973983, -22.999792211925168 ], [ 31.250695606049373, -22.99763030977973 ], [ 31.249702823055582, -22.995948696959495 ], [ 31.249022651379057, -22.993475850995182 ], [ 31.25031055535468, -22.991178273748368 ], [ 31.251719266904026, -22.989342572957291 ], [ 31.253927520606595, -22.986766138362924 ], [ 31.261046633071789, -22.984568745999855 ] ] ] ] } },
{ "type": "Feature", "properties": { "OBJECTID": 23, "LSCAP_ID": 31, "ZONE10": 9, "ZONE17": 14, "Z17CODE": "I", "LANDSCAPE": "Lebombo North", "LABEL": "31: Lebombo North", "ALLIANCES_": 14, "ALLIANCES": "14: Basaltic plains or rhyolite mountains with Combretum apiculatim or Colophospermum mopane bush savanna", "AREA_HA": 2133.359, "PERIMETER_": 24.532, "PERIMETE_1": 24.534 }, "geometry": { "type": "MultiPolygon", "coordinates": [ [ [ [ 31.435426916587737, -22.869993129030718 ], [ 31.429485832183584, -22.85862749394968 ], [ 31.425774166075691, -22.850905251145807 ], [ 31.419094991897939, -22.838619825985155 ], [ 31.41834402250997, -22.834467041787377 ], [ 31.418508106729888, -22.830386561623591 ], [ 31.421117490995446, -22.823783528208672 ], [ 31.422284997465233, -22.822232691193385 ], [ 31.426037700802699, -22.818684404337894 ], [ 31.428485957031597, -22.816730724420331 ], [ 31.432369060361896, -22.814529217949225 ], [ 31.437380635332055, -22.812456086214087 ], [ 31.469252773775906, -22.907594484681262 ], [ 31.4690862510543, -22.907665130251964 ], [ 31.468890282101896, -22.907753554399552 ], [ 31.465730804601204, -22.906964442508446 ], [ 31.459931941812254, -22.903368073933933 ], [ 31.456000306138648, -22.901912006441101 ], [ 31.451754997636289, -22.89975738300069 ], [ 31.447870376873929, -22.896757238700491 ], [ 31.444414542082935, -22.892072363332062 ], [ 31.441160153459649, -22.878303976894099 ], [ 31.435426916587737, -22.869993129030718 ] ] ] ] } },
{ "type": "Feature", "properties": { "OBJECTID": 24, "LSCAP_ID": 31, "ZONE10": 9, "ZONE17": 14, "Z17CODE": "I", "LANDSCAPE": "Lebombo North", "LABEL": "31: Lebombo North", "ALLIANCES_": 14, "ALLIANCES": "14: Basaltic plains or rhyolite mountains with Combretum apiculatim or Colophospermum mopane bush savanna", "AREA_HA": 53227.407, "PERIMETER_": 235.656, "PERIMETE_1": 235.713 }, "geometry": { "type": "MultiPolygon", "coordinates": [ [ [ [ 31.556634023871148, -23.252145908742904 ], [ 31.551901847041009, -23.318264354152578 ], [ 31.548703030734785, -23.412744469178911 ], [ 31.54953059637327, -23.420311081916925 ], [ 31.561736434182052, -23.48155461348243 ], [ 31.580276705954375, -23.501087013449144 ], [ 31.661460719854571, -23.584801924213963 ], [ 31.69110148649467, -23.626317764999119 ], [ 31.697197796279955, -23.722297177370063 ], [ 31.710316943461176, -23.750755564364603 ], [ 31.750039712723524, -23.84239511610955 ], [ 31.768652992559943, -23.88520760718735 ], [ 31.880812108790206, -23.952994661868363 ], [ 31.8862685474197, -24.000718887169729 ], [ 31.899072975351483, -24.105057411143985 ], [ 31.897269537406281, -24.105405649586181 ], [ 31.896914983634968, -24.105448245839149 ], [ 31.893668282654325, -24.10658977817058 ], [ 31.892535171003299, -24.107927193587244 ], [ 31.890637830453329, -24.111173629658239 ], [ 31.889553258266869, -24.114859436749576 ], [ 31.889074330844842, -24.117908436853529 ], [ 31.891495417775332, -24.12583719101368 ], [ 31.89207544275099, -24.129327368247633 ], [ 31.893202056662801, -24.137914989314375 ], [ 31.894817068493776, -24.1458017174389 ], [ 31.895456729131155, -24.151531994794723 ], [ 31.895128746986469, -24.161057303319176 ], [ 31.898717035538532, -24.178774922070854 ], [ 31.897184469195864, -24.184137262369436 ], [ 31.896099894699194, -24.185475023573709 ], [ 31.893233108682299, -24.186845000743304 ], [ 31.887934551821541, -24.184810600311994 ], [ 31.884780213449211, -24.181879597366549 ], [ 31.882632956646148, -24.177492905774915 ], [ 31.88162914315912, -24.174071854853313 ], [ 31.882695048283072, -24.164705554287199 ], [ 31.880745273263624, -24.158026422958571 ], [ 31.876972472790932, -24.152751719855875 ], [ 31.870662956194547, -24.147232404841212 ], [ 31.865841272654386, -24.139339736114778 ], [ 31.861453199539625, -24.131441127772728 ], [ 31.857826041052288, -24.116585236938111 ], [ 31.856161363615595, -24.109040970630925 ], [ 31.854689517005927, -24.10195870891916 ], [ 31.853478734953253, -24.097614771064869 ], [ 31.850470281173862, -24.09078283346183 ], [ 31.847090016624801, -24.085961941665776 ], [ 31.844461862677115, -24.081760769977897 ], [ 31.842914472565194, -24.076619485583521 ], [ 31.841866764696157, -24.071707743926432 ], [ 31.83999437469134, -24.065543470648539 ], [ 31.838709281026251, -24.060801495419909 ], [ 31.838700336896508, -24.05523834839213 ], [ 31.838534048664023, -24.050766752458873 ], [ 31.837940708293093, -24.046761524389229 ], [ 31.836878416344437, -24.043511334175918 ], [ 31.836278491284457, -24.039153840056571 ], [ 31.832027326885946, -24.034064123118622 ], [ 31.825897219662465, -24.028029713685093 ], [ 31.819834727902624, -24.024343645403967 ], [ 31.814918060461384, -24.020115324422292 ], [ 31.81178508311562, -24.015467208561187 ], [ 31.8056696860268, -24.012294958933211 ], [ 31.799677453653377, -24.00647737139828 ], [ 31.793385396322623, -24.001244213911249 ], [ 31.787134085754513, -23.994864205146275 ], [ 31.783071003726768, -23.989991437823896 ], [ 31.778736061093525, -23.983752735957687 ], [ 31.773431930375537, -23.972999744938502 ], [ 31.769836381059701, -23.969728861601954 ], [ 31.763446353965637, -23.962714673323738 ], [ 31.758264205451752, -23.956884027875976 ], [ 31.753372412375828, -23.950540814763574 ], [ 31.749567169985205, -23.943655422053801 ], [ 31.743443718284087, -23.939794408683365 ], [ 31.736161408313265, -23.936926059326137 ], [ 31.72695084575134, -23.935350882445846 ], [ 31.719030789755191, -23.928475789564075 ], [ 31.712053870630676, -23.922673856532679 ], [ 31.704089784537484, -23.916429824776081 ], [ 31.695010062877909, -23.912776809026372 ], [ 31.686875058674712, -23.909980238698466 ], [ 31.678270256998395, -23.905120194817108 ], [ 31.673836721498461, -23.89968162300055 ], [ 31.66944754841797, -23.893782747542112 ], [ 31.666919868784824, -23.888369497278184 ], [ 31.667032578551073, -23.885038120717574 ], [ 31.666485052869294, -23.877131450666809 ], [ 31.664728698127739, -23.870279924868012 ], [ 31.664314806771248, -23.862762722683133 ], [ 31.661620629627823, -23.855469545946324 ], [ 31.658894931176672, -23.846496324876977 ], [ 31.656438957341614, -23.836152730180558 ], [ 31.654233396727594, -23.828213476852639 ], [ 31.652005285547382, -23.816779075142385 ], [ 31.652208779561754, -23.809429773154719 ], [ 31.653460194968343, -23.802297322910594 ], [ 31.654414627992846, -23.795397063529133 ], [ 31.65338006339362, -23.782455873070614 ], [ 31.652568780901401, -23.773571466552436 ], [ 31.651749037908139, -23.761706790569868 ], [ 31.651307238657107, -23.750305972459824 ], [ 31.65027601195851, -23.739938546628078 ], [ 31.65045117747642, -23.73150522215315 ], [ 31.650156381622832, -23.723934753791845 ], [ 31.651538961074191, -23.714446293782359 ], [ 31.652153006970096, -23.706233503135937 ], [ 31.649744237873509, -23.697271883827867 ], [ 31.646279002464901, -23.688084253430656 ], [ 31.644597862116768, -23.678993455430231 ], [ 31.647447745758299, -23.671721361278326 ], [ 31.650566958338381, -23.665878435773298 ], [ 31.656004985701667, -23.661437302052523 ], [ 31.657967616034291, -23.655502884622894 ], [ 31.656741909369838, -23.644962117340175 ], [ 31.651267922823489, -23.636723479295163 ], [ 31.646636588453987, -23.630487869786734 ], [ 31.641630318587573, -23.626434351231833 ], [ 31.636684711059996, -23.625072445857967 ], [ 31.629118906783205, -23.622142962115781 ], [ 31.625792352453256, -23.615936359528845 ], [ 31.622528041406408, -23.607553783489713 ], [ 31.618111983789671, -23.599702757455162 ], [ 31.612842563452251, -23.591979462933914 ], [ 31.607719645799918, -23.585286847028119 ], [ 31.605810133507468, -23.582388849463051 ], [ 31.602382457916693, -23.580371244520098 ], [ 31.597312562064072, -23.573389800400044 ], [ 31.590224595364408, -23.563689668713518 ], [ 31.57235748869984, -23.541689911950197 ], [ 31.565229209508178, -23.530606644569964 ], [ 31.560960803091266, -23.517815614528022 ], [ 31.558519192760002, -23.507299124929368 ], [ 31.556781057457318, -23.497854765047823 ], [ 31.555453285065628, -23.493001892525434 ], [ 31.55139005266788, -23.484014542451433 ], [ 31.550259501573496, -23.480852243710146 ], [ 31.549253638890157, -23.461814746299147 ], [ 31.547526313807392, -23.447900070501625 ], [ 31.546190954249411, -23.439335336972139 ], [ 31.543477029313653, -23.427082140112404 ], [ 31.541281944813637, -23.419313096767954 ], [ 31.539755025432392, -23.407748240548155 ], [ 31.540102980230596, -23.391188697508962 ], [ 31.541972363506488, -23.381299151852527 ], [ 31.542372326797011, -23.375143740753948 ], [ 31.542967888430386, -23.370778284028042 ], [ 31.543012591848143, -23.366687653362316 ], [ 31.539841326637077, -23.360598282276861 ], [ 31.538910500295081, -23.358060911372405 ], [ 31.538320025187964, -23.350351944299408 ], [ 31.53649685625717, -23.343570679079082 ], [ 31.535174666871306, -23.336604430239284 ], [ 31.534108324496923, -23.332178282721383 ], [ 31.533700173259103, -23.324814175579121 ], [ 31.532511538487849, -23.319068341593042 ], [ 31.533663287262133, -23.314807442767574 ], [ 31.533623465039913, -23.305956645320705 ], [ 31.534334344967515, -23.299975703640861 ], [ 31.534300887534663, -23.29410520058309 ], [ 31.535256335306329, -23.287205357997667 ], [ 31.537389806612072, -23.281635025220442 ], [ 31.539643955175947, -23.276634734790441 ], [ 31.541725060994061, -23.274044100196889 ], [ 31.544097472570595, -23.268927423505573 ], [ 31.545380067604253, -23.265137212267671 ], [ 31.546464292126274, -23.260703938737244 ], [ 31.547619882486693, -23.255991347133477 ], [ 31.549820610455214, -23.254042897321582 ], [ 31.551391722866114, -23.25337103117144 ], [ 31.553521441082541, -23.252559796422133 ], [ 31.555381427215139, -23.252287920703953 ], [ 31.556634023871148, -23.252145908742904 ] ] ] ] } },
{ "type": "Feature", "properties": { "OBJECTID": 26, "LSCAP_ID": 20, "ZONE10": 6, "ZONE17": 12, "Z17CODE": "K", "LANDSCAPE": "Bangu Rugged Veld", "LABEL": "20: Bangu Rugged Veld", "ALLIANCES_": 12, "ALLIANCES": "12: Basaltic or gabbroic plains with Sclerocarya birrea tree savanna or Acacia nigriscens bush or shrub savanna", "AREA_HA": 20670.653, "PERIMETER_": 88.887, "PERIMETE_1": 88.912 }, "geometry": { "type": "MultiPolygon", "coordinates": [ [ [ [ 31.836878416344437, -24.043511334175918 ], [ 31.837940708293093, -24.046761524389229 ], [ 31.838534048664023, -24.050766752458873 ], [ 31.838700336896508, -24.05523834839213 ], [ 31.838709281026251, -24.060801495419909 ], [ 31.83999437469134, -24.065543470648539 ], [ 31.841866764696157, -24.071707743926432 ], [ 31.842914472565194, -24.076619485583521 ], [ 31.844461862677115, -24.081760769977897 ], [ 31.847090016624801, -24.085961941665776 ], [ 31.850470281173862, -24.09078283346183 ], [ 31.853478734953253, -24.097614771064869 ], [ 31.854689517005927, -24.10195870891916 ], [ 31.856161363615595, -24.109040970630925 ], [ 31.857826041052288, -24.116585236938111 ], [ 31.861453199539625, -24.131441127772728 ], [ 31.865841272654386, -24.139339736114778 ], [ 31.870662956194547, -24.147232404841212 ], [ 31.876972472790932, -24.152751719855875 ], [ 31.880745273263624, -24.158026422958571 ], [ 31.882695048283072, -24.164705554287199 ], [ 31.88162914315912, -24.174071854853313 ], [ 31.880104469250082, -24.175072128830397 ], [ 31.876939459393757, -24.176782787287678 ], [ 31.872333564810091, -24.17777831612888 ], [ 31.86772967056854, -24.176308283098095 ], [ 31.86378337135314, -24.173957987698071 ], [ 31.858924061267501, -24.174671265694933 ], [ 31.854685469086423, -24.175316803725671 ], [ 31.850497673166196, -24.175781988211064 ], [ 31.846071422259904, -24.176489085306969 ], [ 31.841995999025745, -24.176494311309469 ], [ 31.839446071796434, -24.175445408064238 ], [ 31.832539130989051, -24.170741804237881 ], [ 31.822290856738487, -24.165515441655302 ], [ 31.813973283086188, -24.16341003096688 ], [ 31.80774904520732, -24.163794985435207 ], [ 31.801696901659174, -24.163666282663662 ], [ 31.79702551878292, -24.162193621322775 ], [ 31.79417345045869, -24.158802629120729 ], [ 31.790581144080566, -24.15042074134977 ], [ 31.787811416375654, -24.145648584844636 ], [ 31.785067897203035, -24.144371494213779 ], [ 31.779321875175945, -24.144235338489519 ], [ 31.775266121778355, -24.147453911079872 ], [ 31.772790590696651, -24.150070995719989 ], [ 31.768517870911413, -24.154326161692019 ], [ 31.764349088608832, -24.161047417669216 ], [ 31.759833762060151, -24.170989672253569 ], [ 31.757928054204022, -24.176690571853065 ], [ 31.757035330501491, -24.180440049423336 ], [ 31.755794557348942, -24.18555933594261 ], [ 31.754560291261924, -24.19607897753448 ], [ 31.752110612887755, -24.201964961905929 ], [ 31.749963700186758, -24.208079145300275 ], [ 31.743816000182679, -24.214485440253529 ], [ 31.736038368573499, -24.22234992081707 ], [ 31.72998757575888, -24.227781106967949 ], [ 31.724356330211855, -24.232565351362311 ], [ 31.720453534647984, -24.231882395056839 ], [ 31.712500453865257, -24.232465524846354 ], [ 31.709174807095977, -24.233150765167871 ], [ 31.704840495548861, -24.235218043929038 ], [ 31.698279301450111, -24.245131681777455 ], [ 31.694920239981183, -24.251947972114728 ], [ 31.694196390629763, -24.258208872847035 ], [ 31.693732929785252, -24.262115062579163 ], [ 31.692780802351223, -24.266604023925471 ], [ 31.692471210829424, -24.271829964562148 ], [ 31.691728073078966, -24.277061199660384 ], [ 31.692008560820348, -24.28141626137463 ], [ 31.69124131413745, -24.288028925689645 ], [ 31.688591576075449, -24.296612018711059 ], [ 31.686412728920626, -24.295789491092691 ], [ 31.685090671113596, -24.292138819603878 ], [ 31.68220628478791, -24.290000725424765 ], [ 31.67669290010689, -24.289627713351415 ], [ 31.673929094440567, -24.290127375943293 ], [ 31.670863710932039, -24.291202290287647 ], [ 31.672746297191683, -24.287335705620936 ], [ 31.674679349561323, -24.285239478978326 ], [ 31.675995191997906, -24.27805376216515 ], [ 31.676084635293531, -24.268473331668844 ], [ 31.676107324156057, -24.261529176913314 ], [ 31.675444913508297, -24.248456453376619 ], [ 31.674800399638549, -24.242219873993058 ], [ 31.674498285889449, -24.23430661798464 ], [ 31.673618539632109, -24.230822250502975 ], [ 31.673643208791908, -24.204670385946169 ], [ 31.677830767351296, -24.188135916226734 ], [ 31.68486947658721, -24.180457693531448 ], [ 31.691965552449219, -24.174793404698391 ], [ 31.696743555099239, -24.17052676012738 ], [ 31.702771370216546, -24.164301929564282 ], [ 31.706831126044904, -24.160913822837337 ], [ 31.717282957464612, -24.154093670832548 ], [ 31.720934770119847, -24.149103313741421 ], [ 31.721417182136324, -24.146118225425845 ], [ 31.720682888662381, -24.140793042253637 ], [ 31.719661085652884, -24.136675545664573 ], [ 31.716515645649007, -24.126462599943078 ], [ 31.715405656027265, -24.118388921452873 ], [ 31.717485324946718, -24.112103014620317 ], [ 31.724575040164758, -24.106545297948184 ], [ 31.729917272367718, -24.105542237851878 ], [ 31.734272903294102, -24.101812582188597 ], [ 31.735989881694501, -24.096272914843439 ], [ 31.736953577118886, -24.092298340800635 ], [ 31.741890088386921, -24.084419104753913 ], [ 31.751197142504637, -24.079176287246661 ], [ 31.757752873434757, -24.07969927903974 ], [ 31.772325352288426, -24.088477490680329 ], [ 31.781018516529048, -24.085648157485661 ], [ 31.795020873313263, -24.077793937118084 ], [ 31.801089765635606, -24.073570030182655 ], [ 31.808972313511148, -24.06781571515906 ], [ 31.825201482869328, -24.058034260841527 ], [ 31.831223462576979, -24.052264432739012 ], [ 31.835330184951438, -24.046172734832602 ], [ 31.836878416344437, -24.043511334175918 ] ] ] ] } },
{ "type": "Feature", "properties": { "OBJECTID": 28, "LSCAP_ID": 25, "ZONE10": 8, "ZONE17": 15, "Z17CODE": "L", "LANDSCAPE": "Adansonia digitata / Colophospermum mopane Rugged Veld", "LABEL": "25: Adansonia digitata / Colophospermum mopane Rugged Veld", "ALLIANCES_": 15, "ALLIANCES": "15: Basaltic or calcitic plains with Colophospermum mopane shrub savanna", "AREA_HA": 18893.3, "PERIMETER_": 107.567, "PERIMETE_1": 107.565 }, "geometry": { "type": "MultiPolygon", "coordinates": [ [ [ [ 31.159086175895695, -22.602243740235416 ], [ 31.155855564649471, -22.603091650444497 ], [ 31.152503000532956, -22.600687085635851 ], [ 31.150721605575637, -22.599348109727337 ], [ 31.148698890659581, -22.597148429898695 ], [ 31.149975489926344, -22.594047602499195 ], [ 31.15297983539303, -22.591192409108036 ], [ 31.153644417089339, -22.588030317944348 ], [ 31.149345898774602, -22.582941777406838 ], [ 31.147201135445609, -22.581887565054522 ], [ 31.146085310367397, -22.577341345392959 ], [ 31.146687089553911, -22.572336321312562 ], [ 31.147601327288331, -22.569411925889124 ], [ 31.147470979968976, -22.566069107530293 ], [ 31.147103585281695, -22.564457427980241 ], [ 31.144524163474916, -22.564662463448286 ], [ 31.145424613856779, -22.562767404712609 ], [ 31.147192118521065, -22.560015399702493 ], [ 31.147931093910177, -22.557829481930483 ], [ 31.147621479913752, -22.555532143431165 ], [ 31.147735694482016, -22.554260145289209 ], [ 31.14706153880886, -22.553051307567024 ], [ 31.146110448117078, -22.552922945776384 ], [ 31.144371413140142, -22.553553086080729 ], [ 31.142891398076646, -22.553716608699403 ], [ 31.142463141134893, -22.553025337247163 ], [ 31.142346273743854, -22.551588124789724 ], [ 31.142827936119435, -22.549742419511745 ], [ 31.144906787318664, -22.547689380444758 ], [ 31.14656771590175, -22.54562246392652 ], [ 31.147359504195588, -22.54384352748173 ], [ 31.147108354778243, -22.541537829487012 ], [ 31.145456559111498, -22.539288233291963 ], [ 31.143983156483824, -22.538241750731686 ], [ 31.14360854654597, -22.536449369306922 ], [ 31.145633409882706, -22.536237927259304 ], [ 31.147775591367193, -22.536705106306414 ], [ 31.149806898810294, -22.537468992904053 ], [ 31.152136545521845, -22.538462048158816 ], [ 31.153790879518031, -22.537605072237966 ], [ 31.15501463768063, -22.536228393819684 ], [ 31.156238484184346, -22.534111192402442 ], [ 31.157337388298721, -22.532615663357053 ], [ 31.157518287440375, -22.529971752930567 ], [ 31.157887453423058, -22.527790560107697 ], [ 31.157267527344302, -22.525426460149053 ], [ 31.156034605179268, -22.523109520274168 ], [ 31.154560674474869, -22.52137680214101 ], [ 31.152048319078897, -22.519523786062312 ], [ 31.150451723021664, -22.518250189034671 ], [ 31.147933193066294, -22.517598117766031 ], [ 31.147323506965343, -22.518855390446234 ], [ 31.147203477549965, -22.519838347627164 ], [ 31.147023121949143, -22.52024264980297 ], [ 31.146845340684465, -22.521911269150856 ], [ 31.145978514640973, -22.522768226134733 ], [ 31.144944453890751, -22.52304529067829 ], [ 31.14359340581354, -22.523038743294627 ], [ 31.142122475840203, -22.521820699134022 ], [ 31.141015755342607, -22.52026368659698 ], [ 31.139791710675606, -22.518759495380845 ], [ 31.139903836376597, -22.516918547601481 ], [ 31.139594201293519, -22.51536170523659 ], [ 31.140334261759005, -22.513807960308228 ], [ 31.142411545463943, -22.512558624428298 ], [ 31.145351815804798, -22.510732211307158 ], [ 31.14835690961845, -22.50914128192958 ], [ 31.149642598624041, -22.507476360385944 ], [ 31.149820900081373, -22.506494067983631 ], [ 31.14791936967557, -22.505505930577485 ], [ 31.146392006714372, -22.505614786736 ], [ 31.144800191565754, -22.506183448166514 ], [ 31.14345287590902, -22.506637513874278 ], [ 31.141735552638401, -22.5071414821806 ], [ 31.139586647394822, -22.50793845610734 ], [ 31.137445985494473, -22.508843862480528 ], [ 31.134260246161414, -22.509403000645957 ], [ 31.131258398024634, -22.510018392036443 ], [ 31.128493648497304, -22.510347503626519 ], [ 31.126295694472081, -22.510448369114531 ], [ 31.123473023226314, -22.510027183273472 ], [ 31.121936259291633, -22.50795030090072 ], [ 31.11942546282571, -22.506033614656278 ], [ 31.117520824307775, -22.503139650595887 ], [ 31.117336930564452, -22.501647462236061 ], [ 31.118497305351543, -22.499927157281533 ], [ 31.119965544088643, -22.498436199274732 ], [ 31.121313896980613, -22.498623511408702 ], [ 31.123037103901439, -22.501280524167949 ], [ 31.124136075636034, -22.502665972959381 ], [ 31.125669696953416, -22.503532701506359 ], [ 31.128188216547105, -22.503435564399261 ], [ 31.130139598711736, -22.502871244258504 ], [ 31.132594313760155, -22.501734778150986 ], [ 31.134735950216644, -22.500025718798227 ], [ 31.137060304166674, -22.497731750934676 ], [ 31.139267132237229, -22.495499601552076 ], [ 31.140243295126481, -22.493722808866188 ], [ 31.140365930231592, -22.491818761057264 ], [ 31.140115347515867, -22.490208415936667 ], [ 31.141411083739573, -22.489239027661291 ], [ 31.142750518519492, -22.489362839533786 ], [ 31.144898838600966, -22.489315342022955 ], [ 31.146129111537167, -22.489609451647816 ], [ 31.147532145962959, -22.489336606762148 ], [ 31.148146950374095, -22.488413515262714 ], [ 31.147471623541755, -22.487313042540393 ], [ 31.146551257981212, -22.485640817672369 ], [ 31.145265278144016, -22.484424944823932 ], [ 31.14311145451531, -22.483433863203402 ], [ 31.141400452174206, -22.483486385790751 ], [ 31.139681423421035, -22.483412368518685 ], [ 31.138026424483034, -22.483637083634513 ], [ 31.137045411929229, -22.482876204490783 ], [ 31.135759423862531, -22.481669291936615 ], [ 31.133973282915736, -22.47935484477458 ], [ 31.132870833767782, -22.477508862573345 ], [ 31.132744808697662, -22.47531296194451 ], [ 31.130424518621286, -22.475882090505642 ], [ 31.12932365181722, -22.477539982111132 ], [ 31.128276317769256, -22.479550679489734 ], [ 31.127118310561617, -22.481840030335302 ], [ 31.126443279102322, -22.483620241972776 ], [ 31.123994288039455, -22.485795215033974 ], [ 31.121611264648475, -22.485957097983508 ], [ 31.119397440095142, -22.485822911400366 ], [ 31.117930596633926, -22.485065281216034 ], [ 31.115474503073472, -22.484883059376454 ], [ 31.112349155080896, -22.485325100336755 ], [ 31.109411858249231, -22.486229842521666 ], [ 31.10769496033237, -22.487428810675759 ], [ 31.105613859809178, -22.48896663661975 ], [ 31.103223266316533, -22.490392423666631 ], [ 31.100342856478498, -22.492101373212112 ], [ 31.098014073661911, -22.492552513591285 ], [ 31.095993456508246, -22.49178814828084 ], [ 31.094583192977478, -22.490453028252688 ], [ 31.093361400543753, -22.488840183144546 ], [ 31.09372576718172, -22.486361116219733 ], [ 31.095008088129113, -22.485680933969185 ], [ 31.095924938624133, -22.484012101062572 ], [ 31.096360011672996, -22.482752973680185 ], [ 31.096109210919224, -22.48119676858559 ], [ 31.09457529000176, -22.480383959959013 ], [ 31.0920635189884, -22.480020119654945 ], [ 31.089920955713893, -22.479660616545981 ], [ 31.08814362789289, -22.479594392569755 ], [ 31.085751585893117, -22.479006114496578 ], [ 31.083117550961028, -22.478351711347138 ], [ 31.081522343218872, -22.477763816169134 ], [ 31.080601983137555, -22.476154474171608 ], [ 31.081029934720146, -22.474714700329102 ], [ 31.082680484356885, -22.473397834417046 ], [ 31.084701663586653, -22.471976987570191 ], [ 31.088005419602975, -22.470553266299337 ], [ 31.091072924650362, -22.470056815096068 ], [ 31.095235438061124, -22.47048532273287 ], [ 31.098060053368553, -22.469985867292877 ], [ 31.101491276961614, -22.469890847173421 ], [ 31.105779232518902, -22.468243539195878 ], [ 31.110370411092436, -22.467872971575485 ], [ 31.11368618393114, -22.466972615307107 ], [ 31.118339185333653, -22.465618206953071 ], [ 31.121402282503411, -22.46471473720058 ], [ 31.124522154226618, -22.465365130701102 ], [ 31.127285285557054, -22.466535098429002 ], [ 31.130592282254671, -22.468451838099131 ], [ 31.134524288507325, -22.470140950471354 ], [ 31.13789091339331, -22.472699415533913 ], [ 31.142984700665306, -22.473995367351531 ], [ 31.148374494533357, -22.475691913096526 ], [ 31.152661986969427, -22.476987337154952 ], [ 31.15677830097837, -22.478741260012164 ], [ 31.160825281518804, -22.48060266054949 ], [ 31.165540531897229, -22.482643156501954 ], [ 31.170022755002154, -22.483940354316235 ], [ 31.174798221050825, -22.48511432243961 ], [ 31.179157384872774, -22.486175080572842 ], [ 31.184176771007888, -22.485798237566875 ], [ 31.188467246783937, -22.48617163287016 ], [ 31.192085821452125, -22.485155662317208 ], [ 31.19563937767694, -22.484653637314789 ], [ 31.198883406736812, -22.484789263955832 ], [ 31.200788836596455, -22.486237422750804 ], [ 31.20410786987539, -22.488848240923357 ], [ 31.206551567887075, -22.490013347296699 ], [ 31.208273093746797, -22.489906066838007 ], [ 31.209374869814599, -22.488870731937894 ], [ 31.209923896747906, -22.486230782284469 ], [ 31.209423516962421, -22.483579173431433 ], [ 31.208691471616802, -22.480807587278235 ], [ 31.206848739190178, -22.479017044620178 ], [ 31.206109377483138, -22.477572907889549 ], [ 31.205552365072297, -22.475552821716519 ], [ 31.20622415285208, -22.473943769265816 ], [ 31.207874305062624, -22.472571362917147 ], [ 31.209280024805217, -22.471313624901459 ], [ 31.210749320188597, -22.470399752990723 ], [ 31.21142841669138, -22.468971372605246 ], [ 31.21166821902446, -22.467700673717964 ], [ 31.210194873036919, -22.466663835224466 ], [ 31.208597573506804, -22.4654449894024 ], [ 31.207496660027189, -22.464917995347648 ], [ 31.204552671705802, -22.46415374491885 ], [ 31.202344849767925, -22.463569236173026 ], [ 31.200383772557547, -22.462689432547229 ], [ 31.199891891837897, -22.461654423505468 ], [ 31.200190734255813, -22.459580656276323 ], [ 31.199882043939247, -22.458656061925833 ], [ 31.199458149328972, -22.456872247681968 ], [ 31.199694963757146, -22.455086776037387 ], [ 31.201777658106927, -22.454062420529482 ], [ 31.203556208921526, -22.45401901802078 ], [ 31.205396882907895, -22.453678267009501 ], [ 31.206676206535619, -22.453168699525079 ], [ 31.207714711222543, -22.450985727188691 ], [ 31.207097145541731, -22.449145590581288 ], [ 31.204580014621687, -22.446191588979538 ], [ 31.202989565333215, -22.443708449621777 ], [ 31.206172845996015, -22.440185679947835 ], [ 31.206706196930799, -22.441772017671443 ], [ 31.208115562204043, -22.442474020729104 ], [ 31.208794820424743, -22.442535746064419 ], [ 31.210081656044434, -22.442188784839058 ], [ 31.211484135413954, -22.441156743164349 ], [ 31.212400109963134, -22.440182517512998 ], [ 31.213490913287423, -22.439210220872678 ], [ 31.215021113769076, -22.438062156144252 ], [ 31.217531639261907, -22.436979088484875 ], [ 31.220765242703283, -22.434802171080999 ], [ 31.223881043303098, -22.434240434149803 ], [ 31.227988673547419, -22.434366849773411 ], [ 31.231228753950422, -22.434727496200406 ], [ 31.234850988601707, -22.435597994597742 ], [ 31.238464814898698, -22.436368980791297 ], [ 31.24201201650207, -22.43626315074259 ], [ 31.245128876554919, -22.436387372596005 ], [ 31.25033141605374, -22.436750898696157 ], [ 31.254254181859835, -22.437687444798399 ], [ 31.258666765791268, -22.43908073789558 ], [ 31.262525269900166, -22.439727399941248 ], [ 31.266934585242016, -22.440614695690329 ], [ 31.271049862051289, -22.441715471798229 ], [ 31.275885607168551, -22.441911696742022 ], [ 31.280656079702126, -22.442676046095681 ], [ 31.285312432104067, -22.442454644809033 ], [ 31.291321533122069, -22.443629209602189 ], [ 31.295726462005746, -22.444109281898452 ], [ 31.300565850788871, -22.445614340754524 ], [ 31.303509387786537, -22.447234809316118 ], [ 31.306514071494064, -22.44782630587672 ], [ 31.310003335167231, -22.447718384358886 ], [ 31.314778732919162, -22.445700159185346 ], [ 31.326108858159007, -22.479531936287316 ], [ 31.324631685127361, -22.479534653063418 ], [ 31.322625746325098, -22.479062228561464 ], [ 31.315552088140798, -22.475764310020594 ], [ 31.314202793275914, -22.476445613165506 ], [ 31.311034120071334, -22.478905070303156 ], [ 31.308785297116835, -22.486431599807901 ], [ 31.305784483351335, -22.487050328478698 ], [ 31.303641896180253, -22.485826638721043 ], [ 31.301193159758839, -22.485006099556969 ], [ 31.299103873429999, -22.484198349555637 ], [ 31.296534938239894, -22.48446924726478 ], [ 31.294459330284635, -22.485720692040495 ], [ 31.293606335611962, -22.488710012246493 ], [ 31.294655407458382, -22.49113244109294 ], [ 31.29576466591989, -22.494991457503499 ], [ 31.295473940853455, -22.498095104391773 ], [ 31.292901459295848, -22.500217280093693 ], [ 31.290639301778025, -22.499226957201113 ], [ 31.289104024116401, -22.498406886279607 ], [ 31.286345719186343, -22.496670682319071 ], [ 31.284815012563705, -22.497060793624147 ], [ 31.283537431431736, -22.498203170820382 ], [ 31.281884324738154, -22.501418689464881 ], [ 31.278531099711948, -22.504561836272373 ], [ 31.276263464160699, -22.505585189490784 ], [ 31.274119480109604, -22.506040875530697 ], [ 31.272286585865448, -22.506490838891587 ], [ 31.269478239740764, -22.507219295949138 ], [ 31.260841940165854, -22.507631997720672 ], [ 31.256009702619608, -22.508527995929715 ], [ 31.249640008013074, -22.51032830287139 ], [ 31.244567588544811, -22.513298462882357 ], [ 31.237418670248431, -22.520562523526571 ], [ 31.234546416970026, -22.521696037118971 ], [ 31.227455243928528, -22.527406914682441 ], [ 31.227332345750522, -22.529419452885733 ], [ 31.227826983754181, -22.531032402380269 ], [ 31.229780953039253, -22.533320669705098 ], [ 31.2285769120205, -22.537019118809994 ], [ 31.229198269682868, -22.540132589871913 ], [ 31.230123019416045, -22.542328245940869 ], [ 31.232081947543595, -22.546531099202962 ], [ 31.232767953786912, -22.550683824107473 ], [ 31.229285655656266, -22.555377698795283 ], [ 31.226601149928374, -22.556973666503136 ], [ 31.22102467988293, -22.559648402092311 ], [ 31.217297020702478, -22.562957545019017 ], [ 31.215900407206252, -22.567213630205412 ], [ 31.217865077407062, -22.571714722060044 ], [ 31.223635858016472, -22.577440965101538 ], [ 31.224562918456925, -22.578706501118592 ], [ 31.226835903538976, -22.58194659001466 ], [ 31.226904984545783, -22.587185243944933 ], [ 31.224946328194495, -22.589005897055859 ], [ 31.224031908471012, -22.592057238236496 ], [ 31.225511262118594, -22.59425002518352 ], [ 31.226001536901883, -22.595456544030338 ], [ 31.22454063617953, -22.600922105477853 ], [ 31.223137353276346, -22.601890936612925 ], [ 31.21921808860807, -22.602615120063678 ], [ 31.216766354594377, -22.601161034142535 ], [ 31.214550977871411, -22.599483772651659 ], [ 31.212651596313417, -22.59894788041462 ], [ 31.208576903362111, -22.599661043966609 ], [ 31.208856604760829, -22.600594334370676 ], [ 31.205286369309579, -22.602152899089063 ], [ 31.203403759662901, -22.600325687879753 ], [ 31.202718369217596, -22.598430588836678 ], [ 31.20290163010349, -22.596301383433573 ], [ 31.20210647166148, -22.595371343913101 ], [ 31.200694120861726, -22.594786584193223 ], [ 31.196711500045037, -22.592917692323823 ], [ 31.193394036887206, -22.58852758934627 ], [ 31.191732884755655, -22.584661804533312 ], [ 31.188290112280615, -22.580956534853183 ], [ 31.186200306832696, -22.580138247475052 ], [ 31.182838949705726, -22.57988351931818 ], [ 31.180390623611459, -22.581192345103165 ], [ 31.173062869138434, -22.591900798916214 ], [ 31.172828824832258, -22.59489631086058 ], [ 31.17075996653335, -22.600580113907281 ], [ 31.170139868257195, -22.600401463954604 ], [ 31.167806547943137, -22.597394741046475 ], [ 31.166769963737284, -22.596353415787505 ], [ 31.165302123846363, -22.597032004805925 ], [ 31.163126625803272, -22.600465849568455 ], [ 31.161055213278477, -22.601914118998796 ], [ 31.159086175895695, -22.602243740235416 ] ] ] ] } },
{ "type": "Feature", "properties": { "OBJECTID": 29, "LSCAP_ID": 26, "ZONE10": 8, "ZONE17": 15, "Z17CODE": "L", "LANDSCAPE": "Colophospermum mopane shrubveld on calcrete", "LABEL": "26: Colophospermum mopane shrubveld on calcrete", "ALLIANCES_": 15, "ALLIANCES": "15: Basaltic or calcitic plains with Colophospermum mopane shrub savanna", "AREA_HA": 3385.613, "PERIMETER_": 31.087, "PERIMETE_1": 31.088 }, "geometry": { "type": "MultiPolygon", "coordinates": [ [ [ [ 31.326108858159007, -22.479531936287316 ], [ 31.331175447862382, -22.494639641420275 ], [ 31.329516900042933, -22.49516433062389 ], [ 31.326016323719269, -22.496112405397096 ], [ 31.316909563362476, -22.502529045965442 ], [ 31.31446925854538, -22.50659467234015 ], [ 31.311002157702799, -22.515156056813847 ], [ 31.308873121890223, -22.519170650879147 ], [ 31.30620440249287, -22.52916719943962 ], [ 31.300233474367023, -22.538857879462014 ], [ 31.298518030473549, -22.540799500656014 ], [ 31.295833902694749, -22.541656136314653 ], [ 31.284251980328872, -22.541876191986358 ], [ 31.2761128611312, -22.54200591171497 ], [ 31.263422656908926, -22.537561606333348 ], [ 31.255699212823661, -22.53326057168977 ], [ 31.24398554691361, -22.524743389105595 ], [ 31.241233087361653, -22.526393091468467 ], [ 31.238546854636009, -22.529714192481102 ], [ 31.237443078404194, -22.531661819611614 ], [ 31.233349100803281, -22.534055269854811 ], [ 31.232185734579012, -22.534566284274302 ], [ 31.229780953039253, -22.533320669705098 ], [ 31.227826983754181, -22.531032402380269 ], [ 31.227332345750522, -22.529419452885733 ], [ 31.227455243928528, -22.527406914682441 ], [ 31.234546416970026, -22.521696037118971 ], [ 31.237418670248431, -22.520562523526571 ], [ 31.244567588544811, -22.513298462882357 ], [ 31.249640008013074, -22.51032830287139 ], [ 31.256009702619608, -22.508527995929715 ], [ 31.260841940165854, -22.507631997720672 ], [ 31.269478239740764, -22.507219295949138 ], [ 31.272286585865448, -22.506490838891587 ], [ 31.274119480109604, -22.506040875530697 ], [ 31.276263464160699, -22.505585189490784 ], [ 31.278531099711948, -22.504561836272373 ], [ 31.281884324738154, -22.501418689464881 ], [ 31.283537431431736, -22.498203170820382 ], [ 31.284815012563705, -22.497060793624147 ], [ 31.286345719186343, -22.496670682319071 ], [ 31.289104024116401, -22.498406886279607 ], [ 31.290639301778025, -22.499226957201113 ], [ 31.292901459295848, -22.500217280093693 ], [ 31.295473940853455, -22.498095104391773 ], [ 31.29576466591989, -22.494991457503499 ], [ 31.294655407458382, -22.49113244109294 ], [ 31.293606335611962, -22.488710012246493 ], [ 31.294459330284635, -22.485720692040495 ], [ 31.296534938239894, -22.48446924726478 ], [ 31.299103873429999, -22.484198349555637 ], [ 31.301193159758839, -22.485006099556969 ], [ 31.303641896180253, -22.485826638721043 ], [ 31.305784483351335, -22.487050328478698 ], [ 31.308785297116835, -22.486431599807901 ], [ 31.311034120071334, -22.478905070303156 ], [ 31.314202793275914, -22.476445613165506 ], [ 31.315552088140798, -22.475764310020594 ], [ 31.322625746325098, -22.479062228561464 ], [ 31.324631685127361, -22.479534653063418 ], [ 31.326108858159007, -22.479531936287316 ] ] ] ] } },
{ "type": "Feature", "properties": { "OBJECTID": 30, "LSCAP_ID": 26, "ZONE10": 8, "ZONE17": 15, "Z17CODE": "L", "LANDSCAPE": "Colophospermum mopane shrubveld on calcrete", "LABEL": "26: Colophospermum mopane shrubveld on calcrete", "ALLIANCES_": 15, "ALLIANCES": "15: Basaltic or calcitic plains with Colophospermum mopane shrub savanna", "AREA_HA": 4667.326, "PERIMETER_": 79.245, "PERIMETE_1": 79.248 }, "geometry": { "type": "MultiPolygon", "coordinates": [ [ [ [ 31.346303326795983, -22.539970267837912 ], [ 31.350434005102048, -22.552349434482739 ], [ 31.348556256873088, -22.552447566420916 ], [ 31.34388893544633, -22.552462780810981 ], [ 31.341923580399541, -22.55256896380336 ], [ 31.338556946500194, -22.553581837148855 ], [ 31.336156033249889, -22.553520884751507 ], [ 31.332794831090983, -22.554885908256992 ], [ 31.329975944057495, -22.556428085449237 ], [ 31.32710217605592, -22.558484417695112 ], [ 31.324220685085788, -22.561172797178223 ], [ 31.321836365643417, -22.562945129054057 ], [ 31.318712948300618, -22.56471872335208 ], [ 31.316510529702963, -22.565914876870398 ], [ 31.31522619641602, -22.566777441217866 ], [ 31.311426955812863, -22.568137395885099 ], [ 31.308723759612043, -22.568127031622733 ], [ 31.306024870871845, -22.567764453111952 ], [ 31.303940638330769, -22.567236726690485 ], [ 31.300751456694233, -22.566417330080107 ], [ 31.299640696344163, -22.564220052331194 ], [ 31.298782503803761, -22.562838241742142 ], [ 31.296999774577227, -22.562313620934873 ], [ 31.294736946173337, -22.562876651430773 ], [ 31.293208334333826, -22.565407194710225 ], [ 31.292353365277101, -22.568504806861 ], [ 31.292727022149098, -22.571326475818147 ], [ 31.293535950701912, -22.575128124471924 ], [ 31.295009345108056, -22.577094482120863 ], [ 31.296125621652163, -22.57963503006517 ], [ 31.297537468058486, -22.581076911696027 ], [ 31.299498616722556, -22.582930997872886 ], [ 31.303002329332376, -22.582715183125586 ], [ 31.306612327952976, -22.581759860082343 ], [ 31.30949996419729, -22.581022630840931 ], [ 31.312804266784365, -22.580407129776386 ], [ 31.315195328065386, -22.578914992961462 ], [ 31.317212454388969, -22.57778014754934 ], [ 31.319293560932042, -22.576980097480902 ], [ 31.321264061574187, -22.577280666569663 ], [ 31.323286682463173, -22.578900307900284 ], [ 31.322924044363322, -22.581542656735515 ], [ 31.323487261487571, -22.583219303476241 ], [ 31.325262718997006, -22.58276820427184 ], [ 31.327466111914596, -22.581508734429818 ], [ 31.329549915458347, -22.579679023161834 ], [ 31.331443430945392, -22.577495088392716 ], [ 31.333277023865421, -22.575436943118525 ], [ 31.336333112180963, -22.573608185845718 ], [ 31.339702324436203, -22.571611008175832 ], [ 31.342401189506315, -22.569552653651225 ], [ 31.34453680961753, -22.56823804264344 ], [ 31.349137221530725, -22.565720485591502 ], [ 31.352237219486572, -22.564253104905191 ], [ 31.354133534630748, -22.563423593209741 ], [ 31.355532641414726, -22.567619403898625 ], [ 31.352312804586205, -22.569347524142014 ], [ 31.349019836799052, -22.570677448264998 ], [ 31.346025755790336, -22.572218097299771 ], [ 31.34363598786797, -22.574451292790553 ], [ 31.342781187380066, -22.575995852322393 ], [ 31.34297664776313, -22.579167834711988 ], [ 31.344823495388056, -22.583314153410178 ], [ 31.347293459534011, -22.58741268062974 ], [ 31.349146562285529, -22.591053271952216 ], [ 31.350068202283904, -22.594512682118868 ], [ 31.351242846395923, -22.597965655248842 ], [ 31.351496204891859, -22.601192412591931 ], [ 31.351324137304818, -22.602572425890081 ], [ 31.350703931875849, -22.604011053010613 ], [ 31.350037095731992, -22.604464792579751 ], [ 31.349539546332711, -22.603773302987335 ], [ 31.348311828743235, -22.603137518710025 ], [ 31.346723106974743, -22.603410161749498 ], [ 31.345005904470842, -22.605478677145967 ], [ 31.344273880637807, -22.607313495428368 ], [ 31.343668165566758, -22.609158643967 ], [ 31.342694247182472, -22.610882580900974 ], [ 31.341409064552781, -22.61260329323024 ], [ 31.340123118273883, -22.613574396130979 ], [ 31.337917235267224, -22.615005582360276 ], [ 31.335406365634618, -22.615909763252795 ], [ 31.334177292860296, -22.61699880980942 ], [ 31.333385895930864, -22.618092393323863 ], [ 31.333212238984977, -22.620393537128894 ], [ 31.334435937244137, -22.622176356834412 ], [ 31.335306509948381, -22.623395571172871 ], [ 31.336659372618691, -22.624150162679875 ], [ 31.336905378843632, -22.625534483423166 ], [ 31.337769198375469, -22.626509774270847 ], [ 31.337214757497453, -22.628120606877928 ], [ 31.335751364961272, -22.629270447685514 ], [ 31.334159532303474, -22.630581500419854 ], [ 31.333666916200016, -22.63270773529306 ], [ 31.333309708530763, -22.634898593104264 ], [ 31.333924078933116, -22.6371988914286 ], [ 31.333990719943497, -22.638933565078393 ], [ 31.334797610475032, -22.641407453105412 ], [ 31.334619782441347, -22.644051732307616 ], [ 31.334008951976053, -22.64629413937601 ], [ 31.332911579650716, -22.649344284325601 ], [ 31.331693336675052, -22.651119770532887 ], [ 31.329858529273459, -22.653186847208094 ], [ 31.327957750029356, -22.655072588875495 ], [ 31.326188874885251, -22.656508127758041 ], [ 31.325142916341544, -22.65690359643089 ], [ 31.32416779843599, -22.657074021483588 ], [ 31.323790504359543, -22.655290947791745 ], [ 31.324399465494981, -22.653220163706354 ], [ 31.32512515248558, -22.651150595981004 ], [ 31.324943198016378, -22.649306347691493 ], [ 31.324196853463103, -22.648268998307866 ], [ 31.322784151389939, -22.647622042248059 ], [ 31.321135629180695, -22.647966025170451 ], [ 31.319909107330211, -22.647212621685057 ], [ 31.318242067977035, -22.646680364763668 ], [ 31.318186506757652, -22.645650237262505 ], [ 31.318972035808212, -22.64346392194857 ], [ 31.319767314706695, -22.64047393507709 ], [ 31.32036988570875, -22.63892689978222 ], [ 31.320858752566103, -22.63552729274436 ], [ 31.321893644970348, -22.632025023608186 ], [ 31.322186468195166, -22.628740759783419 ], [ 31.322365945335676, -22.625175342993316 ], [ 31.322049342403609, -22.621604735521576 ], [ 31.322165620626862, -22.618436024610858 ], [ 31.322896576295058, -22.616718720787894 ], [ 31.324357094178744, -22.615000002380569 ], [ 31.3258322179625, -22.613678791525693 ], [ 31.327788697561946, -22.611965211724307 ], [ 31.329867510149818, -22.609783257860286 ], [ 31.330905485712893, -22.607599482642108 ], [ 31.331819750534745, -22.605992408118908 ], [ 31.332057338177993, -22.604035111530283 ], [ 31.331932246240637, -22.602308855983452 ], [ 31.331320889913609, -22.600577546030962 ], [ 31.32953478632831, -22.599475227865955 ], [ 31.327328372458393, -22.600156683904189 ], [ 31.324322277013259, -22.60101038571635 ], [ 31.322363202984214, -22.60214591021025 ], [ 31.319171086233549, -22.602293138242633 ], [ 31.318791910944874, -22.599877852802212 ], [ 31.316644218105861, -22.597326627390238 ], [ 31.304938446347478, -22.595361114354567 ], [ 31.296558399815432, -22.599002252679572 ], [ 31.295456752638021, -22.598421601758041 ], [ 31.28632412586914, -22.595253818708471 ], [ 31.285585931579231, -22.596745089518635 ], [ 31.285419781532543, -22.601520730779963 ], [ 31.283362314530844, -22.608994485448097 ], [ 31.281099754214427, -22.612600730146241 ], [ 31.276327312745565, -22.613091392219584 ], [ 31.274063948689651, -22.61440364634133 ], [ 31.272294067356629, -22.615143198965768 ], [ 31.270698529891739, -22.61438547002971 ], [ 31.270389881910123, -22.613397767744445 ], [ 31.269894050818504, -22.611044370840503 ], [ 31.268969412511321, -22.609535258487703 ], [ 31.266314137657865, -22.603311354888877 ], [ 31.267536337535102, -22.601247429200008 ], [ 31.269428840440273, -22.599244905340239 ], [ 31.275786163867245, -22.594852000576005 ], [ 31.278903593954823, -22.593657231455847 ], [ 31.280000599231034, -22.593036815671429 ], [ 31.283786858282458, -22.589663600107485 ], [ 31.289473482703741, -22.585958324930687 ], [ 31.289641355000871, -22.581814855717148 ], [ 31.286037413329087, -22.583058849056254 ], [ 31.285670700727174, -22.582829159191601 ], [ 31.284690275063955, -22.581897525117835 ], [ 31.284868663572961, -22.580057096203632 ], [ 31.285352721354531, -22.577876749329015 ], [ 31.28539898316868, -22.574138386294589 ], [ 31.283565983311892, -22.574525211762879 ], [ 31.282948819257943, -22.575674591327655 ], [ 31.280749954774652, -22.577330848949597 ], [ 31.27781937339153, -22.579954581331737 ], [ 31.276780423036854, -22.581388402664203 ], [ 31.275620774491358, -22.582360338376628 ], [ 31.270853774650028, -22.585614435716767 ], [ 31.265173943966946, -22.590294444374745 ], [ 31.259679783715658, -22.596421193900522 ], [ 31.256804301071337, -22.596922822345103 ], [ 31.255086561807477, -22.596624202349449 ], [ 31.254163542831026, -22.595006661973944 ], [ 31.253914902057268, -22.592357895345732 ], [ 31.252872118089616, -22.59252717055395 ], [ 31.249502679990343, -22.592102141998492 ], [ 31.248880519595996, -22.590542040404451 ], [ 31.252063306615756, -22.588029996505206 ], [ 31.255249379825212, -22.5883355723142 ], [ 31.262645594371001, -22.582518538416448 ], [ 31.262808835078989, -22.578031909691301 ], [ 31.264885577596914, -22.575272810525828 ], [ 31.269897914469915, -22.572599501821053 ], [ 31.270750175463046, -22.570540575118272 ], [ 31.270077093532365, -22.569151585727354 ], [ 31.263887294603418, -22.569572504691834 ], [ 31.24828285825021, -22.573972808689007 ], [ 31.245835728755107, -22.572167017293474 ], [ 31.245827353364586, -22.569755668577464 ], [ 31.251215038888098, -22.568170760995937 ], [ 31.252792124627202, -22.565713434353324 ], [ 31.252909719056429, -22.564098171539914 ], [ 31.251799097805577, -22.56041049601988 ], [ 31.249151584389693, -22.55446640715066 ], [ 31.249639988228918, -22.552746812411851 ], [ 31.250922006592397, -22.551315809811911 ], [ 31.257651081118496, -22.551244371299727 ], [ 31.259314316347936, -22.552743468084934 ], [ 31.268082876900515, -22.559873321212638 ], [ 31.270599187249605, -22.559259210398537 ], [ 31.27359107623602, -22.557151015523402 ], [ 31.282875403490369, -22.548625779646027 ], [ 31.284763351900033, -22.546911960443257 ], [ 31.286112032785329, -22.546348349755171 ], [ 31.290085666730718, -22.545794595215458 ], [ 31.296576338643437, -22.544535898681644 ], [ 31.298473393567242, -22.545233314529614 ], [ 31.300806371371287, -22.546856491168608 ], [ 31.301845669140903, -22.548529198395876 ], [ 31.302655095987458, -22.550714248520929 ], [ 31.303822708256305, -22.553029510277312 ], [ 31.305476002968138, -22.554591268632429 ], [ 31.313144132519579, -22.558076654837134 ], [ 31.315406016889554, -22.558380339551274 ], [ 31.318720900110524, -22.55764739195639 ], [ 31.3217141580276, -22.556170458828689 ], [ 31.324217857297512, -22.554164554590603 ], [ 31.328006155360558, -22.55125078571637 ], [ 31.332598480880829, -22.548571038121594 ], [ 31.333819221353988, -22.5481230974843 ], [ 31.336138630753336, -22.546864674113284 ], [ 31.33809549237796, -22.545837281799116 ], [ 31.339691876247564, -22.544869362081464 ], [ 31.342560955571422, -22.542352134469521 ], [ 31.346303326795983, -22.539970267837912 ] ] ] ] } },
{ "type": "Feature", "properties": { "OBJECTID": 31, "LSCAP_ID": 15, "ZONE10": 5, "ZONE17": 10, "Z17CODE": "L", "LANDSCAPE": "Colophospermum mopane Forest", "LABEL": "15: Colophospermum mopane Forest", "ALLIANCES_": 10, "ALLIANCES": "10: Karoo sediment plains with Colophospermum mopane tree savanna", "AREA_HA": 1112.426, "PERIMETER_": 17.332, "PERIMETE_1": 17.333 }, "geometry": { "type": "MultiPolygon", "coordinates": [ [ [ [ 31.350434005102048, -22.552349434482739 ], [ 31.354133534630748, -22.563423593209741 ], [ 31.352237219486572, -22.564253104905191 ], [ 31.349137221530725, -22.565720485591502 ], [ 31.34453680961753, -22.56823804264344 ], [ 31.342401189506315, -22.569552653651225 ], [ 31.339702324436203, -22.571611008175832 ], [ 31.336333112180963, -22.573608185845718 ], [ 31.333277023865421, -22.575436943118525 ], [ 31.331443430945392, -22.577495088392716 ], [ 31.329549915458347, -22.579679023161834 ], [ 31.327466111914596, -22.581508734429818 ], [ 31.325262718997006, -22.58276820427184 ], [ 31.323487261487571, -22.583219303476241 ], [ 31.322924044363322, -22.581542656735515 ], [ 31.323286682463173, -22.578900307900284 ], [ 31.321264061574187, -22.577280666569663 ], [ 31.319293560932042, -22.576980097480902 ], [ 31.317212454388969, -22.57778014754934 ], [ 31.315195328065386, -22.578914992961462 ], [ 31.312804266784365, -22.580407129776386 ], [ 31.30949996419729, -22.581022630840931 ], [ 31.306612327952976, -22.581759860082343 ], [ 31.303002329332376, -22.582715183125586 ], [ 31.299498616722556, -22.582930997872886 ], [ 31.297537468058486, -22.581076911696027 ], [ 31.296125621652163, -22.57963503006517 ], [ 31.295009345108056, -22.577094482120863 ], [ 31.293535950701912, -22.575128124471924 ], [ 31.292727022149098, -22.571326475818147 ], [ 31.292353365277101, -22.568504806861 ], [ 31.293208334333826, -22.565407194710225 ], [ 31.294736946173337, -22.562876651430773 ], [ 31.296999774577227, -22.562313620934873 ], [ 31.298782503803761, -22.562838241742142 ], [ 31.299640696344163, -22.564220052331194 ], [ 31.300751456694233, -22.566417330080107 ], [ 31.303940638330769, -22.567236726690485 ], [ 31.306024870871845, -22.567764453111952 ], [ 31.308723759612043, -22.568127031622733 ], [ 31.311426955812863, -22.568137395885099 ], [ 31.31522619641602, -22.566777441217866 ], [ 31.316510529702963, -22.565914876870398 ], [ 31.318712948300618, -22.56471872335208 ], [ 31.321836365643417, -22.562945129054057 ], [ 31.324220685085788, -22.561172797178223 ], [ 31.32710217605592, -22.558484417695112 ], [ 31.329975944057495, -22.556428085449237 ], [ 31.332794831090983, -22.554885908256992 ], [ 31.336156033249889, -22.553520884751507 ], [ 31.338556946500194, -22.553581837148855 ], [ 31.341923580399541, -22.55256896380336 ], [ 31.34388893544633, -22.552462780810981 ], [ 31.348556256873088, -22.552447566420916 ], [ 31.350434005102048, -22.552349434482739 ] ] ] ] } },
{ "type": "Feature", "properties": { "OBJECTID": 32, "LSCAP_ID": 23, "ZONE10": 8, "ZONE17": 13, "Z17CODE": "L", "LANDSCAPE": "Colophospermum mopane shrubveld on basalt", "LABEL": "23: Colophospermum mopane shrubveld on basalt", "ALLIANCES_": 13, "ALLIANCES": "13: Basaltic or gabbroic plains with Acacia nigriscens bush savanna or Colophospermum mopane bush or shrub savanna", "AREA_HA": 79473.402, "PERIMETER_": 252.799, "PERIMETE_1": 252.812 }, "geometry": { "type": "MultiPolygon", "coordinates": [ [ [ [ 31.458344566465446, -23.115268619259115 ], [ 31.455753035567515, -23.11221787539781 ], [ 31.454206833833265, -23.109972068555759 ], [ 31.445897788932278, -23.106621217304493 ], [ 31.442633897617931, -23.106038146340268 ], [ 31.436227327051075, -23.104529829189453 ], [ 31.432345594081934, -23.102513531723559 ], [ 31.428590573876047, -23.099685618225468 ], [ 31.424640976359832, -23.095139797595674 ], [ 31.421300021602409, -23.091159894108809 ], [ 31.417901966874954, -23.087070983414762 ], [ 31.414624925543009, -23.081836292238645 ], [ 31.412042450032921, -23.079814508874342 ], [ 31.410803921983064, -23.077228234746723 ], [ 31.409130300219005, -23.074294395409847 ], [ 31.407703789811066, -23.071931980262757 ], [ 31.406658675849766, -23.069510184304466 ], [ 31.405911972576984, -23.067443599785602 ], [ 31.405161990323574, -23.065656938037527 ], [ 31.400593622591362, -23.058286684714155 ], [ 31.398551662505763, -23.055177432509492 ], [ 31.398299736741045, -23.054199540374078 ], [ 31.396452364139616, -23.053620893241842 ], [ 31.394172537546023, -23.051656103215773 ], [ 31.394100999383454, -23.050282677862231 ], [ 31.393979388804816, -23.049017114631109 ], [ 31.392312243199765, -23.046417329663306 ], [ 31.38911112356082, -23.044804339398524 ], [ 31.38646429997765, -23.043359500753834 ], [ 31.379265357538927, -23.041506794568484 ], [ 31.376061938185153, -23.040923046848846 ], [ 31.372436086844537, -23.03976594437486 ], [ 31.367454671292631, -23.038549619667354 ], [ 31.363269962293259, -23.036817600818956 ], [ 31.360059771313836, -23.034391178898332 ], [ 31.357908282585186, -23.031569303563504 ], [ 31.355254397245695, -23.028344823980433 ], [ 31.349711959732709, -23.02597522052794 ], [ 31.34429731943715, -23.023543553120639 ], [ 31.334576168890894, -23.020651027768508 ], [ 31.330700525131959, -23.019255579035629 ], [ 31.32670160651946, -23.017578782740785 ], [ 31.323746176826184, -23.015154364065317 ], [ 31.32109729908473, -23.013193713253802 ], [ 31.317770579297111, -23.008471451298185 ], [ 31.317515478525973, -23.00622912278352 ], [ 31.314428395224098, -23.002656247498891 ], [ 31.31196837645507, -22.999658938507537 ], [ 31.307410594976506, -22.996711434659655 ], [ 31.302244894322747, -22.993251574755554 ], [ 31.29860259620277, -22.989672467688223 ], [ 31.294546461386055, -22.986441026110761 ], [ 31.291279417424658, -22.984075913210557 ], [ 31.289180702387508, -22.981885908858963 ], [ 31.282169557381334, -22.979444026133969 ], [ 31.278794490116567, -22.980247248751919 ], [ 31.275299045136961, -22.982078575932334 ], [ 31.274075555051301, -22.982417446549825 ], [ 31.272600685100233, -22.98258198561879 ], [ 31.26934700975821, -22.983034130483439 ], [ 31.265538135035175, -22.983425946882676 ], [ 31.262897428282592, -22.983993032948639 ], [ 31.261046633071789, -22.984568745999855 ], [ 31.260553355698786, -22.982721098167755 ], [ 31.260484512149272, -22.980480764809556 ], [ 31.259184878359953, -22.976104734368722 ], [ 31.258374525231829, -22.969322913182552 ], [ 31.257322250790214, -22.966963402837141 ], [ 31.255958270907772, -22.962297665632619 ], [ 31.25583084943354, -22.959307148424379 ], [ 31.255459810929086, -22.957063487293897 ], [ 31.25580958763728, -22.951080068766377 ], [ 31.256475143653851, -22.945560674194486 ], [ 31.256398496554695, -22.941649590588256 ], [ 31.256570620724979, -22.936585323714652 ], [ 31.255325375731356, -22.928760179274189 ], [ 31.252801662328118, -22.924849267780168 ], [ 31.250950015861196, -22.924034186422841 ], [ 31.245729427031996, -22.921375780057645 ], [ 31.242217372646625, -22.919296029522975 ], [ 31.239885216826263, -22.918710299660365 ], [ 31.238475229296345, -22.91692467636636 ], [ 31.237483703996531, -22.915197870403887 ], [ 31.238944698039862, -22.910771047377629 ], [ 31.23986227781058, -22.90916474895154 ], [ 31.240602181804086, -22.907728056599439 ], [ 31.243666304531107, -22.905206314177928 ], [ 31.24728074663242, -22.903087924481181 ], [ 31.250100990562029, -22.900563354181529 ], [ 31.252902031308629, -22.893441932152413 ], [ 31.252340884560052, -22.888550196259423 ], [ 31.247280459418505, -22.878073148251335 ], [ 31.246292421464538, -22.873808833625908 ], [ 31.245545714178739, -22.869727788675494 ], [ 31.247627623412903, -22.866969307597589 ], [ 31.249767650206444, -22.863470921039735 ], [ 31.252948062040215, -22.857094116565886 ], [ 31.255517098425127, -22.852787582788377 ], [ 31.256610245707527, -22.848826064665815 ], [ 31.254878318124472, -22.846341710035485 ], [ 31.253898267046264, -22.844497735363685 ], [ 31.252352114885134, -22.84197024149158 ], [ 31.25148415861003, -22.838222013231018 ], [ 31.252465713820879, -22.837654826489253 ], [ 31.254735067110975, -22.83771584081234 ], [ 31.256389208944363, -22.835593690456619 ], [ 31.257177302899194, -22.831854579549642 ], [ 31.256187570713173, -22.827716716539204 ], [ 31.254213752601093, -22.825121346101454 ], [ 31.250964366499588, -22.824769625591784 ], [ 31.248140406586334, -22.823149193678415 ], [ 31.244643046747264, -22.82238824002296 ], [ 31.242854836918877, -22.821293876946889 ], [ 31.242052753130867, -22.819271191128074 ], [ 31.240769003529557, -22.81910349960884 ], [ 31.238798542797461, -22.820066069757441 ], [ 31.232673694738885, -22.822120438960127 ], [ 31.229357848739316, -22.822399689152181 ], [ 31.224882782197678, -22.823424526250161 ], [ 31.221074710680629, -22.824095460932313 ], [ 31.216291568034976, -22.822588050458418 ], [ 31.211868930929921, -22.82108454833957 ], [ 31.209833861792294, -22.818776963984586 ], [ 31.209092974015476, -22.816583244749218 ], [ 31.20761178493742, -22.812900187381175 ], [ 31.206443867574784, -22.809103247653848 ], [ 31.205828149060896, -22.807028322049756 ], [ 31.203980045281622, -22.803855847722549 ], [ 31.203666911911828, -22.802479676534016 ], [ 31.202986076717863, -22.800918749428892 ], [ 31.202002408670118, -22.799426649187541 ], [ 31.202985483698839, -22.797992846080792 ], [ 31.203769400658452, -22.794660376097376 ], [ 31.204073698396581, -22.7929931511602 ], [ 31.203827530646507, -22.788736986131283 ], [ 31.202899023347321, -22.784527316526923 ], [ 31.202397958673686, -22.783374789341597 ], [ 31.201357523558535, -22.781764652196202 ], [ 31.20165224787085, -22.778598248409832 ], [ 31.202512363831733, -22.776874072995437 ], [ 31.205203143146662, -22.773671418621966 ], [ 31.205436446857544, -22.768490488205135 ], [ 31.204391585877591, -22.767223484650355 ], [ 31.201381391090621, -22.765085465515408 ], [ 31.198928156898226, -22.767261259414735 ], [ 31.195684040036049, -22.767369105210499 ], [ 31.19372014229015, -22.767130157285095 ], [ 31.190094224598511, -22.765915109770106 ], [ 31.188192593440931, -22.765387824506238 ], [ 31.184021557364467, -22.764166455017087 ], [ 31.174877093003239, -22.76350226357577 ], [ 31.166097371706336, -22.75886834319703 ], [ 31.163647784025844, -22.757828774239375 ], [ 31.156390392618704, -22.750096358955343 ], [ 31.156204093951064, -22.745840874365953 ], [ 31.155214902745662, -22.738298068939923 ], [ 31.154825917757087, -22.729561139477045 ], [ 31.153595964429929, -22.72691004349382 ], [ 31.152741222728999, -22.726042274123209 ], [ 31.151383401301295, -22.724942921642107 ], [ 31.148571881488607, -22.726255911441374 ], [ 31.146486535842723, -22.727857215437218 ], [ 31.144217225281668, -22.727216811458156 ], [ 31.14397148662319, -22.725949700294578 ], [ 31.144452588971003, -22.723480953363332 ], [ 31.145738827648607, -22.719052912887413 ], [ 31.145547352242922, -22.71520373058517 ], [ 31.145175093776192, -22.713935152578106 ], [ 31.143818078623816, -22.711345733486134 ], [ 31.142655964436162, -22.710185375510036 ], [ 31.141000150918654, -22.71098790218538 ], [ 31.139593571264566, -22.712073253260765 ], [ 31.137935805134926, -22.712297777279041 ], [ 31.133152922696787, -22.709695437357237 ], [ 31.130271160050079, -22.709743041793953 ], [ 31.127513580856792, -22.709963625298336 ], [ 31.1243811258887, -22.709836610482483 ], [ 31.123586923952821, -22.709547352047704 ], [ 31.122725091300399, -22.70850777677925 ], [ 31.123643793719587, -22.706089393290309 ], [ 31.122837765641009, -22.703099917184577 ], [ 31.120634161344949, -22.701249909044837 ], [ 31.118665617268256, -22.700721068481752 ], [ 31.116892107312601, -22.699454012832927 ], [ 31.116397251455197, -22.6972086626803 ], [ 31.116512711994485, -22.695882562039731 ], [ 31.121353510187301, -22.690611566215235 ], [ 31.123558749154757, -22.689472523741507 ], [ 31.12539112651567, -22.688554840760315 ], [ 31.126497049299424, -22.688098212253891 ], [ 31.128393904651176, -22.686729727746496 ], [ 31.129488260488777, -22.681387495005698 ], [ 31.129732527060924, -22.678446437108267 ], [ 31.130345219363651, -22.674886581837036 ], [ 31.130033162093923, -22.67206544841164 ], [ 31.132664191051472, -22.668917444374909 ], [ 31.134662643837842, -22.669365166588957 ], [ 31.135698010685033, -22.67051505917053 ], [ 31.136314855804002, -22.670233265758657 ], [ 31.136618504130045, -22.670805717317272 ], [ 31.137593475315988, -22.671385978193893 ], [ 31.138085036321957, -22.671734851836689 ], [ 31.139619344878582, -22.671969416840437 ], [ 31.141693880340224, -22.672553395559952 ], [ 31.143164721024849, -22.672444033180636 ], [ 31.144454468422122, -22.672052614113039 ], [ 31.145924071977788, -22.671311078507884 ], [ 31.146895889939259, -22.670681164628583 ], [ 31.148493127358034, -22.669128337217849 ], [ 31.149409898609168, -22.66752247715435 ], [ 31.147748049627356, -22.6644690213611 ], [ 31.146277977732787, -22.663079379816146 ], [ 31.146220287442791, -22.661579651924626 ], [ 31.146712003687842, -22.659743122807523 ], [ 31.147080053652594, -22.658419898670243 ], [ 31.146277032303512, -22.656631602042069 ], [ 31.143832008663875, -22.653225891316517 ], [ 31.143463775675091, -22.651668381788767 ], [ 31.143216048308663, -22.649832323007114 ], [ 31.143761502692374, -22.64833958165552 ], [ 31.144015116430527, -22.646843457882284 ], [ 31.143273363377471, -22.645570597203825 ], [ 31.142909413498533, -22.644419508187799 ], [ 31.14217109298189, -22.64361626846361 ], [ 31.140579940434097, -22.642568341545644 ], [ 31.138194480446177, -22.640544914739351 ], [ 31.140209695494416, -22.638997005051603 ], [ 31.141315895954911, -22.638486067046799 ], [ 31.143086677823735, -22.637748027678978 ], [ 31.145169551568053, -22.63695036537499 ], [ 31.145774316296542, -22.636830934418558 ], [ 31.146326447282508, -22.637008899326673 ], [ 31.147001275058422, -22.637468226538168 ], [ 31.148167462623555, -22.63828541810431 ], [ 31.150125548160659, -22.638813735279705 ], [ 31.150915132364922, -22.638696417853147 ], [ 31.152449406355387, -22.638181307247041 ], [ 31.156384292376934, -22.640755161668025 ], [ 31.158598417109044, -22.643245952343509 ], [ 31.16685981523537, -22.640198012889901 ], [ 31.170597076012861, -22.639355711028255 ], [ 31.17114011521323, -22.637284870291943 ], [ 31.170402769969428, -22.634928501718282 ], [ 31.170086485226062, -22.630897245090416 ], [ 31.172101291582422, -22.628608390234202 ], [ 31.175654791342875, -22.628395999280812 ], [ 31.177860902350723, -22.626344036870773 ], [ 31.177786156021259, -22.621683380017167 ], [ 31.168482572444759, -22.62346481132284 ], [ 31.165291858991658, -22.624936452046558 ], [ 31.164002454340803, -22.62314267082688 ], [ 31.16491313899121, -22.619757590667323 ], [ 31.167916361519005, -22.617010493650476 ], [ 31.166614869625384, -22.612462261414159 ], [ 31.164467061597385, -22.609394392244408 ], [ 31.164643268600287, -22.607843143964903 ], [ 31.163727393680126, -22.605764658442489 ], [ 31.163041819288551, -22.603923600460682 ], [ 31.158664141478422, -22.60545378801887 ], [ 31.159086175895695, -22.602243740235416 ], [ 31.161055213278477, -22.601914118998796 ], [ 31.163126625803272, -22.600465849568455 ], [ 31.165302123846363, -22.597032004805925 ], [ 31.166769963737284, -22.596353415787505 ], [ 31.167806547943137, -22.597394741046475 ], [ 31.170139868257195, -22.600401463954604 ], [ 31.17075996653335, -22.600580113907281 ], [ 31.172828824832258, -22.59489631086058 ], [ 31.173062869138434, -22.591900798916214 ], [ 31.180390623611459, -22.581192345103165 ], [ 31.182838949705726, -22.57988351931818 ], [ 31.186200306832696, -22.580138247475052 ], [ 31.188290112280615, -22.580956534853183 ], [ 31.191732884755655, -22.584661804533312 ], [ 31.193394036887206, -22.58852758934627 ], [ 31.196711500045037, -22.592917692323823 ], [ 31.200694120861726, -22.594786584193223 ], [ 31.20210647166148, -22.595371343913101 ], [ 31.20290163010349, -22.596301383433573 ], [ 31.202718369217596, -22.598430588836678 ], [ 31.203403759662901, -22.600325687879753 ], [ 31.205286369309579, -22.602152899089063 ], [ 31.208856604760829, -22.600594334370676 ], [ 31.210571436461468, -22.603367846148533 ], [ 31.211931834617928, -22.607230117293284 ], [ 31.21940733380972, -22.60831565432721 ], [ 31.22302317314097, -22.608509258288251 ], [ 31.222971938394153, -22.610983132301872 ], [ 31.222425385884979, -22.613397333823009 ], [ 31.224143553922673, -22.615186398462559 ], [ 31.228058650825648, -22.614814269092179 ], [ 31.232707764500908, -22.611045503888111 ], [ 31.234914036714695, -22.610419567508448 ], [ 31.235468520161657, -22.614227653061864 ], [ 31.235167458632979, -22.615714431090428 ], [ 31.235729698964459, -22.617391321320202 ], [ 31.23714059825495, -22.619646481833435 ], [ 31.237999668884871, -22.620170678800815 ], [ 31.239899386568791, -22.619947701796413 ], [ 31.247722143483148, -22.613666571815354 ], [ 31.249612128232155, -22.611899084359113 ], [ 31.254512628287383, -22.609739894338382 ], [ 31.25579923158686, -22.611072398552974 ], [ 31.255995756860656, -22.614000552253753 ], [ 31.253248424737386, -22.618188098464277 ], [ 31.251291239470149, -22.620650271805751 ], [ 31.251426144659995, -22.625365868198429 ], [ 31.254499985144378, -22.627693200120472 ], [ 31.258603460218815, -22.629381437065408 ], [ 31.2682978740559, -22.632087330473706 ], [ 31.267205760714354, -22.636166545357131 ], [ 31.264156703575743, -22.640351001070574 ], [ 31.26231727466363, -22.641947604696199 ], [ 31.259996125352938, -22.642392031441506 ], [ 31.256985380202007, -22.641970991517397 ], [ 31.25521183186607, -22.642195529713273 ], [ 31.254543543900766, -22.64426535668462 ], [ 31.255770446368796, -22.644956029694644 ], [ 31.256333561852333, -22.64813199763956 ], [ 31.25580617177253, -22.656759776976543 ], [ 31.256677485679642, -22.660959585993915 ], [ 31.258642483575461, -22.661775676699936 ], [ 31.260599659025445, -22.661670509338929 ], [ 31.26304122970198, -22.660188844620471 ], [ 31.266900359941822, -22.658948254581865 ], [ 31.270891321018617, -22.662712120426406 ], [ 31.273295754286451, -22.664968696829803 ], [ 31.275255481239334, -22.665441358971432 ], [ 31.282675883260168, -22.668131041634386 ], [ 31.290221864310467, -22.670135380844815 ], [ 31.289609072001209, -22.671682164017497 ], [ 31.288150722462053, -22.673924321348178 ], [ 31.288774614107368, -22.676974425433531 ], [ 31.290621014474002, -22.680326577206056 ], [ 31.298777092637692, -22.681063694045402 ], [ 31.301608683421048, -22.685049339686351 ], [ 31.301852285583795, -22.686605255968299 ], [ 31.295068152383461, -22.692945119011103 ], [ 31.293912106881773, -22.695127320891068 ], [ 31.294718175071939, -22.696057072379787 ], [ 31.2979684449822, -22.697681133499053 ], [ 31.298341126620006, -22.699816407386301 ], [ 31.294795071789455, -22.703996105127974 ], [ 31.288863390532644, -22.708222451461566 ], [ 31.286180637984863, -22.711824154692305 ], [ 31.284125126859148, -22.719758340769211 ], [ 31.28659268799397, -22.725636835959204 ], [ 31.289418858372734, -22.728529907559405 ], [ 31.289608225850991, -22.729742076565628 ], [ 31.284834620818241, -22.731560309599423 ], [ 31.282512542108815, -22.734298819739383 ], [ 31.283372148378884, -22.737188909404001 ], [ 31.285278220588104, -22.738925246776716 ], [ 31.29061430609768, -22.738088371652086 ], [ 31.295391992193256, -22.736739626257659 ], [ 31.299613322049854, -22.73313610895238 ], [ 31.306069614219215, -22.721952096080027 ], [ 31.308209378013917, -22.717359924117051 ], [ 31.312612360809855, -22.714742309651104 ], [ 31.314014839381851, -22.713890127552165 ], [ 31.317631055471242, -22.713503758946523 ], [ 31.319300152693391, -22.715526199134359 ], [ 31.320956626238736, -22.718587059351545 ], [ 31.323852392564479, -22.720613304523937 ], [ 31.326803600629006, -22.7244914445013 ], [ 31.325033775640282, -22.727525396907584 ], [ 31.323017777458357, -22.729184026410838 ], [ 31.293156962027798, -22.747372239282861 ], [ 31.294038628027206, -22.756349346291422 ], [ 31.295643703222414, -22.758831924551529 ], [ 31.298581606547561, -22.758276252214525 ], [ 31.300114774606016, -22.757136626399742 ], [ 31.302545821265262, -22.751102737736915 ], [ 31.311161621432195, -22.74172060471329 ], [ 31.326788034884615, -22.73697216867826 ], [ 31.330104130077892, -22.740501872965137 ], [ 31.329441927670405, -22.742915265555034 ], [ 31.326440473560805, -22.743127685365216 ], [ 31.321282429031164, -22.743732824505866 ], [ 31.308762391996925, -22.757869660406751 ], [ 31.306448600178324, -22.763092107030115 ], [ 31.30579203301577, -22.768160521395917 ], [ 31.311081951104551, -22.77353581195527 ], [ 31.316067780136304, -22.777535030744481 ], [ 31.319933463854227, -22.779978019272352 ], [ 31.322573811536568, -22.781486881539841 ], [ 31.324966216815778, -22.780175435396384 ], [ 31.332374616684426, -22.778031421712114 ], [ 31.345156010923791, -22.767227904541215 ], [ 31.349011966981134, -22.764025684125357 ], [ 31.357091655463087, -22.761020412457405 ], [ 31.361215991853634, -22.764666216805498 ], [ 31.36300333110643, -22.767493232854655 ], [ 31.364000499846959, -22.770438568790649 ], [ 31.363825249159103, -22.774518833144803 ], [ 31.36170821595341, -22.781351713327496 ], [ 31.362899706127607, -22.790051855086048 ], [ 31.366764629136465, -22.788574257057551 ], [ 31.371657504785116, -22.786646471745382 ], [ 31.375888251383433, -22.785515559789022 ], [ 31.377911958514506, -22.785698712822693 ], [ 31.379640477475654, -22.787784413248421 ], [ 31.374315597809758, -22.792471567343835 ], [ 31.370539288534736, -22.798781893147424 ], [ 31.370855960029409, -22.802460787536003 ], [ 31.371234975639855, -22.804993368241405 ], [ 31.372100258167954, -22.807594132851538 ], [ 31.377958350484587, -22.814698124436092 ], [ 31.377950835829878, -22.829310370132852 ], [ 31.38085688346181, -22.834848910559568 ], [ 31.382582603249613, -22.837223565613293 ], [ 31.381009913055774, -22.842499802836631 ], [ 31.375516464785548, -22.850526648106904 ], [ 31.373070018896236, -22.853852179975995 ], [ 31.37192215661053, -22.856956152207353 ], [ 31.372296434716969, -22.859895071140954 ], [ 31.374534903772108, -22.86669124157849 ], [ 31.377543738711481, -22.868546232053472 ], [ 31.385401677972855, -22.868301073251828 ], [ 31.387302460502553, -22.867444341463361 ], [ 31.390558885486001, -22.868154655783716 ], [ 31.391299284673504, -22.869832898124741 ], [ 31.391744155850709, -22.874262632318533 ], [ 31.392193367954533, -22.879152993660966 ], [ 31.400915060143294, -22.896743226878691 ], [ 31.392867330949418, -22.912123217035763 ], [ 31.388611134798129, -22.920849227969736 ], [ 31.383331595883465, -22.939345244797501 ], [ 31.38336021825112, -22.945965253836231 ], [ 31.384782113415525, -22.947758842746769 ], [ 31.387303908254392, -22.949726164542806 ], [ 31.390195174587419, -22.950143866626725 ], [ 31.393992834392968, -22.948954144351678 ], [ 31.400551082040689, -22.945191245909598 ], [ 31.407531603059603, -22.941143302076991 ], [ 31.416835114256141, -22.934345673100871 ], [ 31.420990486911968, -22.928318157567755 ], [ 31.424043227125985, -22.924022580837232 ], [ 31.426990152289527, -22.923807965279593 ], [ 31.431111096391994, -22.925781409417841 ], [ 31.435242006324238, -22.930292607318201 ], [ 31.433117277841966, -22.93615092936847 ], [ 31.430117615365653, -22.93837906961032 ], [ 31.426241414717541, -22.93629060834353 ], [ 31.424151839596167, -22.935700911842638 ], [ 31.422563435767817, -22.937301701827952 ], [ 31.422450501439947, -22.941156865879261 ], [ 31.423818514659096, -22.944277165410238 ], [ 31.424069372489519, -22.947034147355513 ], [ 31.419918544080435, -22.951788371409283 ], [ 31.416435457562226, -22.955284788609795 ], [ 31.414847107918234, -22.95768924908942 ], [ 31.41522648299572, -22.961955707128848 ], [ 31.419914442812907, -22.966409661654833 ], [ 31.420977465417895, -22.970610674655703 ], [ 31.421234355020548, -22.974523690063265 ], [ 31.419717946934224, -22.979114422533861 ], [ 31.420772261108787, -22.980714401023338 ], [ 31.424941472726054, -22.978660686441266 ], [ 31.427510874973571, -22.97745797499115 ], [ 31.432181558751502, -22.976727576145286 ], [ 31.433228270405294, -22.977306887502525 ], [ 31.433840079549935, -22.977538712681714 ], [ 31.435870345258639, -22.979103084831138 ], [ 31.434648704538908, -22.981005617531064 ], [ 31.431894713364741, -22.982143399794097 ], [ 31.4297487033576, -22.982998163425041 ], [ 31.428155245103394, -22.984147374037178 ], [ 31.427798972626608, -22.986275175036553 ], [ 31.430013705020084, -22.988762625003023 ], [ 31.432534096103197, -22.98928429353974 ], [ 31.435420330929549, -22.987687227215815 ], [ 31.437753556569792, -22.987520599663561 ], [ 31.438911818245753, -22.986890808099499 ], [ 31.439981159662398, -22.991453024318851 ], [ 31.439736279332333, -22.993238772750036 ], [ 31.440855169151586, -22.995191480061262 ], [ 31.443994957569391, -22.997859444923261 ], [ 31.447559437311853, -22.997524150280562 ], [ 31.449405445774598, -22.999032372535744 ], [ 31.448613084500824, -23.000930180890766 ], [ 31.449662586288476, -23.002141600097531 ], [ 31.450963005027909, -23.004448235156939 ], [ 31.453916776458339, -23.005497624467928 ], [ 31.457544492620997, -23.004765359797364 ], [ 31.461461685417653, -23.00259083665312 ], [ 31.466490857014879, -23.000417951431015 ], [ 31.471162191026881, -23.000553431435108 ], [ 31.473084014517209, -23.003154897654039 ], [ 31.472907308616637, -23.00585352186863 ], [ 31.474202880022215, -23.007762564516032 ], [ 31.475316985201363, -23.008459669217487 ], [ 31.476978702821445, -23.009044630104341 ], [ 31.480358286829741, -23.01043178941767 ], [ 31.481411438476211, -23.012221045272291 ], [ 31.481803321447455, -23.016433350050246 ], [ 31.480833948232519, -23.020226186638645 ], [ 31.478154478698819, -23.025113411653891 ], [ 31.477064501218123, -23.029203082957579 ], [ 31.477702941008772, -23.034040910859979 ], [ 31.480228309163831, -23.035952712948138 ], [ 31.482574277188395, -23.038205941501086 ], [ 31.482905147746827, -23.042643429770582 ], [ 31.478936672765059, -23.050173428955233 ], [ 31.477721522017777, -23.052356305471346 ], [ 31.477607700067555, -23.054667186368864 ], [ 31.478169938342418, -23.055873744691748 ], [ 31.479947391197108, -23.055764411808845 ], [ 31.483373833966169, -23.052202917723925 ], [ 31.486616680385936, -23.049334984337282 ], [ 31.489377415701348, -23.04768158419245 ], [ 31.492575583586749, -23.04705283037222 ], [ 31.496123472724701, -23.045686776990806 ], [ 31.498270594319621, -23.043909969385762 ], [ 31.499924682760938, -23.042589046731191 ], [ 31.501458884192175, -23.04328093597751 ], [ 31.501961522717885, -23.045480289964217 ], [ 31.500880169503208, -23.050599782015425 ], [ 31.497632928235515, -23.053007385724605 ], [ 31.494143634061977, -23.05610801403877 ], [ 31.492133782881432, -23.059556833358197 ], [ 31.49129580224557, -23.063811558423911 ], [ 31.492224517163457, -23.065427974598823 ], [ 31.493574500885611, -23.065151852364078 ], [ 31.496334389461229, -23.063597679155627 ], [ 31.497427741737727, -23.061819900027938 ], [ 31.498036468032293, -23.060615504337232 ], [ 31.501280375907339, -23.056762874503704 ], [ 31.5038470565345, -23.054122976988108 ], [ 31.505937857923257, -23.05303190975399 ], [ 31.508946632679393, -23.054541443344384 ], [ 31.509515633839371, -23.056045997218476 ], [ 31.508108519268593, -23.058859501750888 ], [ 31.503833827338013, -23.064147517360201 ], [ 31.501538138460532, -23.072262888389432 ], [ 31.502610787920901, -23.079407714282691 ], [ 31.502688845930052, -23.082054597083996 ], [ 31.500973810548906, -23.083546537115058 ], [ 31.500181446333379, -23.084577600829579 ], [ 31.50007008992716, -23.087574898477193 ], [ 31.501863526166794, -23.090463844354577 ], [ 31.50599319372995, -23.092200843009419 ], [ 31.509315576958361, -23.0927921842685 ], [ 31.517372864520784, -23.094258869939896 ], [ 31.522452198061778, -23.10113411232027 ], [ 31.524401331838767, -23.1112763665258 ], [ 31.532504884231194, -23.132846310936468 ], [ 31.536262429619459, -23.135735114054206 ], [ 31.540621441764749, -23.139008715474517 ], [ 31.546971589094973, -23.140593663989037 ], [ 31.547899541509612, -23.140575121897598 ], [ 31.557022232434104, -23.167797894602923 ], [ 31.555577706418934, -23.167694339015302 ], [ 31.553241913283852, -23.166905240590971 ], [ 31.550908190417825, -23.165926471369151 ], [ 31.547330611895656, -23.164358201256075 ], [ 31.546774676926677, -23.163377698640961 ], [ 31.542941835564829, -23.160136199763091 ], [ 31.539106269663574, -23.156262402861405 ], [ 31.537682905935057, -23.153323080421583 ], [ 31.5340258368444, -23.147436865186048 ], [ 31.529873842101356, -23.142187174998757 ], [ 31.524070089107944, -23.137093522053501 ], [ 31.515800734532849, -23.131588138293857 ], [ 31.507858957844537, -23.129192167540289 ], [ 31.496759296801972, -23.124544075242792 ], [ 31.491276848146359, -23.122333280905089 ], [ 31.484876858252804, -23.120113491565984 ], [ 31.477602303391453, -23.117541830786156 ], [ 31.472307920621372, -23.115160624966812 ], [ 31.466397291354831, -23.114615596381402 ], [ 31.463267913490405, -23.115054757411428 ], [ 31.458344566465446, -23.115268619259115 ] ] ] ] } },
{ "type": "Feature", "properties": { "OBJECTID": 33, "LSCAP_ID": 16, "ZONE10": 7, "ZONE17": 11, "Z17CODE": "L", "LANDSCAPE": "Punda Maria Sandveld on Cave Sandstone", "LABEL": "16: Punda Maria Sandveld on Cave Sandstone", "ALLIANCES_": 11, "ALLIANCES": "11: Clarens sandstone hills with Terminalia sericea bush savanna or Soutpansberg group mountains with Burkea africana tree savanna", "AREA_HA": 694.342, "PERIMETER_": 13.175, "PERIMETE_1": 13.174 }, "geometry": { "type": "MultiPolygon", "coordinates": [ [ [ [ 31.152449406355387, -22.638181307247041 ], [ 31.153613729970569, -22.633318232486808 ], [ 31.151222172609053, -22.631746452400872 ], [ 31.148869925788823, -22.621433540640218 ], [ 31.151554312308221, -22.615639796170299 ], [ 31.156374449645991, -22.607215554896925 ], [ 31.158664141478422, -22.60545378801887 ], [ 31.163041819288551, -22.603923600460682 ], [ 31.163727393680126, -22.605764658442489 ], [ 31.164643268600287, -22.607843143964903 ], [ 31.164467061597385, -22.609394392244408 ], [ 31.166614869625384, -22.612462261414159 ], [ 31.167916361519005, -22.617010493650476 ], [ 31.16491313899121, -22.619757590667323 ], [ 31.164002454340803, -22.62314267082688 ], [ 31.165291858991658, -22.624936452046558 ], [ 31.168482572444759, -22.62346481132284 ], [ 31.177786156021259, -22.621683380017167 ], [ 31.177860902350723, -22.626344036870773 ], [ 31.175654791342875, -22.628395999280812 ], [ 31.172101291582422, -22.628608390234202 ], [ 31.170086485226062, -22.630897245090416 ], [ 31.170402769969428, -22.634928501718282 ], [ 31.17114011521323, -22.637284870291943 ], [ 31.170597076012861, -22.639355711028255 ], [ 31.16685981523537, -22.640198012889901 ], [ 31.158598417109044, -22.643245952343509 ], [ 31.156384292376934, -22.640755161668025 ], [ 31.152449406355387, -22.638181307247041 ] ] ] ] } },
{ "type": "Feature", "properties": { "OBJECTID": 34, "LSCAP_ID": 34, "ZONE10": 7, "ZONE17": 11, "Z17CODE": "L", "LANDSCAPE": "Punda Maria Sandveld on Waterberg sandstone", "LABEL": "34: Punda Maria Sandveld on Waterberg sandstone", "ALLIANCES_": 11, "ALLIANCES": "11: Clarens sandstone hills with Terminalia sericea bush savanna or Soutpansberg group mountains with Burkea africana tree savanna", "AREA_HA": 1394.519, "PERIMETER_": 17.695, "PERIMETE_1": 17.694 }, "geometry": { "type": "MultiPolygon", "coordinates": [ [ [ [ 31.142001828614593, -22.80532176999154 ], [ 31.139794817256121, -22.803589297504754 ], [ 31.137717653725744, -22.801623526051962 ], [ 31.136000868849987, -22.799661944478821 ], [ 31.134033397681574, -22.79751680673958 ], [ 31.132197995448841, -22.794975861633425 ], [ 31.13109655128217, -22.791468230271082 ], [ 31.131461475434921, -22.788989174141712 ], [ 31.13256669468289, -22.787214119205679 ], [ 31.135322405096829, -22.785097146570951 ], [ 31.13727914153975, -22.783720310028702 ], [ 31.138505431308531, -22.782343954821499 ], [ 31.139667025191219, -22.779991557407918 ], [ 31.140275169380878, -22.777515303652279 ], [ 31.140151327400929, -22.775156939682606 ], [ 31.140333232930306, -22.772513167694626 ], [ 31.141499056305925, -22.770558133045451 ], [ 31.143518576384462, -22.768838780126703 ], [ 31.143277492020442, -22.768664398447484 ], [ 31.145361552002385, -22.767930080641161 ], [ 31.146580748420547, -22.768504127908436 ], [ 31.148301114337997, -22.770185688957593 ], [ 31.150384205361814, -22.77169083052565 ], [ 31.152398811646666, -22.772499813812733 ], [ 31.155100346032363, -22.772919379039433 ], [ 31.157177302454159, -22.773440052081341 ], [ 31.159634006330037, -22.773965079366871 ], [ 31.162506566064145, -22.773980125003085 ], [ 31.165144000787496, -22.774100780483121 ], [ 31.167891710748467, -22.773256400885295 ], [ 31.170770780540707, -22.77205225952444 ], [ 31.173833955692739, -22.770913383533426 ], [ 31.176770289938197, -22.770522526769184 ], [ 31.179347712397103, -22.770759655011396 ], [ 31.181249178534916, -22.772036577060913 ], [ 31.182715447924679, -22.773823260774794 ], [ 31.183153161752486, -22.776067809601372 ], [ 31.182966756132831, -22.778377494247025 ], [ 31.182354294700577, -22.780501713894523 ], [ 31.181008393875505, -22.78285236026084 ], [ 31.179291670283419, -22.78452147380586 ], [ 31.177827483172059, -22.786238604013221 ], [ 31.175261344840443, -22.790254911625421 ], [ 31.173978694289922, -22.792958395689805 ], [ 31.174527625763549, -22.796351099698612 ], [ 31.174346434746315, -22.798254449361242 ], [ 31.174288109353874, -22.800439149048369 ], [ 31.173062704452644, -22.801761615259245 ], [ 31.171043274522276, -22.802731805642374 ], [ 31.168226962901699, -22.802834923291446 ], [ 31.167430963680459, -22.801904671511142 ], [ 31.166199927566556, -22.800003157998223 ], [ 31.164969474481119, -22.798787954461073 ], [ 31.162828347722428, -22.798663960468108 ], [ 31.159273993000149, -22.797160037679753 ], [ 31.158482697889809, -22.795886645047293 ], [ 31.15731555108054, -22.792143609342702 ], [ 31.155784994841781, -22.792252340607451 ], [ 31.154255665348487, -22.792993197835361 ], [ 31.153088579306566, -22.794316179648042 ], [ 31.152721341084266, -22.796271516157756 ], [ 31.15204988844318, -22.79839490185201 ], [ 31.15125179827254, -22.801961672201127 ], [ 31.149478834630688, -22.804144505994405 ], [ 31.146971153391547, -22.805912410735402 ], [ 31.144518630146191, -22.80647988029266 ], [ 31.142001828614593, -22.80532176999154 ] ] ] ] } },
{ "type": "Feature", "properties": { "OBJECTID": 35, "LSCAP_ID": 23, "ZONE10": 8, "ZONE17": 13, "Z17CODE": "L", "LANDSCAPE": "Colophospermum mopane shrubveld on basalt", "LABEL": "23: Colophospermum mopane shrubveld on basalt", "ALLIANCES_": 13, "ALLIANCES": "13: Basaltic or gabbroic plains with Acacia nigriscens bush savanna or Colophospermum mopane bush or shrub savanna", "AREA_HA": 754.436, "PERIMETER_": 11.993, "PERIMETE_1": 11.993 }, "geometry": { "type": "MultiPolygon", "coordinates": [ [ [ [ 31.306875632214197, -23.019255325294672 ], [ 31.305345266082792, -23.021487579135311 ], [ 31.300853167216882, -23.021818693449049 ], [ 31.294464275742193, -23.020919141451763 ], [ 31.288434936939638, -23.020140622536125 ], [ 31.281621678744262, -23.024256973061778 ], [ 31.275793328279427, -23.027616147655841 ], [ 31.270621397980861, -23.026918526725765 ], [ 31.269628412377678, -23.022925200749672 ], [ 31.269260229047735, -23.021196340311715 ], [ 31.269541486381367, -23.01291840377711 ], [ 31.270456711563561, -23.009234909306176 ], [ 31.271185266426723, -23.00641630143534 ], [ 31.270128984243385, -23.003569166457034 ], [ 31.274982984195962, -23.002348814114601 ], [ 31.27762587462448, -23.003172277458155 ], [ 31.279663382054132, -23.004043304955815 ], [ 31.284828745126653, -23.005968682726465 ], [ 31.291223444030095, -23.006344873919055 ], [ 31.297795570259016, -23.005801589489021 ], [ 31.302526202441641, -23.005075744028211 ], [ 31.3049364287094, -23.006582598146814 ], [ 31.306297270080716, -23.010101065873251 ], [ 31.307220173499406, -23.012756926527548 ], [ 31.308645511176358, -23.015806472058102 ], [ 31.306875632214197, -23.019255325294672 ] ] ] ] } },
{ "type": "Feature", "properties": { "OBJECTID": 36, "LSCAP_ID": 23, "ZONE10": 8, "ZONE17": 13, "Z17CODE": "L", "LANDSCAPE": "Colophospermum mopane shrubveld on basalt", "LABEL": "23: Colophospermum mopane shrubveld on basalt", "ALLIANCES_": 13, "ALLIANCES": "13: Basaltic or gabbroic plains with Acacia nigriscens bush savanna or Colophospermum mopane bush or shrub savanna", "AREA_HA": 8130.594, "PERIMETER_": 37.79, "PERIMETE_1": 37.792 }, "geometry": { "type": "MultiPolygon", "coordinates": [ [ [ [ 31.346598419413457, -23.115482526998317 ], [ 31.342957253228384, -23.113051187435467 ], [ 31.337213516238879, -23.105368862924283 ], [ 31.33209612994921, -23.102352797152147 ], [ 31.326000457728661, -23.100310542223198 ], [ 31.319726332851783, -23.10085795004753 ], [ 31.312663010440478, -23.102841565706903 ], [ 31.306822744800328, -23.106147416718873 ], [ 31.304185182481739, -23.107058270861387 ], [ 31.300742839582554, -23.108303574780347 ], [ 31.295327307613491, -23.108859232789975 ], [ 31.290095299936691, -23.10802599142011 ], [ 31.286464507419133, -23.105647698659357 ], [ 31.283821222330886, -23.107768230892095 ], [ 31.284449751192604, -23.109779837745602 ], [ 31.284818530916251, -23.112258204683453 ], [ 31.283046173484632, -23.114207572241614 ], [ 31.279535099995915, -23.113157903235678 ], [ 31.278543590937101, -23.112054398468072 ], [ 31.273373752481497, -23.110941335202945 ], [ 31.275815893094236, -23.103183774706608 ], [ 31.275865310606182, -23.10007782908324 ], [ 31.273978647672816, -23.084235796748882 ], [ 31.274509478735894, -23.074001011143505 ], [ 31.273379013278461, -23.066222422983291 ], [ 31.272804331137458, -23.059253617256356 ], [ 31.27218353864205, -23.056664104058676 ], [ 31.26787222954794, -23.051162488093649 ], [ 31.27498492585681, -23.046661785692315 ], [ 31.280695693160197, -23.043409778135278 ], [ 31.28646135274596, -23.041196660736187 ], [ 31.290764074571545, -23.038913334377781 ], [ 31.296414132366422, -23.037330728676338 ], [ 31.302187279375875, -23.036038215849185 ], [ 31.307657496814034, -23.033992701029405 ], [ 31.31417722995322, -23.033845588811623 ], [ 31.319831617411044, -23.035025559969664 ], [ 31.331091278176807, -23.037438575037459 ], [ 31.343825455878765, -23.040597747446625 ], [ 31.347698264591433, -23.041487153402819 ], [ 31.355275662726996, -23.043471646138606 ], [ 31.3619185495374, -23.046900067852061 ], [ 31.369933813516713, -23.053087755760092 ], [ 31.374812888650872, -23.058809366462771 ], [ 31.379811366681281, -23.062743957032975 ], [ 31.38734596649493, -23.072556311522387 ], [ 31.389469103890843, -23.081139236886479 ], [ 31.390971702597582, -23.088568895031653 ], [ 31.387733599004051, -23.094884549015934 ], [ 31.384601912956157, -23.097173456112053 ], [ 31.376864717453085, -23.100887019859812 ], [ 31.371403062941454, -23.102067971449582 ], [ 31.356231809737974, -23.110923351922381 ], [ 31.352426988077422, -23.113096189168459 ], [ 31.346598419413457, -23.115482526998317 ] ] ] ] } },
{ "type": "Feature", "properties": { "OBJECTID": 37, "LSCAP_ID": 22, "ZONE10": 8, "ZONE17": 13, "Z17CODE": "L", "LANDSCAPE": "Combretum / Colophospermum mopane Rugged Veld", "LABEL": "22: Combretum / Colophospermum mopane Rugged Veld", "ALLIANCES_": 13, "ALLIANCES": "13: Basaltic or gabbroic plains with Acacia nigriscens bush savanna or Colophospermum mopane bush or shrub savanna", "AREA_HA": 72348.874, "PERIMETER_": 391.048, "PERIMETE_1": 391.111 }, "geometry": { "type": "MultiPolygon", "coordinates": [ [ [ [ 31.475263722569064, -23.158565426457915 ], [ 31.482345075133601, -23.16026843382879 ], [ 31.488814030775213, -23.162597430836872 ], [ 31.494119005232534, -23.165095667201463 ], [ 31.499063224012303, -23.170182219951247 ], [ 31.505737688439222, -23.176946786428861 ], [ 31.509386613811802, -23.180873791087617 ], [ 31.518582555981787, -23.185864515615833 ], [ 31.5204977484659, -23.187598448512357 ], [ 31.526047849840705, -23.190161190084783 ], [ 31.530318874849407, -23.19535793212281 ], [ 31.533724827067903, -23.201070315023365 ], [ 31.536959040527474, -23.206428819285261 ], [ 31.537534496832158, -23.211907057654141 ], [ 31.541514445703726, -23.220613945026734 ], [ 31.544360972720565, -23.223042620424351 ], [ 31.549900334693124, -23.222253919884839 ], [ 31.551295788719312, -23.218807840441073 ], [ 31.551394900345233, -23.214148656548762 ], [ 31.549904013130341, -23.211958395747729 ], [ 31.548539777307091, -23.208902296452717 ], [ 31.548277124169648, -23.20608213855467 ], [ 31.548009281433114, -23.201934345181776 ], [ 31.54797575991984, -23.195088381660931 ], [ 31.547656872657921, -23.192954072818267 ], [ 31.545043187024014, -23.18621070766849 ], [ 31.541838454745868, -23.186253297319006 ], [ 31.539689135787643, -23.187163581791815 ], [ 31.537295144715294, -23.187213598769205 ], [ 31.526930845520173, -23.1826826268044 ], [ 31.517109897678687, -23.174119196802625 ], [ 31.511044710177195, -23.166096495122627 ], [ 31.504483472173156, -23.157951469425718 ], [ 31.498495755905786, -23.152746775418823 ], [ 31.494546199115391, -23.151345389180662 ], [ 31.486545869891195, -23.149751522539685 ], [ 31.481744941468055, -23.148522265776862 ], [ 31.478283267080762, -23.14632141891007 ], [ 31.474644660081548, -23.143369210244444 ], [ 31.467256353514085, -23.141265545552898 ], [ 31.464666811259395, -23.139696035312522 ], [ 31.460990984871167, -23.129780245529194 ], [ 31.460430240238754, -23.126722282889521 ], [ 31.459618734067242, -23.124248886260279 ], [ 31.459786966054551, -23.121487032937782 ], [ 31.458344566465446, -23.115268619259115 ], [ 31.463267913490405, -23.115054757411428 ], [ 31.466397291354831, -23.114615596381402 ], [ 31.472307920621372, -23.115160624966812 ], [ 31.477602303391453, -23.117541830786156 ], [ 31.484876858252804, -23.120113491565984 ], [ 31.491276848146359, -23.122333280905089 ], [ 31.496759296801972, -23.124544075242792 ], [ 31.507858957844537, -23.129192167540289 ], [ 31.515800734532849, -23.131588138293857 ], [ 31.524070089107944, -23.137093522053501 ], [ 31.529873842101356, -23.142187174998757 ], [ 31.5340258368444, -23.147436865186048 ], [ 31.537682905935057, -23.153323080421583 ], [ 31.539106269663574, -23.156262402861405 ], [ 31.542941835564829, -23.160136199763091 ], [ 31.546774676926677, -23.163377698640961 ], [ 31.547330611895656, -23.164358201256075 ], [ 31.550908190417825, -23.165926471369151 ], [ 31.553241913283852, -23.166905240590971 ], [ 31.555577706418934, -23.167694339015302 ], [ 31.557022232434104, -23.167797894602923 ], [ 31.563165496228454, -23.186160452436717 ], [ 31.563277531431396, -23.187561320642878 ], [ 31.55671458558281, -23.251017752557321 ], [ 31.556634023871148, -23.252145908742904 ], [ 31.555381427215139, -23.252287920703953 ], [ 31.553521441082541, -23.252559796422133 ], [ 31.551391722866114, -23.25337103117144 ], [ 31.549820610455214, -23.254042897321582 ], [ 31.547619882486693, -23.255991347133477 ], [ 31.546464292126274, -23.260703938737244 ], [ 31.545380067604253, -23.265137212267671 ], [ 31.544097472570595, -23.268927423505573 ], [ 31.541725060994061, -23.274044100196889 ], [ 31.539643955175947, -23.276634734790441 ], [ 31.537389806612072, -23.281635025220442 ], [ 31.535256335306329, -23.287205357997667 ], [ 31.534300887534663, -23.29410520058309 ], [ 31.534334344967515, -23.299975703640861 ], [ 31.533623465039913, -23.305956645320705 ], [ 31.533663287262133, -23.314807442767574 ], [ 31.532511538487849, -23.319068341593042 ], [ 31.533700173259103, -23.324814175579121 ], [ 31.534108324496923, -23.332178282721383 ], [ 31.535174666871306, -23.336604430239284 ], [ 31.53649685625717, -23.343570679079082 ], [ 31.538320025187964, -23.350351944299408 ], [ 31.538910500295081, -23.358060911372405 ], [ 31.539841326637077, -23.360598282276861 ], [ 31.543012591848143, -23.366687653362316 ], [ 31.542967888430386, -23.370778284028042 ], [ 31.542372326797011, -23.375143740753948 ], [ 31.541972363506488, -23.381299151852527 ], [ 31.540102980230596, -23.391188697508962 ], [ 31.539755025432392, -23.407748240548155 ], [ 31.541281944813637, -23.419313096767954 ], [ 31.543477029313653, -23.427082140112404 ], [ 31.546190954249411, -23.439335336972139 ], [ 31.547526313807392, -23.447900070501625 ], [ 31.549253638890157, -23.461814746299147 ], [ 31.550259501573496, -23.480852243710146 ], [ 31.55139005266788, -23.484014542451433 ], [ 31.555453285065628, -23.493001892525434 ], [ 31.556781057457318, -23.497854765047823 ], [ 31.558519192760002, -23.507299124929368 ], [ 31.560960803091266, -23.517815614528022 ], [ 31.565229209508178, -23.530606644569964 ], [ 31.57235748869984, -23.541689911950197 ], [ 31.590224595364408, -23.563689668713518 ], [ 31.597312562064072, -23.573389800400044 ], [ 31.602382457916693, -23.580371244520098 ], [ 31.605810133507468, -23.582388849463051 ], [ 31.607719645799918, -23.585286847028119 ], [ 31.612842563452251, -23.591979462933914 ], [ 31.618111983789671, -23.599702757455162 ], [ 31.622528041406408, -23.607553783489713 ], [ 31.625792352453256, -23.615936359528845 ], [ 31.629118906783205, -23.622142962115781 ], [ 31.636684711059996, -23.625072445857967 ], [ 31.641630318587573, -23.626434351231833 ], [ 31.646636588453987, -23.630487869786734 ], [ 31.651267922823489, -23.636723479295163 ], [ 31.656741909369838, -23.644962117340175 ], [ 31.657967616034291, -23.655502884622894 ], [ 31.656004985701667, -23.661437302052523 ], [ 31.650566958338381, -23.665878435773298 ], [ 31.647447745758299, -23.671721361278326 ], [ 31.644597862116768, -23.678993455430231 ], [ 31.646279002464901, -23.688084253430656 ], [ 31.649744237873509, -23.697271883827867 ], [ 31.652153006970096, -23.706233503135937 ], [ 31.651538961074191, -23.714446293782359 ], [ 31.650156381622832, -23.723934753791845 ], [ 31.65045117747642, -23.73150522215315 ], [ 31.65027601195851, -23.739938546628078 ], [ 31.651307238657107, -23.750305972459824 ], [ 31.651749037908139, -23.761706790569868 ], [ 31.652568780901401, -23.773571466552436 ], [ 31.65338006339362, -23.782455873070614 ], [ 31.654414627992846, -23.795397063529133 ], [ 31.653460194968343, -23.802297322910594 ], [ 31.652208779561754, -23.809429773154719 ], [ 31.652005285547382, -23.816779075142385 ], [ 31.654233396727594, -23.828213476852639 ], [ 31.656438957341614, -23.836152730180558 ], [ 31.658894931176672, -23.846496324876977 ], [ 31.661620629627823, -23.855469545946324 ], [ 31.664314806771248, -23.862762722683133 ], [ 31.664728698127739, -23.870279924868012 ], [ 31.666485052869294, -23.877131450666809 ], [ 31.667032578551073, -23.885038120717574 ], [ 31.666919868784824, -23.888369497278184 ], [ 31.66944754841797, -23.893782747542112 ], [ 31.673836721498461, -23.89968162300055 ], [ 31.678270256998395, -23.905120194817108 ], [ 31.686875058674712, -23.909980238698466 ], [ 31.695010062877909, -23.912776809026372 ], [ 31.704089784537484, -23.916429824776081 ], [ 31.712053870630676, -23.922673856532679 ], [ 31.719030789755191, -23.928475789564075 ], [ 31.72695084575134, -23.935350882445846 ], [ 31.736161408313265, -23.936926059326137 ], [ 31.743443718284087, -23.939794408683365 ], [ 31.749567169985205, -23.943655422053801 ], [ 31.753372412375828, -23.950540814763574 ], [ 31.758264205451752, -23.956884027875976 ], [ 31.763446353965637, -23.962714673323738 ], [ 31.769836381059701, -23.969728861601954 ], [ 31.767870527886839, -23.974923926436446 ], [ 31.760860647059161, -23.978245027247407 ], [ 31.758258145229629, -23.983154845686002 ], [ 31.753815330663564, -23.988275439709923 ], [ 31.745749872172638, -23.993908152062883 ], [ 31.743474059346756, -23.996463306715953 ], [ 31.727820431699566, -24.004913473757597 ], [ 31.720316900927962, -24.008183367221005 ], [ 31.712686920897166, -24.011280232732432 ], [ 31.706763923570936, -24.013722846197833 ], [ 31.702660705719069, -24.012125850318569 ], [ 31.697409565746888, -24.009335973140558 ], [ 31.692451149724555, -24.010675447328541 ], [ 31.687126877129558, -24.015118175780863 ], [ 31.681538330178515, -24.021337468865088 ], [ 31.675458904188378, -24.03318740247267 ], [ 31.672458410291959, -24.04481994181954 ], [ 31.671803976895134, -24.05681592824925 ], [ 31.672171935366546, -24.065018893507432 ], [ 31.672945891939406, -24.069134522990982 ], [ 31.672496517137862, -24.076481511003582 ], [ 31.675116651332775, -24.088551010096651 ], [ 31.676693777110955, -24.100683680097063 ], [ 31.677444120307026, -24.111915146924918 ], [ 31.676037026814424, -24.123407857256318 ], [ 31.672188148088463, -24.133100301976917 ], [ 31.668270337581607, -24.142737833376298 ], [ 31.664159464223225, -24.149113543727761 ], [ 31.656625647241523, -24.157138684705394 ], [ 31.651688468562472, -24.162432110966098 ], [ 31.645491660770272, -24.169529287529752 ], [ 31.636192069062375, -24.17861223035656 ], [ 31.627861428036759, -24.184416232336332 ], [ 31.625013645447435, -24.18927597780711 ], [ 31.623621108373314, -24.182355208982706 ], [ 31.623420534206634, -24.179030236096033 ], [ 31.62241577414213, -24.169927612725029 ], [ 31.621263551866381, -24.159902549358289 ], [ 31.616636384799513, -24.14632417120081 ], [ 31.614579818597726, -24.137175829272252 ], [ 31.612277448298297, -24.128034256569268 ], [ 31.611393267764239, -24.124260557828425 ], [ 31.610388541125339, -24.120720546840417 ], [ 31.61314338848538, -24.119815458830416 ], [ 31.619758111286217, -24.11770808528119 ], [ 31.626866894307675, -24.112615791681886 ], [ 31.632451023315276, -24.105595052401714 ], [ 31.639841131156217, -24.094246509650112 ], [ 31.641176948978242, -24.087909966048187 ], [ 31.641888969921048, -24.081017002405581 ], [ 31.641608548172741, -24.074024911063368 ], [ 31.638892788675342, -24.065746896912948 ], [ 31.634684690642874, -24.057265891066347 ], [ 31.625225791452195, -24.047879816150758 ], [ 31.616959332057771, -24.039289621719725 ], [ 31.607375411815188, -24.027147098384344 ], [ 31.600951140831945, -24.021164582450183 ], [ 31.5988240294764, -24.016955015324978 ], [ 31.596313171374323, -24.011884014440323 ], [ 31.5960142790946, -24.009533359572131 ], [ 31.597052337684733, -24.003555672801323 ], [ 31.599047129084539, -23.996358572072584 ], [ 31.601885769583596, -23.991092620052346 ], [ 31.606282800401921, -23.986211023268119 ], [ 31.607524693236872, -23.981318737165012 ], [ 31.605219211774653, -23.977279215257095 ], [ 31.602093776651191, -23.972735515872138 ], [ 31.60039989510064, -23.96851185871235 ], [ 31.601171204970431, -23.964428069696503 ], [ 31.602669185868198, -23.95947492911251 ], [ 31.603486861130751, -23.957459532382714 ], [ 31.606756793297407, -23.95218831842822 ], [ 31.607061000988121, -23.946736628960153 ], [ 31.60534157120853, -23.938503223064036 ], [ 31.601640601876568, -23.930007950665182 ], [ 31.597323494131782, -23.921299273330689 ], [ 31.594300495543067, -23.915600469232654 ], [ 31.592174837704459, -23.908699737515899 ], [ 31.591850254273236, -23.902393437802711 ], [ 31.592401747661366, -23.896817599167601 ], [ 31.592085346387638, -23.893383087739753 ], [ 31.589354807594397, -23.887054736359858 ], [ 31.58745745024596, -23.881799599308483 ], [ 31.586919154256851, -23.877107790820364 ], [ 31.585803048966984, -23.874081327795647 ], [ 31.587323639585058, -23.873318662199921 ], [ 31.593901460045881, -23.86983889983069 ], [ 31.598299380016893, -23.865408855826374 ], [ 31.600743175126205, -23.861873020193677 ], [ 31.602802536331595, -23.857547986317673 ], [ 31.602112239144041, -23.851418949216036 ], [ 31.599050293573729, -23.849458573534282 ], [ 31.59315467622768, -23.849883462391841 ], [ 31.589157320521004, -23.850000421018663 ], [ 31.585137374299027, -23.849484926146829 ], [ 31.582654870452867, -23.845732467735683 ], [ 31.579814576039333, -23.8423920826536 ], [ 31.58000713426426, -23.840036872393135 ], [ 31.584462653853588, -23.83567093251995 ], [ 31.590088811879163, -23.831053675171734 ], [ 31.594884333197182, -23.825137242094719 ], [ 31.59743235000219, -23.820970220155893 ], [ 31.59771420157767, -23.816665156499173 ], [ 31.598750249904004, -23.810678207615513 ], [ 31.596950895186726, -23.804575172846906 ], [ 31.596638896164865, -23.798901066609044 ], [ 31.597768139351228, -23.791533259086307 ], [ 31.601910355093988, -23.784129536934863 ], [ 31.605488863223318, -23.776169713830292 ], [ 31.609975817666403, -23.764858522120178 ], [ 31.610806434307872, -23.757785877139924 ], [ 31.610294236510217, -23.748732438233613 ], [ 31.609955539822664, -23.73904839573423 ], [ 31.611919919691182, -23.727714336820299 ], [ 31.611812455315434, -23.720262956588254 ], [ 31.610625222897966, -23.711040867327949 ], [ 31.61049163461616, -23.705133510861476 ], [ 31.608788486454404, -23.697414915524131 ], [ 31.605982123511023, -23.690174036994446 ], [ 31.606020958957796, -23.683744434121063 ], [ 31.60373287981735, -23.674828447412537 ], [ 31.602686788328278, -23.666239714589224 ], [ 31.601902968193688, -23.656045845102032 ], [ 31.599040184328384, -23.648686942524382 ], [ 31.59577818171633, -23.642940900888085 ], [ 31.594347350860069, -23.633725494953307 ], [ 31.592900749763633, -23.624166757289448 ], [ 31.593842438265643, -23.622260750681502 ], [ 31.592895231080306, -23.618260518455521 ], [ 31.590615018843327, -23.612442006461617 ], [ 31.587640965115053, -23.605542479586578 ], [ 31.58674683425706, -23.598445105806746 ], [ 31.586428566986438, -23.592481827470671 ], [ 31.584971130131468, -23.584927766777504 ], [ 31.582744255372802, -23.581520884284792 ], [ 31.577013650284805, -23.577756812452627 ], [ 31.571931795455949, -23.570205539192148 ], [ 31.567228818051351, -23.560291521150376 ], [ 31.561884399745423, -23.549071001853097 ], [ 31.556885879333596, -23.53944296038614 ], [ 31.554763826467006, -23.529263541282027 ], [ 31.553400768218886, -23.520454810712319 ], [ 31.552943849442208, -23.519249457793357 ], [ 31.547625265200878, -23.508597692217375 ], [ 31.542922577987952, -23.50167224486319 ], [ 31.539931139793186, -23.496776598891728 ], [ 31.541442355597354, -23.492031487527761 ], [ 31.542355180978781, -23.489159180838765 ], [ 31.539902437018451, -23.479825384839987 ], [ 31.537285772405621, -23.47561955608856 ], [ 31.535548423309709, -23.473363588148491 ], [ 31.534993534847839, -23.473078417762633 ], [ 31.530252215872757, -23.473340841185287 ], [ 31.52889143183533, -23.473337037426699 ], [ 31.527407901177398, -23.472925674028691 ], [ 31.526602430226564, -23.472285904255799 ], [ 31.525918849084022, -23.471249925642656 ], [ 31.525852677860435, -23.470156567017167 ], [ 31.526585375337518, -23.469413931809797 ], [ 31.529052073587778, -23.468561228347539 ], [ 31.52942534669652, -23.468447348003387 ], [ 31.53003544929232, -23.468164113129131 ], [ 31.53058941709282, -23.467645544213461 ], [ 31.530462575746682, -23.466723200356434 ], [ 31.529352979241416, -23.466143795002406 ], [ 31.528298318464984, -23.465908073377928 ], [ 31.52731087874729, -23.465790380794189 ], [ 31.525214730326116, -23.465897002707347 ], [ 31.51751552108384, -23.46718765343444 ], [ 31.516222721374046, -23.467238572906286 ], [ 31.512706497544844, -23.467394721613633 ], [ 31.512153003432445, -23.466992085383701 ], [ 31.511658345096492, -23.466580978068379 ], [ 31.511831838365588, -23.465950476735102 ], [ 31.513000967827065, -23.463830355878393 ], [ 31.517592970237281, -23.458500724978755 ], [ 31.523609018548704, -23.452714818669467 ], [ 31.532855756852832, -23.451257770572461 ], [ 31.534823140871616, -23.451267228443662 ], [ 31.535991137503135, -23.450980173400261 ], [ 31.53889056468325, -23.44990558304486 ], [ 31.540614276472656, -23.44892831513501 ], [ 31.541769563089325, -23.446229840718733 ], [ 31.541510054169763, -23.443120777900955 ], [ 31.539366388426195, -23.435117392746438 ], [ 31.53542125705075, -23.421868186278218 ], [ 31.534351406280646, -23.417712952226459 ], [ 31.533853701963217, -23.415811785275963 ], [ 31.532840926610248, -23.410925571803023 ], [ 31.531646301781926, -23.405676405574567 ], [ 31.531261756426197, -23.402394560673301 ], [ 31.529141073163718, -23.384439159252505 ], [ 31.528257124255084, -23.381206791123454 ], [ 31.528468749069791, -23.37355956033101 ], [ 31.528523408171566, -23.359742689066927 ], [ 31.52751243042319, -23.354739048049058 ], [ 31.5234260407546, -23.337740370090124 ], [ 31.523353614122083, -23.335445815982109 ], [ 31.526153358223628, -23.327226884905812 ], [ 31.525507717148145, -23.321928638397623 ], [ 31.523769630719393, -23.319040411040323 ], [ 31.517791513054185, -23.317575140151444 ], [ 31.512440488661682, -23.318644274346241 ], [ 31.507878058526476, -23.319142752040253 ], [ 31.503566343455546, -23.318207568623425 ], [ 31.501462689310653, -23.317446926757153 ], [ 31.500409807246534, -23.316289924186297 ], [ 31.499294843655012, -23.313696400460557 ], [ 31.49946213208321, -23.310988718148195 ], [ 31.500382889110917, -23.309101030805312 ], [ 31.503819001363446, -23.306117526104458 ], [ 31.506273566685326, -23.305210744628283 ], [ 31.506708881451953, -23.30475431225695 ], [ 31.50490437851597, -23.302614834094065 ], [ 31.501645991692385, -23.302836593113891 ], [ 31.501942825210339, -23.299904365851713 ], [ 31.50340928467303, -23.299042366263102 ], [ 31.509013747863726, -23.297975918437889 ], [ 31.514246891448874, -23.297763693813195 ], [ 31.515784350022159, -23.297543448252608 ], [ 31.517687422807914, -23.296974434525733 ], [ 31.520376700465302, -23.292502383415826 ], [ 31.517781324004869, -23.289380234534118 ], [ 31.514889024941091, -23.290120510904064 ], [ 31.511749795751911, -23.291084164610805 ], [ 31.509962061752827, -23.290958817961641 ], [ 31.516426042230144, -23.277581931355762 ], [ 31.520954304587033, -23.272079618484366 ], [ 31.521144421568895, -23.260169444256519 ], [ 31.519785816512254, -23.25751053929778 ], [ 31.513314694550729, -23.256681759526426 ], [ 31.503895829864501, -23.258127566456469 ], [ 31.499283358330427, -23.258914398396836 ], [ 31.494734044026004, -23.259295303327139 ], [ 31.456673070422397, -23.256758355206976 ], [ 31.448159503765421, -23.25257442927111 ], [ 31.445552215401506, -23.247319774947865 ], [ 31.447442690588797, -23.242732731651838 ], [ 31.449033160805651, -23.239569574905481 ], [ 31.447853346784328, -23.236803505277884 ], [ 31.444759408037534, -23.23477708675663 ], [ 31.441503198037047, -23.235792401904703 ], [ 31.439325016328198, -23.230659315915187 ], [ 31.440033756240766, -23.221807073761422 ], [ 31.446315006675832, -23.209289246246623 ], [ 31.450110638211651, -23.204648686859354 ], [ 31.45466060294034, -23.201505538526298 ], [ 31.458577432310996, -23.197326517025953 ], [ 31.458808583507604, -23.19335516179844 ], [ 31.457251343542762, -23.189438528202544 ], [ 31.452688031446893, -23.186991492153894 ], [ 31.448629901700844, -23.188188777097679 ], [ 31.438631569162567, -23.195323641256724 ], [ 31.431814728566792, -23.199319733345199 ], [ 31.422658608064257, -23.203644270215001 ], [ 31.417686758744303, -23.206041683153202 ], [ 31.415106251458134, -23.206142130573213 ], [ 31.411833630998633, -23.204456479453526 ], [ 31.41041203570926, -23.201570323140569 ], [ 31.41131708702812, -23.196910539046691 ], [ 31.420131737933808, -23.185051501484001 ], [ 31.420536804495303, -23.180504017055966 ], [ 31.417564316186073, -23.175769089015144 ], [ 31.412939205654929, -23.172868785116119 ], [ 31.40244181391985, -23.162747445887554 ], [ 31.400083190214787, -23.156573517893527 ], [ 31.396739804015127, -23.15028117274721 ], [ 31.390885738990498, -23.148180535355234 ], [ 31.387203271995368, -23.150689569004467 ], [ 31.385983481635687, -23.152239403384026 ], [ 31.382716245524112, -23.152684529148743 ], [ 31.37989546662903, -23.153359946830864 ], [ 31.371291448552942, -23.157398276441157 ], [ 31.366203478252231, -23.159783879149391 ], [ 31.363868564840423, -23.162252116309165 ], [ 31.363204376063667, -23.166272905839488 ], [ 31.364148811140829, -23.170536177008323 ], [ 31.364402620779149, -23.174566502316264 ], [ 31.363070575946189, -23.180485816103225 ], [ 31.361670221751865, -23.183180448584938 ], [ 31.357548051541411, -23.185575762129808 ], [ 31.350798780165569, -23.188702022132137 ], [ 31.347229234800096, -23.189025795398958 ], [ 31.341156924001108, -23.19584321360432 ], [ 31.336024112025708, -23.204846672165328 ], [ 31.332536120592739, -23.211158209188017 ], [ 31.328005034491031, -23.218036511888059 ], [ 31.325695803962883, -23.22613939984085 ], [ 31.327561280876743, -23.232480623573199 ], [ 31.32787028062447, -23.235129852227747 ], [ 31.327339348639637, -23.240876633012242 ], [ 31.324276110965755, -23.245928151372368 ], [ 31.321221726976592, -23.251033873485966 ], [ 31.31803791012371, -23.256309714176556 ], [ 31.315955734077832, -23.261010318443034 ], [ 31.315532609586196, -23.26434704228566 ], [ 31.317577151796396, -23.26809854419518 ], [ 31.319249934619179, -23.27110554541801 ], [ 31.318468897385696, -23.275702702840785 ], [ 31.317607381789259, -23.277364097959293 ], [ 31.316323647911265, -23.279951090376898 ], [ 31.3147876688137, -23.281605226295035 ], [ 31.31355717548891, -23.280734113247529 ], [ 31.309661970157215, -23.276456930294604 ], [ 31.3076133627257, -23.26994198468801 ], [ 31.308195434585027, -23.261775734960992 ], [ 31.310582124119183, -23.254649338186873 ], [ 31.316831348868416, -23.247320508732127 ], [ 31.319776551104898, -23.243134814601547 ], [ 31.320873275630664, -23.23905573425975 ], [ 31.319807175199429, -23.234447819461757 ], [ 31.317898405005923, -23.23236844613054 ], [ 31.312409235120967, -23.230611859599406 ], [ 31.308539622929594, -23.231392024943332 ], [ 31.303994841996897, -23.23533448930009 ], [ 31.299384406042041, -23.237497104773798 ], [ 31.296916400425708, -23.236386720037888 ], [ 31.295554622490805, -23.232813971569183 ], [ 31.292651657001532, -23.22980242173335 ], [ 31.289198242625506, -23.227823327518848 ], [ 31.284830424412554, -23.229356033085377 ], [ 31.281690427106053, -23.229619731397307 ], [ 31.280634466975059, -23.226619130177834 ], [ 31.279519651066913, -23.22287738879967 ], [ 31.278092548678703, -23.219872710440683 ], [ 31.274212812467347, -23.218412397424302 ], [ 31.269611152585345, -23.222181643654928 ], [ 31.266477723301879, -23.225732154387689 ], [ 31.262612714959438, -23.228416627178156 ], [ 31.260762467410935, -23.228685129655183 ], [ 31.259459758153, -23.226665980470099 ], [ 31.259643646364477, -23.223787351649513 ], [ 31.260861423671301, -23.219538526817765 ], [ 31.262756355974016, -23.216561415463065 ], [ 31.263616065819107, -23.215812366482773 ], [ 31.261108515963201, -23.208000516971403 ], [ 31.263894933893869, -23.205575054215902 ], [ 31.265673977551682, -23.203228734514521 ], [ 31.268742206936825, -23.199388516822722 ], [ 31.271998313697143, -23.196877757064019 ], [ 31.283189643858435, -23.194128622596903 ], [ 31.289026583481576, -23.192205515531001 ], [ 31.296465041900312, -23.18954097203444 ], [ 31.299354989642822, -23.188118328048411 ], [ 31.30470808727949, -23.187345286085993 ], [ 31.314303963806879, -23.187863775771909 ], [ 31.32026617260674, -23.186807745798053 ], [ 31.330530483994316, -23.183060919219102 ], [ 31.345328925941434, -23.175152850251781 ], [ 31.348703262260397, -23.171603115930516 ], [ 31.351395393036253, -23.166321302970399 ], [ 31.359781964797037, -23.153765912408996 ], [ 31.367083076340911, -23.150066916385637 ], [ 31.371696496228115, -23.149744400998344 ], [ 31.375203552076382, -23.149654174666328 ], [ 31.379502881416578, -23.147025344715061 ], [ 31.384214315392001, -23.140147114724314 ], [ 31.386530552819018, -23.135095534695079 ], [ 31.388099856184695, -23.127164476961546 ], [ 31.388755432833573, -23.122962816269791 ], [ 31.393349740173289, -23.115965635716982 ], [ 31.398129524440662, -23.113864903315811 ], [ 31.402551137539263, -23.110667656477471 ], [ 31.408021959892988, -23.109548939019319 ], [ 31.413367811384006, -23.109918870834207 ], [ 31.421869693179765, -23.113417832657866 ], [ 31.425089634756759, -23.116935953359597 ], [ 31.426946102169676, -23.120169493102374 ], [ 31.430453888472744, -23.121631329635893 ], [ 31.436418744951933, -23.121717671586183 ], [ 31.439856413937463, -23.120812494004682 ], [ 31.442568009367463, -23.121056037481186 ], [ 31.445353693872107, -23.125039095394236 ], [ 31.445997087625919, -23.132757899892262 ], [ 31.446753185300047, -23.137479523863369 ], [ 31.446587352077731, -23.140006563627484 ], [ 31.448080933041552, -23.145141841624454 ], [ 31.452148000805845, -23.148153035421778 ], [ 31.457083277614345, -23.150414031836448 ], [ 31.461394293372237, -23.151765684288623 ], [ 31.465148379732259, -23.151432028105599 ], [ 31.4693345216305, -23.152610661755539 ], [ 31.472364497329249, -23.155846088186522 ], [ 31.475263722569064, -23.158565426457915 ] ] ] ] } },
{ "type": "Feature", "properties": { "OBJECTID": 38, "LSCAP_ID": 23, "ZONE10": 8, "ZONE17": 13, "Z17CODE": "L", "LANDSCAPE": "Colophospermum mopane shrubveld on basalt", "LABEL": "23: Colophospermum mopane shrubveld on basalt", "ALLIANCES_": 13, "ALLIANCES": "13: Basaltic or gabbroic plains with Acacia nigriscens bush savanna or Colophospermum mopane bush or shrub savanna", "AREA_HA": 3478.608, "PERIMETER_": 26.661, "PERIMETE_1": 26.663 }, "geometry": { "type": "MultiPolygon", "coordinates": [ [ [ [ 31.359351744536166, -23.136160588486117 ], [ 31.356098102128698, -23.137120068233994 ], [ 31.337209262286386, -23.153231270821731 ], [ 31.334831493933358, -23.158344577080168 ], [ 31.332435645128157, -23.16017050515924 ], [ 31.328509396867013, -23.163325716403914 ], [ 31.318745443223548, -23.168576903447693 ], [ 31.303554585441457, -23.168043722660496 ], [ 31.297646402046759, -23.165659124552345 ], [ 31.294995383166135, -23.1659916629309 ], [ 31.292783802128842, -23.166328920742338 ], [ 31.289099591824307, -23.168031813498779 ], [ 31.287877749010271, -23.169644013974548 ], [ 31.286647604665429, -23.171138717113333 ], [ 31.281022579855218, -23.174129687422617 ], [ 31.280863398852141, -23.170533840431219 ], [ 31.281288420082639, -23.167079826166855 ], [ 31.280005544646851, -23.151289648623955 ], [ 31.281341138195884, -23.146111714967432 ], [ 31.279488065057663, -23.140573888037512 ], [ 31.280331006296194, -23.135733731884084 ], [ 31.279579011951537, -23.132682261314272 ], [ 31.280906080555507, -23.1289220027925 ], [ 31.288234776570654, -23.127710379235886 ], [ 31.290080040355516, -23.127721370886572 ], [ 31.292298163128603, -23.128359484711023 ], [ 31.296717864190924, -23.126312210612763 ], [ 31.314230019918305, -23.122761744613914 ], [ 31.320611068485228, -23.118413859897498 ], [ 31.322755162414168, -23.117154327246848 ], [ 31.325025551407222, -23.115155593049465 ], [ 31.329634692201275, -23.11350670698922 ], [ 31.332594384402778, -23.115759558867477 ], [ 31.334936816716912, -23.118195488074203 ], [ 31.341902616396993, -23.122603594434022 ], [ 31.348353379155267, -23.1228609307454 ], [ 31.355790420595987, -23.120708057753966 ], [ 31.359534756412653, -23.118706103607497 ], [ 31.362109494155572, -23.117333097004508 ], [ 31.362660456362924, -23.116986618207097 ], [ 31.364078088105597, -23.117633479862299 ], [ 31.36513039373764, -23.119423448426627 ], [ 31.362230923701681, -23.133869632626404 ], [ 31.359351744536166, -23.136160588486117 ] ] ] ] } },
{ "type": "Feature", "properties": { "OBJECTID": 39, "LSCAP_ID": 23, "ZONE10": 8, "ZONE17": 13, "Z17CODE": "L", "LANDSCAPE": "Colophospermum mopane shrubveld on basalt", "LABEL": "23: Colophospermum mopane shrubveld on basalt", "ALLIANCES_": 13, "ALLIANCES": "13: Basaltic or gabbroic plains with Acacia nigriscens bush savanna or Colophospermum mopane bush or shrub savanna", "AREA_HA": 97413.07, "PERIMETER_": 221.028, "PERIMETE_1": 221.058 }, "geometry": { "type": "MultiPolygon", "coordinates": [ [ [ [ 31.342717378340037, -23.342217330763763 ], [ 31.342028953071082, -23.338588833619955 ], [ 31.34140765930416, -23.335069410057962 ], [ 31.340840572104945, -23.331911776370763 ], [ 31.339470261653808, -23.327291724952882 ], [ 31.337914832313736, -23.322624547324679 ], [ 31.336369051541585, -23.318761169269141 ], [ 31.333698505370101, -23.314145325581975 ], [ 31.330425409555037, -23.31160002598644 ], [ 31.324367618440078, -23.308916551235143 ], [ 31.323069216894311, -23.304080420124677 ], [ 31.322077014888475, -23.302119231876151 ], [ 31.321207924842309, -23.299698805136771 ], [ 31.320339543830837, -23.297224199447975 ], [ 31.320266707600744, -23.294460109869345 ], [ 31.319833248814405, -23.292387498968417 ], [ 31.319700297348064, -23.289740159703928 ], [ 31.318708672196198, -23.286966222013938 ], [ 31.318396175275382, -23.284605930430192 ], [ 31.31355717548891, -23.280734113247529 ], [ 31.3147876688137, -23.281605226295035 ], [ 31.316323647911265, -23.279951090376898 ], [ 31.317607381789259, -23.277364097959293 ], [ 31.318468897385696, -23.275702702840785 ], [ 31.319249934619179, -23.27110554541801 ], [ 31.317577151796396, -23.26809854419518 ], [ 31.315532609586196, -23.26434704228566 ], [ 31.315955734077832, -23.261010318443034 ], [ 31.31803791012371, -23.256309714176556 ], [ 31.321221726976592, -23.251033873485966 ], [ 31.324276110965755, -23.245928151372368 ], [ 31.327339348639637, -23.240876633012242 ], [ 31.32787028062447, -23.235129852227747 ], [ 31.327561280876743, -23.232480623573199 ], [ 31.325695803962883, -23.22613939984085 ], [ 31.328005034491031, -23.218036511888059 ], [ 31.332536120592739, -23.211158209188017 ], [ 31.336024112025708, -23.204846672165328 ], [ 31.341156924001108, -23.19584321360432 ], [ 31.347229234800096, -23.189025795398958 ], [ 31.350798780165569, -23.188702022132137 ], [ 31.357548051541411, -23.185575762129808 ], [ 31.361670221751865, -23.183180448584938 ], [ 31.363070575946189, -23.180485816103225 ], [ 31.364402620779149, -23.174566502316264 ], [ 31.364148811140829, -23.170536177008323 ], [ 31.363204376063667, -23.166272905839488 ], [ 31.363868564840423, -23.162252116309165 ], [ 31.366203478252231, -23.159783879149391 ], [ 31.371291448552942, -23.157398276441157 ], [ 31.37989546662903, -23.153359946830864 ], [ 31.382716245524112, -23.152684529148743 ], [ 31.385983481635687, -23.152239403384026 ], [ 31.387203271995368, -23.150689569004467 ], [ 31.390885738990498, -23.148180535355234 ], [ 31.396739804015127, -23.15028117274721 ], [ 31.400083190214787, -23.156573517893527 ], [ 31.40244181391985, -23.162747445887554 ], [ 31.412939205654929, -23.172868785116119 ], [ 31.417564316186073, -23.175769089015144 ], [ 31.420536804495303, -23.180504017055966 ], [ 31.420131737933808, -23.185051501484001 ], [ 31.41131708702812, -23.196910539046691 ], [ 31.41041203570926, -23.201570323140569 ], [ 31.411833630998633, -23.204456479453526 ], [ 31.415106251458134, -23.206142130573213 ], [ 31.417686758744303, -23.206041683153202 ], [ 31.422658608064257, -23.203644270215001 ], [ 31.431814728566792, -23.199319733345199 ], [ 31.438631569162567, -23.195323641256724 ], [ 31.448629901700844, -23.188188777097679 ], [ 31.452688031446893, -23.186991492153894 ], [ 31.457251343542762, -23.189438528202544 ], [ 31.458808583507604, -23.19335516179844 ], [ 31.458577432310996, -23.197326517025953 ], [ 31.45466060294034, -23.201505538526298 ], [ 31.450110638211651, -23.204648686859354 ], [ 31.446315006675832, -23.209289246246623 ], [ 31.440033756240766, -23.221807073761422 ], [ 31.439325016328198, -23.230659315915187 ], [ 31.441503198037047, -23.235792401904703 ], [ 31.444759408037534, -23.23477708675663 ], [ 31.447853346784328, -23.236803505277884 ], [ 31.449033160805651, -23.239569574905481 ], [ 31.447442690588797, -23.242732731651838 ], [ 31.445552215401506, -23.247319774947865 ], [ 31.448159503765421, -23.25257442927111 ], [ 31.456673070422397, -23.256758355206976 ], [ 31.494734044026004, -23.259295303327139 ], [ 31.499283358330427, -23.258914398396836 ], [ 31.503895829864501, -23.258127566456469 ], [ 31.513314694550729, -23.256681759526426 ], [ 31.519785816512254, -23.25751053929778 ], [ 31.521144421568895, -23.260169444256519 ], [ 31.520954304587033, -23.272079618484366 ], [ 31.516426042230144, -23.277581931355762 ], [ 31.509962061752827, -23.290958817961641 ], [ 31.511749795751911, -23.291084164610805 ], [ 31.514889024941091, -23.290120510904064 ], [ 31.517781324004869, -23.289380234534118 ], [ 31.520376700465302, -23.292502383415826 ], [ 31.517687422807914, -23.296974434525733 ], [ 31.515784350022159, -23.297543448252608 ], [ 31.514246891448874, -23.297763693813195 ], [ 31.509013747863726, -23.297975918437889 ], [ 31.50340928467303, -23.299042366263102 ], [ 31.501942825210339, -23.299904365851713 ], [ 31.501645991692385, -23.302836593113891 ], [ 31.50490437851597, -23.302614834094065 ], [ 31.506708881451953, -23.30475431225695 ], [ 31.506273566685326, -23.305210744628283 ], [ 31.503819001363446, -23.306117526104458 ], [ 31.500382889110917, -23.309101030805312 ], [ 31.49946213208321, -23.310988718148195 ], [ 31.499294843655012, -23.313696400460557 ], [ 31.500409807246534, -23.316289924186297 ], [ 31.501462689310653, -23.317446926757153 ], [ 31.503566343455546, -23.318207568623425 ], [ 31.507878058526476, -23.319142752040253 ], [ 31.512440488661682, -23.318644274346241 ], [ 31.517791513054185, -23.317575140151444 ], [ 31.523769630719393, -23.319040411040323 ], [ 31.525507717148145, -23.321928638397623 ], [ 31.526153358223628, -23.327226884905812 ], [ 31.523353614122083, -23.335445815982109 ], [ 31.5234260407546, -23.337740370090124 ], [ 31.52751243042319, -23.354739048049058 ], [ 31.528523408171566, -23.359742689066927 ], [ 31.528468749069791, -23.37355956033101 ], [ 31.528257124255084, -23.381206791123454 ], [ 31.529141073163718, -23.384439159252505 ], [ 31.531261756426197, -23.402394560673301 ], [ 31.531646301781926, -23.405676405574567 ], [ 31.532840926610248, -23.410925571803023 ], [ 31.533853701963217, -23.415811785275963 ], [ 31.534351406280646, -23.417712952226459 ], [ 31.53542125705075, -23.421868186278218 ], [ 31.539366388426195, -23.435117392746438 ], [ 31.541510054169763, -23.443120777900955 ], [ 31.541769563089325, -23.446229840718733 ], [ 31.540614276472656, -23.44892831513501 ], [ 31.53889056468325, -23.44990558304486 ], [ 31.535991137503135, -23.450980173400261 ], [ 31.534823140871616, -23.451267228443662 ], [ 31.532855756852832, -23.451257770572461 ], [ 31.523609018548704, -23.452714818669467 ], [ 31.517592970237281, -23.458500724978755 ], [ 31.513000967827065, -23.463830355878393 ], [ 31.511831838365588, -23.465950476735102 ], [ 31.511658345096492, -23.466580978068379 ], [ 31.512153003432445, -23.466992085383701 ], [ 31.512706497544844, -23.467394721613633 ], [ 31.516222721374046, -23.467238572906286 ], [ 31.51751552108384, -23.46718765343444 ], [ 31.525214730326116, -23.465897002707347 ], [ 31.52731087874729, -23.465790380794189 ], [ 31.528298318464984, -23.465908073377928 ], [ 31.529352979241416, -23.466143795002406 ], [ 31.530462575746682, -23.466723200356434 ], [ 31.53058941709282, -23.467645544213461 ], [ 31.53003544929232, -23.468164113129131 ], [ 31.52942534669652, -23.468447348003387 ], [ 31.529052073587778, -23.468561228347539 ], [ 31.526585375337518, -23.469413931809797 ], [ 31.525852677860435, -23.470156567017167 ], [ 31.525918849084022, -23.471249925642656 ], [ 31.526602430226564, -23.472285904255799 ], [ 31.527407901177398, -23.472925674028691 ], [ 31.52889143183533, -23.473337037426699 ], [ 31.530252215872757, -23.473340841185287 ], [ 31.534993534847839, -23.473078417762633 ], [ 31.535548423309709, -23.473363588148491 ], [ 31.537285772405621, -23.47561955608856 ], [ 31.539902437018451, -23.479825384839987 ], [ 31.542355180978781, -23.489159180838765 ], [ 31.541442355597354, -23.492031487527761 ], [ 31.539931139793186, -23.496776598891728 ], [ 31.542922577987952, -23.50167224486319 ], [ 31.547625265200878, -23.508597692217375 ], [ 31.552943849442208, -23.519249457793357 ], [ 31.553400768218886, -23.520454810712319 ], [ 31.554763826467006, -23.529263541282027 ], [ 31.556885879333596, -23.53944296038614 ], [ 31.561884399745423, -23.549071001853097 ], [ 31.567228818051351, -23.560291521150376 ], [ 31.571931795455949, -23.570205539192148 ], [ 31.577013650284805, -23.577756812452627 ], [ 31.582744255372802, -23.581520884284792 ], [ 31.584971130131468, -23.584927766777504 ], [ 31.586428566986438, -23.592481827470671 ], [ 31.58674683425706, -23.598445105806746 ], [ 31.587640965115053, -23.605542479586578 ], [ 31.590615018843327, -23.612442006461617 ], [ 31.592895231080306, -23.618260518455521 ], [ 31.593842438265643, -23.622260750681502 ], [ 31.592900749763633, -23.624166757289448 ], [ 31.594347350860069, -23.633725494953307 ], [ 31.59577818171633, -23.642940900888085 ], [ 31.599040184328384, -23.648686942524382 ], [ 31.601902968193688, -23.656045845102032 ], [ 31.602686788328278, -23.666239714589224 ], [ 31.60373287981735, -23.674828447412537 ], [ 31.606020958957796, -23.683744434121063 ], [ 31.605982123511023, -23.690174036994446 ], [ 31.608788486454404, -23.697414915524131 ], [ 31.61049163461616, -23.705133510861476 ], [ 31.610625222897966, -23.711040867327949 ], [ 31.611812455315434, -23.720262956588254 ], [ 31.611919919691182, -23.727714336820299 ], [ 31.609955539822664, -23.73904839573423 ], [ 31.610294236510217, -23.748732438233613 ], [ 31.610806434307872, -23.757785877139924 ], [ 31.609975817666403, -23.764858522120178 ], [ 31.605488863223318, -23.776169713830292 ], [ 31.601910355093988, -23.784129536934863 ], [ 31.597768139351228, -23.791533259086307 ], [ 31.596638896164865, -23.798901066609044 ], [ 31.596950895186726, -23.804575172846906 ], [ 31.598750249904004, -23.810678207615513 ], [ 31.59771420157767, -23.816665156499173 ], [ 31.59743235000219, -23.820970220155893 ], [ 31.594884333197182, -23.825137242094719 ], [ 31.590088811879163, -23.831053675171734 ], [ 31.584462653853588, -23.83567093251995 ], [ 31.58000713426426, -23.840036872393135 ], [ 31.579814576039333, -23.8423920826536 ], [ 31.575121208968593, -23.841535995659203 ], [ 31.571791360458025, -23.841685776077654 ], [ 31.570808202641444, -23.841812117759261 ], [ 31.567082888640755, -23.843105007834453 ], [ 31.562805170101718, -23.844627446478892 ], [ 31.55869653442026, -23.848607648526471 ], [ 31.555344799741455, -23.853371455074075 ], [ 31.553010989813306, -23.856636650578629 ], [ 31.548465925792005, -23.857424682303293 ], [ 31.545324940233424, -23.85996873077243 ], [ 31.542902228875089, -23.865002888004867 ], [ 31.538742945743198, -23.875131755488809 ], [ 31.538622971477253, -23.87619620890997 ], [ 31.536044281598514, -23.873218747417759 ], [ 31.534983366144875, -23.872377852552869 ], [ 31.533849609262621, -23.871030552524381 ], [ 31.533495502819875, -23.865852737466952 ], [ 31.533259228604745, -23.8606760419399 ], [ 31.532480348495262, -23.855728965571753 ], [ 31.529686675450282, -23.851837287884123 ], [ 31.525352917954006, -23.847840523878997 ], [ 31.52284431181166, -23.843084539808729 ], [ 31.521753619603388, -23.837971880969292 ], [ 31.51969764281942, -23.834014872433489 ], [ 31.516550533951417, -23.833650483939699 ], [ 31.512622134158978, -23.82862782536694 ], [ 31.512904542705034, -23.824521705410362 ], [ 31.512365323649085, -23.819296912893641 ], [ 31.508392454948869, -23.814779436528934 ], [ 31.50543482940337, -23.811626272154911 ], [ 31.510662366401018, -23.811116958930079 ], [ 31.513418148720575, -23.810457234053764 ], [ 31.518548358710973, -23.811599286317048 ], [ 31.522904055342902, -23.813537466372157 ], [ 31.526371423823122, -23.814184712999278 ], [ 31.532124201671731, -23.809742394023313 ], [ 31.543345890236377, -23.804204707773668 ], [ 31.546989891234404, -23.80484412276321 ], [ 31.555445118256394, -23.811524881147573 ], [ 31.558542449607138, -23.81547312910034 ], [ 31.560885447810008, -23.818411887995822 ], [ 31.562760269131545, -23.819305341322085 ], [ 31.56708829442405, -23.820275775957697 ], [ 31.569187340637935, -23.820421698592686 ], [ 31.570734767297601, -23.820743091851735 ], [ 31.572274165664766, -23.820901844771178 ], [ 31.574558536566681, -23.821157778157435 ], [ 31.578345186022528, -23.819576262768354 ], [ 31.58297602297931, -23.817081287054631 ], [ 31.585959308553385, -23.815338669757853 ], [ 31.588734598623809, -23.812853574768042 ], [ 31.590270952751421, -23.809652714018963 ], [ 31.589732990331033, -23.807661051513403 ], [ 31.588138440190651, -23.805352677425581 ], [ 31.583653257317007, -23.802611395856527 ], [ 31.578746072709542, -23.800787227836647 ], [ 31.572823213996845, -23.797616984088727 ], [ 31.568378661245852, -23.793909378053932 ], [ 31.563107619558597, -23.789525693938256 ], [ 31.556722405994282, -23.784761172221959 ], [ 31.55210040036021, -23.778549994109735 ], [ 31.547244235424795, -23.77314020888636 ], [ 31.543714487093528, -23.769368300614921 ], [ 31.539803289456195, -23.764626440939011 ], [ 31.538553419681669, -23.759692958773194 ], [ 31.536621978044909, -23.75430148430263 ], [ 31.536865368042623, -23.748325547685706 ], [ 31.535422388086548, -23.74401332280824 ], [ 31.528302999035162, -23.733280592101007 ], [ 31.520460333298104, -23.723290184903874 ], [ 31.517864654783445, -23.719499587903641 ], [ 31.516440348046537, -23.71621687110202 ], [ 31.514957267639954, -23.712933578568745 ], [ 31.514340190268499, -23.71026363917187 ], [ 31.514913998318001, -23.708092782725245 ], [ 31.514862635419302, -23.705699190161418 ], [ 31.514017386765115, -23.703261853386586 ], [ 31.510825079435715, -23.703700755062982 ], [ 31.507068519658691, -23.703736803171672 ], [ 31.503849934804656, -23.703037458177842 ], [ 31.501344111917234, -23.700900066534377 ], [ 31.499768157169335, -23.698925172371023 ], [ 31.499160627574923, -23.696309458863389 ], [ 31.498412443373304, -23.693132485738058 ], [ 31.49533276542963, -23.689752255957661 ], [ 31.492112083553465, -23.685855857010637 ], [ 31.490317427085458, -23.682460954338843 ], [ 31.489943530969693, -23.679161167866486 ], [ 31.490127228108385, -23.675975182980739 ], [ 31.490415587831716, -23.672212262212803 ], [ 31.490664040834584, -23.669361034039326 ], [ 31.487718482586629, -23.663760469400412 ], [ 31.484761467023691, -23.65747342279375 ], [ 31.480527016897089, -23.648925207846393 ], [ 31.477634657673494, -23.643036018961535 ], [ 31.475708288233378, -23.63924233283398 ], [ 31.47408495514486, -23.632146434224772 ], [ 31.471246562828352, -23.628415968516574 ], [ 31.466979731440976, -23.624481706157525 ], [ 31.45924765865529, -23.616015772945367 ], [ 31.455194924523479, -23.61060233601804 ], [ 31.453926712956612, -23.602588685433602 ], [ 31.453473799611743, -23.595251402993036 ], [ 31.457806570416079, -23.589244041636494 ], [ 31.458466848696911, -23.585566138846065 ], [ 31.458502420610134, -23.580843520446891 ], [ 31.45762889007219, -23.577619978323668 ], [ 31.457308174011263, -23.575720380511004 ], [ 31.457912973491567, -23.571752943544901 ], [ 31.458149363940134, -23.56996724015633 ], [ 31.457587765372708, -23.567722090813852 ], [ 31.456213783966763, -23.565414689745172 ], [ 31.452318924577469, -23.561709556854389 ], [ 31.44741996269714, -23.557605996954489 ], [ 31.442354803349609, -23.555162244812237 ], [ 31.434992549803834, -23.551494175578981 ], [ 31.432890818500542, -23.549477268970314 ], [ 31.431027598313726, -23.546351991519632 ], [ 31.430089942336576, -23.54365144180143 ], [ 31.426673713003041, -23.537701952381635 ], [ 31.423067302411237, -23.531298945278994 ], [ 31.420822680388262, -23.525704371480565 ], [ 31.418204734979646, -23.520223372955854 ], [ 31.415292833576661, -23.516409983848934 ], [ 31.412372556829148, -23.511675351663925 ], [ 31.408957637539661, -23.504930852830142 ], [ 31.405542516461924, -23.49904418177487 ], [ 31.400826182104513, -23.492286199940622 ], [ 31.394822272846231, -23.485171676355407 ], [ 31.392902699475574, -23.483607685138089 ], [ 31.390452655704511, -23.483808161334323 ], [ 31.385917342760614, -23.478370086563352 ], [ 31.384358725859244, -23.47371229659441 ], [ 31.377786639035964, -23.461164004066383 ], [ 31.37524612946547, -23.458392309475354 ], [ 31.374863189649719, -23.455290884646175 ], [ 31.374653270151203, -23.451649435634742 ], [ 31.375652741699827, -23.445157932500454 ], [ 31.375953658902571, -23.441359249016294 ], [ 31.376193560736482, -23.43934795620018 ], [ 31.375819821918956, -23.437095486063235 ], [ 31.375501201857386, -23.434337883518143 ], [ 31.375060310727868, -23.431976347157363 ], [ 31.374127414068997, -23.429835447626267 ], [ 31.371901266778348, -23.427816519183683 ], [ 31.368498463872154, -23.423599904782819 ], [ 31.366627914038155, -23.41973338357068 ], [ 31.364150643485182, -23.41667322866947 ], [ 31.361925198305475, -23.413037732194912 ], [ 31.360737593283314, -23.410153597160861 ], [ 31.361162415518233, -23.406645216276807 ], [ 31.361826897983978, -23.403536683973851 ], [ 31.362623409909226, -23.400032190169114 ], [ 31.362801555711943, -23.395889080756074 ], [ 31.362907653748554, -23.392034188617874 ], [ 31.361477283223422, -23.387422700264295 ], [ 31.358691351694571, -23.383266560381504 ], [ 31.356338732708867, -23.379683850221696 ], [ 31.353857520288134, -23.376226181636149 ], [ 31.351567918891757, -23.373104624063249 ], [ 31.349460677021554, -23.37027393508296 ], [ 31.348586815855633, -23.366589324257315 ], [ 31.347715234020452, -23.362724124485272 ], [ 31.346102147917058, -23.359501276269782 ], [ 31.34473045691135, -23.355748171593881 ], [ 31.343304507844984, -23.350856647434441 ], [ 31.34285250143953, -23.346300521354799 ], [ 31.342717378340037, -23.342217330763763 ] ] ] ] } },
{ "type": "Feature", "properties": { "OBJECTID": 40, "LSCAP_ID": 22, "ZONE10": 8, "ZONE17": 13, "Z17CODE": "L", "LANDSCAPE": "Combretum / Colophospermum mopane Rugged Veld", "LABEL": "22: Combretum / Colophospermum mopane Rugged Veld", "ALLIANCES_": 13, "ALLIANCES": "13: Basaltic or gabbroic plains with Acacia nigriscens bush savanna or Colophospermum mopane bush or shrub savanna", "AREA_HA": 8205.173, "PERIMETER_": 85.91, "PERIMETE_1": 85.92 }, "geometry": { "type": "MultiPolygon", "coordinates": [ [ [ [ 31.492685373440519, -23.778405744402587 ], [ 31.491365210178319, -23.774609101693621 ], [ 31.494955797023909, -23.769560008032599 ], [ 31.498048246713733, -23.764289242030376 ], [ 31.498572904371628, -23.763030079313424 ], [ 31.497762314112169, -23.756718937154194 ], [ 31.499618031656084, -23.754027830771228 ], [ 31.500826827348284, -23.752992030107496 ], [ 31.503114253983192, -23.750287002825033 ], [ 31.502478911704483, -23.746650591782728 ], [ 31.499823046475779, -23.742985548171166 ], [ 31.498914476854054, -23.740944867964046 ], [ 31.497147735547539, -23.735897721798839 ], [ 31.495198003409438, -23.728004174292955 ], [ 31.49467409537656, -23.723230977385242 ], [ 31.490601303654628, -23.714052430488355 ], [ 31.485242698613572, -23.707561322005802 ], [ 31.482844364712264, -23.704630010848764 ], [ 31.47946438538975, -23.699250796530528 ], [ 31.476124619559499, -23.692120001004266 ], [ 31.473127265614092, -23.68424299021784 ], [ 31.470371636996106, -23.675844549040164 ], [ 31.46610147612919, -23.668713403613765 ], [ 31.462414417250582, -23.662897358169285 ], [ 31.459490321996032, -23.658091201721337 ], [ 31.458306827465734, -23.654512401279455 ], [ 31.455619676968514, -23.649591141526095 ], [ 31.452162807244854, -23.642621275303217 ], [ 31.447038986386929, -23.635733992931637 ], [ 31.443046282451711, -23.626898309333214 ], [ 31.432729759412769, -23.612544413359174 ], [ 31.430854517306972, -23.607892854999644 ], [ 31.427959518277461, -23.601659659550446 ], [ 31.423513521822898, -23.591581778651694 ], [ 31.418145878114625, -23.581611801265893 ], [ 31.414871901047462, -23.577659229987294 ], [ 31.413731375160079, -23.571470785612931 ], [ 31.413162013649782, -23.568304326169724 ], [ 31.411613422238894, -23.567548012848803 ], [ 31.409747547536618, -23.563853554384103 ], [ 31.407390607077307, -23.561084178795301 ], [ 31.404713672675737, -23.553994952525311 ], [ 31.403402288159374, -23.550649271681809 ], [ 31.401153360290916, -23.544648036080595 ], [ 31.399278012988159, -23.537738545652811 ], [ 31.399086213956497, -23.534973265833337 ], [ 31.399234718175467, -23.526748082364481 ], [ 31.398967938957188, -23.52208563882434 ], [ 31.397292530827894, -23.518104039906973 ], [ 31.396408249744649, -23.514302154286526 ], [ 31.39534421901174, -23.508367230404737 ], [ 31.391898041987687, -23.494596398842479 ], [ 31.390399988100892, -23.489758676690016 ], [ 31.390204182712665, -23.486532787808255 ], [ 31.390452655704511, -23.483808161334323 ], [ 31.392902699475574, -23.483607685138089 ], [ 31.394822272846231, -23.485171676355407 ], [ 31.400826182104513, -23.492286199940622 ], [ 31.405542516461924, -23.49904418177487 ], [ 31.408957637539661, -23.504930852830142 ], [ 31.412372556829148, -23.511675351663925 ], [ 31.415292833576661, -23.516409983848934 ], [ 31.418204734979646, -23.520223372955854 ], [ 31.420822680388262, -23.525704371480565 ], [ 31.423067302411237, -23.531298945278994 ], [ 31.426673713003041, -23.537701952381635 ], [ 31.430089942336576, -23.54365144180143 ], [ 31.431027598313726, -23.546351991519632 ], [ 31.432890818500542, -23.549477268970314 ], [ 31.434992549803834, -23.551494175578981 ], [ 31.442354803349609, -23.555162244812237 ], [ 31.44741996269714, -23.557605996954489 ], [ 31.452318924577469, -23.561709556854389 ], [ 31.456213783966763, -23.565414689745172 ], [ 31.457587765372708, -23.567722090813852 ], [ 31.458149363940134, -23.56996724015633 ], [ 31.457912973491567, -23.571752943544901 ], [ 31.457308174011263, -23.575720380511004 ], [ 31.45762889007219, -23.577619978323668 ], [ 31.458502420610134, -23.580843520446891 ], [ 31.458466848696911, -23.585566138846065 ], [ 31.457806570416079, -23.589244041636494 ], [ 31.453473799611743, -23.595251402993036 ], [ 31.453926712956612, -23.602588685433602 ], [ 31.455194924523479, -23.61060233601804 ], [ 31.45924765865529, -23.616015772945367 ], [ 31.466979731440976, -23.624481706157525 ], [ 31.471246562828352, -23.628415968516574 ], [ 31.47408495514486, -23.632146434224772 ], [ 31.475708288233378, -23.63924233283398 ], [ 31.477634657673494, -23.643036018961535 ], [ 31.480527016897089, -23.648925207846393 ], [ 31.484761467023691, -23.65747342279375 ], [ 31.487718482586629, -23.663760469400412 ], [ 31.490664040834584, -23.669361034039326 ], [ 31.490415587831716, -23.672212262212803 ], [ 31.490127228108385, -23.675975182980739 ], [ 31.489943530969693, -23.679161167866486 ], [ 31.490317427085458, -23.682460954338843 ], [ 31.492112083553465, -23.685855857010637 ], [ 31.49533276542963, -23.689752255957661 ], [ 31.498412443373304, -23.693132485738058 ], [ 31.499160627574923, -23.696309458863389 ], [ 31.499768157169335, -23.698925172371023 ], [ 31.501344111917234, -23.700900066534377 ], [ 31.503849934804656, -23.703037458177842 ], [ 31.507068519658691, -23.703736803171672 ], [ 31.510825079435715, -23.703700755062982 ], [ 31.514017386765115, -23.703261853386586 ], [ 31.514862635419302, -23.705699190161418 ], [ 31.514913998318001, -23.708092782725245 ], [ 31.514340190268499, -23.71026363917187 ], [ 31.514957267639954, -23.712933578568745 ], [ 31.516440348046537, -23.71621687110202 ], [ 31.517864654783445, -23.719499587903641 ], [ 31.520460333298104, -23.723290184903874 ], [ 31.528302999035162, -23.733280592101007 ], [ 31.535422388086548, -23.74401332280824 ], [ 31.536865368042623, -23.748325547685706 ], [ 31.536621978044909, -23.75430148430263 ], [ 31.538553419681669, -23.759692958773194 ], [ 31.534257772117691, -23.758658896287031 ], [ 31.53111058427308, -23.758457421656448 ], [ 31.52755985445749, -23.756626539294682 ], [ 31.521629847549359, -23.752641624025149 ], [ 31.517456236917955, -23.744329670607542 ], [ 31.516905451582677, -23.735790531399623 ], [ 31.516431717184727, -23.730846280357373 ], [ 31.514557063044887, -23.729211814532047 ], [ 31.511577202317479, -23.728162708087815 ], [ 31.509273874928255, -23.72972989145455 ], [ 31.505937266572456, -23.732442961904418 ], [ 31.505018567863932, -23.735585728118249 ], [ 31.505310943410791, -23.743490244753982 ], [ 31.507082751503759, -23.748988883666815 ], [ 31.508737491519245, -23.754441222196498 ], [ 31.508942971738126, -23.761378623574348 ], [ 31.507364303751231, -23.768172358462156 ], [ 31.506797091931027, -23.776601334512687 ], [ 31.50979363209516, -23.781443528982461 ], [ 31.504434776061846, -23.78152715872227 ], [ 31.501148361890163, -23.783156884366772 ], [ 31.497734933717101, -23.784731117549079 ], [ 31.494680691856548, -23.783229400943512 ], [ 31.493851841958758, -23.78192093446664 ], [ 31.492685373440519, -23.778405744402587 ] ] ] ] } },
{ "type": "Feature", "properties": { "OBJECTID": 41, "LSCAP_ID": 15, "ZONE10": 5, "ZONE17": 10, "Z17CODE": "L", "LANDSCAPE": "Colophospermum mopane Forest", "LABEL": "15: Colophospermum mopane Forest", "ALLIANCES_": 10, "ALLIANCES": "10: Karoo sediment plains with Colophospermum mopane tree savanna", "AREA_HA": 3334.697, "PERIMETER_": 39.968, "PERIMETE_1": 39.975 }, "geometry": { "type": "MultiPolygon", "coordinates": [ [ [ [ 31.50543482940337, -23.811626272154911 ], [ 31.504015235923394, -23.808740833577929 ], [ 31.502843116136212, -23.805677177293838 ], [ 31.501941966089863, -23.803808160800131 ], [ 31.50155781545055, -23.803072965364134 ], [ 31.500656941468815, -23.800327993939806 ], [ 31.502524101519665, -23.798404587263111 ], [ 31.504251220474004, -23.798421341507904 ], [ 31.505669587221682, -23.797974533779964 ], [ 31.508569089731246, -23.796738327648534 ], [ 31.511412272606933, -23.796133653286152 ], [ 31.514364254457519, -23.796315623544412 ], [ 31.516888954001224, -23.796963015466485 ], [ 31.519350208321463, -23.79714920373446 ], [ 31.522249898348939, -23.797619498030379 ], [ 31.52514295960394, -23.797809729917027 ], [ 31.527914260407179, -23.797484007523362 ], [ 31.530998252702229, -23.797278608915356 ], [ 31.533649057091068, -23.796319498765563 ], [ 31.536605244443564, -23.795254871709822 ], [ 31.539391334668355, -23.794477553057643 ], [ 31.542411697382942, -23.793810762384968 ], [ 31.544568133590651, -23.792286893144102 ], [ 31.545257024907162, -23.790351819587542 ], [ 31.544402096154244, -23.788691166346393 ], [ 31.542745684574708, -23.786742996158861 ], [ 31.541277304588899, -23.785537092091637 ], [ 31.538818517462193, -23.784267618960541 ], [ 31.536482181848172, -23.783459826964236 ], [ 31.533645330219539, -23.784408200567221 ], [ 31.530996700838006, -23.785195762376873 ], [ 31.528828948934166, -23.785978831280286 ], [ 31.526000344884441, -23.786186636506581 ], [ 31.523348357364618, -23.786396079378651 ], [ 31.520087795962706, -23.785750775714845 ], [ 31.517565851254755, -23.784877707636742 ], [ 31.51553834394867, -23.783675227760927 ], [ 31.512349101616493, -23.781946793391167 ], [ 31.50979363209516, -23.781443528982461 ], [ 31.506797091931027, -23.776601334512687 ], [ 31.507364303751231, -23.768172358462156 ], [ 31.508942971738126, -23.761378623574348 ], [ 31.508737491519245, -23.754441222196498 ], [ 31.507082751503759, -23.748988883666815 ], [ 31.505310943410791, -23.743490244753982 ], [ 31.505018567863932, -23.735585728118249 ], [ 31.505937266572456, -23.732442961904418 ], [ 31.509273874928255, -23.72972989145455 ], [ 31.511577202317479, -23.728162708087815 ], [ 31.514557063044887, -23.729211814532047 ], [ 31.516431717184727, -23.730846280357373 ], [ 31.516905451582677, -23.735790531399623 ], [ 31.517456236917955, -23.744329670607542 ], [ 31.521629847549359, -23.752641624025149 ], [ 31.52755985445749, -23.756626539294682 ], [ 31.53111058427308, -23.758457421656448 ], [ 31.534257772117691, -23.758658896287031 ], [ 31.538553419681669, -23.759692958773194 ], [ 31.539803289456195, -23.764626440939011 ], [ 31.543714487093528, -23.769368300614921 ], [ 31.547244235424795, -23.77314020888636 ], [ 31.55210040036021, -23.778549994109735 ], [ 31.556722405994282, -23.784761172221959 ], [ 31.563107619558597, -23.789525693938256 ], [ 31.568378661245852, -23.793909378053932 ], [ 31.572823213996845, -23.797616984088727 ], [ 31.578746072709542, -23.800787227836647 ], [ 31.583653257317007, -23.802611395856527 ], [ 31.588138440190651, -23.805352677425581 ], [ 31.589732990331033, -23.807661051513403 ], [ 31.590270952751421, -23.809652714018963 ], [ 31.588734598623809, -23.812853574768042 ], [ 31.585959308553385, -23.815338669757853 ], [ 31.58297602297931, -23.817081287054631 ], [ 31.578345186022528, -23.819576262768354 ], [ 31.574558536566681, -23.821157778157435 ], [ 31.572274165664766, -23.820901844771178 ], [ 31.570734767297601, -23.820743091851735 ], [ 31.569187340637935, -23.820421698592686 ], [ 31.56708829442405, -23.820275775957697 ], [ 31.562760269131545, -23.819305341322085 ], [ 31.560885447810008, -23.818411887995822 ], [ 31.558542449607138, -23.81547312910034 ], [ 31.555445118256394, -23.811524881147573 ], [ 31.546989891234404, -23.80484412276321 ], [ 31.543345890236377, -23.804204707773668 ], [ 31.532124201671731, -23.809742394023313 ], [ 31.526371423823122, -23.814184712999278 ], [ 31.522904055342902, -23.813537466372157 ], [ 31.518548358710973, -23.811599286317048 ], [ 31.513418148720575, -23.810457234053764 ], [ 31.510662366401018, -23.811116958930079 ], [ 31.50543482940337, -23.811626272154911 ] ] ] ] } },
{ "type": "Feature", "properties": { "OBJECTID": 42, "LSCAP_ID": 23, "ZONE10": 8, "ZONE17": 13, "Z17CODE": "L", "LANDSCAPE": "Colophospermum mopane shrubveld on basalt", "LABEL": "23: Colophospermum mopane shrubveld on basalt", "ALLIANCES_": 13, "ALLIANCES": "13: Basaltic or gabbroic plains with Acacia nigriscens bush savanna or Colophospermum mopane bush or shrub savanna", "AREA_HA": 823.112, "PERIMETER_": 15.033, "PERIMETE_1": 15.035 }, "geometry": { "type": "MultiPolygon", "coordinates": [ [ [ [ 31.500656941468815, -23.800327993939806 ], [ 31.497901844358797, -23.799235603507491 ], [ 31.495996066619426, -23.798539755235279 ], [ 31.494474416288419, -23.796023490398021 ], [ 31.49201602492435, -23.793895398184304 ], [ 31.489441945616615, -23.790745701702019 ], [ 31.488473231133518, -23.788803710525546 ], [ 31.487744739414595, -23.786457699933319 ], [ 31.488004570934116, -23.784356161603821 ], [ 31.488013246046282, -23.782757864782756 ], [ 31.487891650700654, -23.781393082199312 ], [ 31.486292893599831, -23.778785686583401 ], [ 31.487729046899332, -23.77848369763403 ], [ 31.489641157565668, -23.777752892324003 ], [ 31.492685373440519, -23.778405744402587 ], [ 31.493851841958758, -23.78192093446664 ], [ 31.494680691856548, -23.783229400943512 ], [ 31.497734933717101, -23.784731117549079 ], [ 31.501148361890163, -23.783156884366772 ], [ 31.504434776061846, -23.78152715872227 ], [ 31.50979363209516, -23.781443528982461 ], [ 31.512349101616493, -23.781946793391167 ], [ 31.51553834394867, -23.783675227760927 ], [ 31.517565851254755, -23.784877707636742 ], [ 31.520087795962706, -23.785750775714845 ], [ 31.523348357364618, -23.786396079378651 ], [ 31.526000344884441, -23.786186636506581 ], [ 31.528828948934166, -23.785978831280286 ], [ 31.530996700838006, -23.785195762376873 ], [ 31.533645330219539, -23.784408200567221 ], [ 31.536482181848172, -23.783459826964236 ], [ 31.538818517462193, -23.784267618960541 ], [ 31.541277304588899, -23.785537092091637 ], [ 31.542745684574708, -23.786742996158861 ], [ 31.544402096154244, -23.788691166346393 ], [ 31.545257024907162, -23.790351819587542 ], [ 31.544568133590651, -23.792286893144102 ], [ 31.542411697382942, -23.793810762384968 ], [ 31.539391334668355, -23.794477553057643 ], [ 31.536605244443564, -23.795254871709822 ], [ 31.533649057091068, -23.796319498765563 ], [ 31.530998252702229, -23.797278608915356 ], [ 31.527914260407179, -23.797484007523362 ], [ 31.52514295960394, -23.797809729917027 ], [ 31.522249898348939, -23.797619498030379 ], [ 31.519350208321463, -23.79714920373446 ], [ 31.516888954001224, -23.796963015466485 ], [ 31.514364254457519, -23.796315623544412 ], [ 31.511412272606933, -23.796133653286152 ], [ 31.508569089731246, -23.796738327648534 ], [ 31.505669587221682, -23.797974533779964 ], [ 31.504251220474004, -23.798421341507904 ], [ 31.502524101519665, -23.798404587263111 ], [ 31.500656941468815, -23.800327993939806 ] ] ] ] } },
{ "type": "Feature", "properties": { "OBJECTID": 43, "LSCAP_ID": 15, "ZONE10": 5, "ZONE17": 10, "Z17CODE": "L", "LANDSCAPE": "Colophospermum mopane Forest", "LABEL": "15: Colophospermum mopane Forest", "ALLIANCES_": 10, "ALLIANCES": "10: Karoo sediment plains with Colophospermum mopane tree savanna", "AREA_HA": 2141.146, "PERIMETER_": 20.472, "PERIMETE_1": 20.476 }, "geometry": { "type": "MultiPolygon", "coordinates": [ [ [ [ 31.547034774490928, -23.897669003976848 ], [ 31.542323709641867, -23.896486590475796 ], [ 31.540120763298461, -23.894117784765729 ], [ 31.539123456007278, -23.887597375729335 ], [ 31.539651673373083, -23.883412267671115 ], [ 31.53968563530303, -23.879511439069031 ], [ 31.539753790911902, -23.876938408801088 ], [ 31.538622971477253, -23.87619620890997 ], [ 31.538742945743198, -23.875131755488809 ], [ 31.542902228875089, -23.865002888004867 ], [ 31.545324940233424, -23.85996873077243 ], [ 31.548465925792005, -23.857424682303293 ], [ 31.553010989813306, -23.856636650578629 ], [ 31.555344799741455, -23.853371455074075 ], [ 31.55869653442026, -23.848607648526471 ], [ 31.562805170101718, -23.844627446478892 ], [ 31.567082888640755, -23.843105007834453 ], [ 31.570808202641444, -23.841812117759261 ], [ 31.571791360458025, -23.841685776077654 ], [ 31.575121208968593, -23.841535995659203 ], [ 31.579814576039333, -23.8423920826536 ], [ 31.582654870452867, -23.845732467735683 ], [ 31.585137374299027, -23.849484926146829 ], [ 31.589157320521004, -23.850000421018663 ], [ 31.59315467622768, -23.849883462391841 ], [ 31.599050293573729, -23.849458573534282 ], [ 31.602112239144041, -23.851418949216036 ], [ 31.602802536331595, -23.857547986317673 ], [ 31.600743175126205, -23.861873020193677 ], [ 31.598299380016893, -23.865408855826374 ], [ 31.593901460045881, -23.86983889983069 ], [ 31.587323639585058, -23.873318662199921 ], [ 31.585803048966984, -23.874081327795647 ], [ 31.584408622713365, -23.872271425495484 ], [ 31.579985801646597, -23.872619000138126 ], [ 31.5777132503048, -23.872995361913002 ], [ 31.573376613099779, -23.874436236646801 ], [ 31.569488886872428, -23.877019004864149 ], [ 31.564638152577366, -23.880531861748587 ], [ 31.562957294056378, -23.882448701941883 ], [ 31.559606267917726, -23.887077103338576 ], [ 31.556003877658597, -23.891323780512483 ], [ 31.552582042393887, -23.895210842726094 ], [ 31.550050179067391, -23.897661340082319 ], [ 31.547034774490928, -23.897669003976848 ] ] ] ] } },
{ "type": "Feature", "properties": { "OBJECTID": 44, "LSCAP_ID": 23, "ZONE10": 8, "ZONE17": 13, "Z17CODE": "L", "LANDSCAPE": "Colophospermum mopane shrubveld on basalt", "LABEL": "23: Colophospermum mopane shrubveld on basalt", "ALLIANCES_": 13, "ALLIANCES": "13: Basaltic or gabbroic plains with Acacia nigriscens bush savanna or Colophospermum mopane bush or shrub savanna", "AREA_HA": 9374.608, "PERIMETER_": 62.627, "PERIMETE_1": 62.639 }, "geometry": { "type": "MultiPolygon", "coordinates": [ [ [ [ 31.610388541125339, -24.120720546840417 ], [ 31.609144049125931, -24.117521500536856 ], [ 31.607347245972012, -24.114452866304081 ], [ 31.605380126272308, -24.106226319915134 ], [ 31.606077362309136, -24.101798769558126 ], [ 31.603835115030332, -24.098102939736012 ], [ 31.599440026712472, -24.091569894696683 ], [ 31.597451872209707, -24.08534780427663 ], [ 31.595377451356491, -24.078032222917908 ], [ 31.594039036062185, -24.070885928990808 ], [ 31.592506753317203, -24.062590980711228 ], [ 31.591755551125825, -24.059333130789387 ], [ 31.588067132436311, -24.048598140583245 ], [ 31.584369944251826, -24.043199947237792 ], [ 31.580287832667814, -24.037066643442255 ], [ 31.578507560185617, -24.031758326120535 ], [ 31.577887748108328, -24.026433677242967 ], [ 31.575816848181486, -24.021646395206826 ], [ 31.573570314580557, -24.014970102753228 ], [ 31.57145154270118, -24.010986026623961 ], [ 31.570979265465581, -24.006574795216711 ], [ 31.572258008431206, -24.002938433131664 ], [ 31.574048139592911, -24.000164701822751 ], [ 31.575502804365268, -23.999284215170896 ], [ 31.577391298183915, -23.99828131426564 ], [ 31.579393084512279, -23.994118790769342 ], [ 31.578044702930232, -23.991595834879792 ], [ 31.577591911468108, -23.990760836600035 ], [ 31.575798768656526, -23.987574516002407 ], [ 31.574696706462934, -23.985008668802081 ], [ 31.575188533419755, -23.979613043652108 ], [ 31.575690232947977, -23.974208473025428 ], [ 31.574115129195892, -23.969985660309163 ], [ 31.572369794963791, -23.96605925408047 ], [ 31.569978573079446, -23.963680048382766 ], [ 31.567528043491834, -23.958672399286147 ], [ 31.566830620345304, -23.952425859825244 ], [ 31.567166575718851, -23.945141428877964 ], [ 31.564988571754384, -23.938628202963553 ], [ 31.560818286473555, -23.931057797882023 ], [ 31.558454668371404, -23.924497598640578 ], [ 31.556503725337837, -23.917065289816527 ], [ 31.55452708891287, -23.911077588590064 ], [ 31.552438863565303, -23.905422940773938 ], [ 31.55072678064208, -23.900403944521447 ], [ 31.550050179067391, -23.897661340082319 ], [ 31.552582042393887, -23.895210842726094 ], [ 31.556003877658597, -23.891323780512483 ], [ 31.559606267917726, -23.887077103338576 ], [ 31.562957294056378, -23.882448701941883 ], [ 31.564638152577366, -23.880531861748587 ], [ 31.569488886872428, -23.877019004864149 ], [ 31.573376613099779, -23.874436236646801 ], [ 31.5777132503048, -23.872995361913002 ], [ 31.579985801646597, -23.872619000138126 ], [ 31.584408622713365, -23.872271425495484 ], [ 31.585803048966984, -23.874081327795647 ], [ 31.586919154256851, -23.877107790820364 ], [ 31.58745745024596, -23.881799599308483 ], [ 31.589354807594397, -23.887054736359858 ], [ 31.592085346387638, -23.893383087739753 ], [ 31.592401747661366, -23.896817599167601 ], [ 31.591850254273236, -23.902393437802711 ], [ 31.592174837704459, -23.908699737515899 ], [ 31.594300495543067, -23.915600469232654 ], [ 31.597323494131782, -23.921299273330689 ], [ 31.601640601876568, -23.930007950665182 ], [ 31.60534157120853, -23.938503223064036 ], [ 31.607061000988121, -23.946736628960153 ], [ 31.606756793297407, -23.95218831842822 ], [ 31.603486861130751, -23.957459532382714 ], [ 31.602669185868198, -23.95947492911251 ], [ 31.601171204970431, -23.964428069696503 ], [ 31.60039989510064, -23.96851185871235 ], [ 31.602093776651191, -23.972735515872138 ], [ 31.605219211774653, -23.977279215257095 ], [ 31.607524693236872, -23.981318737165012 ], [ 31.606282800401921, -23.986211023268119 ], [ 31.601885769583596, -23.991092620052346 ], [ 31.599047129084539, -23.996358572072584 ], [ 31.597052337684733, -24.003555672801323 ], [ 31.5960142790946, -24.009533359572131 ], [ 31.596313171374323, -24.011884014440323 ], [ 31.5988240294764, -24.016955015324978 ], [ 31.600951140831945, -24.021164582450183 ], [ 31.607375411815188, -24.027147098384344 ], [ 31.616959332057771, -24.039289621719725 ], [ 31.625225791452195, -24.047879816150758 ], [ 31.634684690642874, -24.057265891066347 ], [ 31.638892788675342, -24.065746896912948 ], [ 31.641608548172741, -24.074024911063368 ], [ 31.641888969921048, -24.081017002405581 ], [ 31.641176948978242, -24.087909966048187 ], [ 31.639841131156217, -24.094246509650112 ], [ 31.632451023315276, -24.105595052401714 ], [ 31.626866894307675, -24.112615791681886 ], [ 31.619758111286217, -24.11770808528119 ], [ 31.61314338848538, -24.119815458830416 ], [ 31.610388541125339, -24.120720546840417 ] ] ] ] } },
{ "type": "Feature", "properties": { "OBJECTID": 45, "LSCAP_ID": 25, "ZONE10": 8, "ZONE17": 15, "Z17CODE": "N", "LANDSCAPE": "Adansonia digitata / Colophospermum mopane Rugged Veld", "LABEL": "25: Adansonia digitata / Colophospermum mopane Rugged Veld", "ALLIANCES_": 15, "ALLIANCES": "15: Basaltic or calcitic plains with Colophospermum mopane shrub savanna", "AREA_HA": 5976.714, "PERIMETER_": 75.163, "PERIMETE_1": 75.161 }, "geometry": { "type": "MultiPolygon", "coordinates": [ [ [ [ 31.184744442955104, -22.387684465094036 ], [ 31.188719930331466, -22.389652626842015 ], [ 31.193294638793223, -22.391853166408662 ], [ 31.197452398844376, -22.391755077436269 ], [ 31.201360603570642, -22.391428331354604 ], [ 31.205447402184749, -22.390805449977385 ], [ 31.210396048142638, -22.389614020953751 ], [ 31.214732781093534, -22.388424712069138 ], [ 31.218703464463186, -22.386996444409597 ], [ 31.22328410674417, -22.384942604207151 ], [ 31.227067634629023, -22.382943107941756 ], [ 31.229328953201481, -22.38151387935795 ], [ 31.233350219046621, -22.378360849760384 ], [ 31.236708128272607, -22.375435288977346 ], [ 31.239936047669129, -22.372797231330427 ], [ 31.242805900895597, -22.371600192855418 ], [ 31.245005799789805, -22.370395835710301 ], [ 31.249342041686827, -22.368401770083864 ], [ 31.25302857468651, -22.365551639947434 ], [ 31.255084440119358, -22.363424401117758 ], [ 31.258718462018592, -22.363996378341206 ], [ 31.260607234133385, -22.364368904410281 ], [ 31.259869279001496, -22.365932397634602 ], [ 31.258861085506457, -22.36814322376344 ], [ 31.258139135051966, -22.369977813717888 ], [ 31.257341218596125, -22.372452793796612 ], [ 31.257409637744445, -22.374756478050227 ], [ 31.257228124859367, -22.377635463850179 ], [ 31.257959035877363, -22.379765659659395 ], [ 31.258515192746589, -22.381893971391698 ], [ 31.259005912169968, -22.384599571497361 ], [ 31.258099260330869, -22.386441196141149 ], [ 31.258400725555806, -22.388747387576871 ], [ 31.25962499231192, -22.388697350267737 ], [ 31.261025613805096, -22.38852276392187 ], [ 31.262802138237909, -22.390140375294056 ], [ 31.263723807674818, -22.392561596814041 ], [ 31.263236281767039, -22.394281313455831 ], [ 31.263052191381529, -22.396591313620799 ], [ 31.26507717171128, -22.398545727778849 ], [ 31.268012134952023, -22.400744682687378 ], [ 31.272046121827437, -22.402828905301423 ], [ 31.275039098038533, -22.404278772980863 ], [ 31.281636727713927, -22.408792412165926 ], [ 31.283963720486661, -22.411499412236861 ], [ 31.287327114723595, -22.414452184257662 ], [ 31.288802923370049, -22.417673908528045 ], [ 31.288989289754177, -22.419111847773529 ], [ 31.290393006837011, -22.421881235218713 ], [ 31.290343282176355, -22.424355265274567 ], [ 31.289303630874453, -22.42596084532682 ], [ 31.286980587028911, -22.426071689621949 ], [ 31.283987352476036, -22.426175380430941 ], [ 31.279404738305992, -22.425187378489134 ], [ 31.277695378355606, -22.424374414309586 ], [ 31.275859105517302, -22.42361426529984 ], [ 31.267484262123155, -22.420598553023872 ], [ 31.258931806397765, -22.417056704471797 ], [ 31.256418284469817, -22.416876066486282 ], [ 31.255686455606913, -22.414809071440988 ], [ 31.256236830604156, -22.412737854822087 ], [ 31.2565371825659, -22.411241929473071 ], [ 31.255311226631829, -22.409855966155082 ], [ 31.254096014768194, -22.407612154289151 ], [ 31.252072999478173, -22.404727421864294 ], [ 31.248643366309288, -22.400165708497198 ], [ 31.247910003109634, -22.3990108103885 ], [ 31.246387445212537, -22.398831740542619 ], [ 31.244249666737439, -22.399693582573349 ], [ 31.241986302047216, -22.40204415798819 ], [ 31.237965290643778, -22.405134153481452 ], [ 31.234240227452528, -22.407080328732416 ], [ 31.226417997631529, -22.408891184196399 ], [ 31.220921758475505, -22.409562276822868 ], [ 31.215176559783846, -22.409950469096572 ], [ 31.21109130385857, -22.408893824197531 ], [ 31.206322390729643, -22.408136544560595 ], [ 31.201981825985239, -22.408061213724761 ], [ 31.197897536270521, -22.408449201687297 ], [ 31.193986493287948, -22.408206857733525 ], [ 31.189831991458178, -22.409515006587629 ], [ 31.185554197933723, -22.411336419538529 ], [ 31.179943361559744, -22.413332349005913 ], [ 31.17413743812838, -22.415380054263952 ], [ 31.170714018465652, -22.416461147903082 ], [ 31.16534684124284, -22.41540689454515 ], [ 31.163083968730113, -22.414649686162232 ], [ 31.160579051867732, -22.413835507036012 ], [ 31.15825796734882, -22.413077570933485 ], [ 31.156665253659959, -22.409383882289013 ], [ 31.156661140114483, -22.407487372421262 ], [ 31.157638818556364, -22.404789287463974 ], [ 31.158677766948639, -22.402597615892681 ], [ 31.160626932226098, -22.401346468071544 ], [ 31.163256743393003, -22.400030783978526 ], [ 31.166067212927814, -22.399006090047415 ], [ 31.16929836833928, -22.397001748888862 ], [ 31.170400434207593, -22.395162903964973 ], [ 31.170644089995452, -22.393612356720059 ], [ 31.169723967325044, -22.391940268535933 ], [ 31.1686834580427, -22.39130535884215 ], [ 31.166727158856631, -22.390894863761037 ], [ 31.164224743242993, -22.391399289888085 ], [ 31.160680001134665, -22.39288521072389 ], [ 31.15665504574627, -22.393959189061338 ], [ 31.153359838500219, -22.394924000619334 ], [ 31.151704359973657, -22.395266313193591 ], [ 31.150057358336312, -22.394967521003846 ], [ 31.147305683835, -22.393752981085289 ], [ 31.146455761044571, -22.393400070466861 ], [ 31.144931070919043, -22.393400644686846 ], [ 31.142489440419524, -22.395169727657755 ], [ 31.141872394929671, -22.397754457345687 ], [ 31.142731414472518, -22.400347119433167 ], [ 31.142856653084536, -22.403346761568031 ], [ 31.143223812000645, -22.407143886865889 ], [ 31.143715418624321, -22.411809390338863 ], [ 31.14579025640959, -22.416475010528085 ], [ 31.146843192203566, -22.41910600473982 ], [ 31.144691294475461, -22.417311280867239 ], [ 31.141195788378134, -22.412114559014366 ], [ 31.141307499456829, -22.408828662824252 ], [ 31.139042124913789, -22.405361887157376 ], [ 31.138603108271706, -22.40259343243013 ], [ 31.137988751785663, -22.399136622398576 ], [ 31.136027613575486, -22.397632982779843 ], [ 31.133025980638976, -22.396234707371438 ], [ 31.131616842398646, -22.393400849322816 ], [ 31.13179253156726, -22.391154234949987 ], [ 31.131602267769672, -22.388677623806153 ], [ 31.130807924223966, -22.385625096590871 ], [ 31.129514898149822, -22.382106234000315 ], [ 31.126450414960949, -22.380354932739575 ], [ 31.123627881907584, -22.378669598959654 ], [ 31.120874834547532, -22.376876658496556 ], [ 31.118609096079673, -22.376398789757474 ], [ 31.116340215196725, -22.376155650682382 ], [ 31.114693806688379, -22.37511600746511 ], [ 31.113218795807128, -22.373608753910787 ], [ 31.110648251907886, -22.371980331277936 ], [ 31.10880662420653, -22.371742079840214 ], [ 31.106481918437371, -22.371326573028462 ], [ 31.104398463719207, -22.371022227614407 ], [ 31.100908699662099, -22.370602019056463 ], [ 31.098396141324603, -22.36972363276422 ], [ 31.095582300757506, -22.368155338612297 ], [ 31.090995545653399, -22.367731037896796 ], [ 31.088787810882803, -22.368002986123617 ], [ 31.085792533086906, -22.369773691577027 ], [ 31.085058881761878, -22.37017138528822 ], [ 31.082001496963517, -22.371507813725241 ], [ 31.083682992354799, -22.36641644959867 ], [ 31.086328124486087, -22.366818004532846 ], [ 31.088962241457384, -22.366605308363805 ], [ 31.094907789179107, -22.366350311499989 ], [ 31.097595664865697, -22.363609537663955 ], [ 31.099980574590262, -22.361723064326977 ], [ 31.103470736799508, -22.358512972470745 ], [ 31.106341994822433, -22.355828364499477 ], [ 31.109896644826431, -22.35285366627738 ], [ 31.112525458535661, -22.350852433744855 ], [ 31.115028619558824, -22.348804537612558 ], [ 31.119442820914557, -22.34830499029761 ], [ 31.123241556694293, -22.349541116352221 ], [ 31.125992239472307, -22.352200914641521 ], [ 31.127891697301084, -22.354634092685654 ], [ 31.129612750727723, -22.357345142889052 ], [ 31.131080803712969, -22.359375951897444 ], [ 31.133350299322604, -22.359555662253477 ], [ 31.136902700251948, -22.357447270463172 ], [ 31.139345977652471, -22.355506665646669 ], [ 31.143384608665972, -22.352590936318709 ], [ 31.146079376739966, -22.350707287076848 ], [ 31.148464172101605, -22.348765859559304 ], [ 31.150963833219873, -22.346943104918235 ], [ 31.155317148260487, -22.347372048045937 ], [ 31.159482274741514, -22.348087723739916 ], [ 31.163834020247158, -22.350123916411107 ], [ 31.166769148086033, -22.352848372838196 ], [ 31.169650007210638, -22.354533617221804 ], [ 31.172044034004752, -22.356330718961093 ], [ 31.174494132547185, -22.358300007576574 ], [ 31.176481400485599, -22.361519343410453 ], [ 31.176480590686893, -22.363072647981042 ], [ 31.17581351465742, -22.365088049994863 ], [ 31.174162826175301, -22.367327155751042 ], [ 31.17252116065324, -22.368870965877534 ], [ 31.169951082825623, -22.36938377179046 ], [ 31.165375142361359, -22.368844288784068 ], [ 31.16250209759863, -22.368026006450748 ], [ 31.159512447196111, -22.367955907332188 ], [ 31.157312812026326, -22.368355322866734 ], [ 31.154384162651819, -22.369550136255715 ], [ 31.152486815140247, -22.370585087387397 ], [ 31.150413257731763, -22.37172636978179 ], [ 31.14613893700696, -22.371876128531074 ], [ 31.143941720982134, -22.371354245798141 ], [ 31.140580840618021, -22.371451118340779 ], [ 31.137712538472016, -22.372474726826709 ], [ 31.13661483107612, -22.373970221371561 ], [ 31.136677951230023, -22.375063667535233 ], [ 31.137350431811992, -22.376335714982432 ], [ 31.143702426465083, -22.377682065227951 ], [ 31.152253356747615, -22.379441629812028 ], [ 31.156584575475843, -22.380150296909434 ], [ 31.16000966562693, -22.381832903743835 ], [ 31.163304116074944, -22.383857130035601 ], [ 31.165508006913043, -22.386112759055774 ], [ 31.16832022296235, -22.38715609003739 ], [ 31.172591376417902, -22.387285690117082 ], [ 31.176438909897072, -22.387880006308166 ], [ 31.180164839245396, -22.388120659755682 ], [ 31.181267282780979, -22.388476236462335 ], [ 31.184744442955104, -22.387684465094036 ] ] ] ] } },
{ "type": "Feature", "properties": { "OBJECTID": 46, "LSCAP_ID": 27, "ZONE10": 9, "ZONE17": 14, "Z17CODE": "N", "LANDSCAPE": "Mixed Combretum / Colophospermum mopane woodland", "LABEL": "27: Mixed Combretum / Colophospermum mopane woodland", "ALLIANCES_": 14, "ALLIANCES": "14: Basaltic plains or rhyolite mountains with Combretum apiculatim or Colophospermum mopane bush savanna", "AREA_HA": 717.535, "PERIMETER_": 13.527, "PERIMETE_1": 13.526 }, "geometry": { "type": "MultiPolygon", "coordinates": [ [ [ [ 31.176481400485599, -22.361519343410453 ], [ 31.17709301397753, -22.363016330629122 ], [ 31.178990602933485, -22.365674715046396 ], [ 31.180027977403629, -22.368034419062219 ], [ 31.180950994917001, -22.370230275943292 ], [ 31.183083375628666, -22.373514391811913 ], [ 31.184365012108131, -22.37501887979694 ], [ 31.185408498730332, -22.377667613409525 ], [ 31.184677950883348, -22.379339165562826 ], [ 31.184251534637763, -22.380770293187449 ], [ 31.183884750415626, -22.382843282457006 ], [ 31.183821995808653, -22.384684881041817 ], [ 31.184744442955104, -22.387684465094036 ], [ 31.181267282780979, -22.388476236462335 ], [ 31.180164839245396, -22.388120659755682 ], [ 31.176438909897072, -22.387880006308166 ], [ 31.172591376417902, -22.387285690117082 ], [ 31.16832022296235, -22.38715609003739 ], [ 31.165508006913043, -22.386112759055774 ], [ 31.163304116074944, -22.383857130035601 ], [ 31.16000966562693, -22.381832903743835 ], [ 31.156584575475843, -22.380150296909434 ], [ 31.152253356747615, -22.379441629812028 ], [ 31.143702426465083, -22.377682065227951 ], [ 31.137350431811992, -22.376335714982432 ], [ 31.136677951230023, -22.375063667535233 ], [ 31.13661483107612, -22.373970221371561 ], [ 31.137712538472016, -22.372474726826709 ], [ 31.140580840618021, -22.371451118340779 ], [ 31.143941720982134, -22.371354245798141 ], [ 31.14613893700696, -22.371876128531074 ], [ 31.150413257731763, -22.37172636978179 ], [ 31.152486815140247, -22.370585087387397 ], [ 31.154384162651819, -22.369550136255715 ], [ 31.157312812026326, -22.368355322866734 ], [ 31.159512447196111, -22.367955907332188 ], [ 31.16250209759863, -22.368026006450748 ], [ 31.165375142361359, -22.368844288784068 ], [ 31.169951082825623, -22.36938377179046 ], [ 31.17252116065324, -22.368870965877534 ], [ 31.174162826175301, -22.367327155751042 ], [ 31.17581351465742, -22.365088049994863 ], [ 31.176480590686893, -22.363072647981042 ], [ 31.176481400485599, -22.361519343410453 ] ] ] ] } },
{ "type": "Feature", "properties": { "OBJECTID": 47, "LSCAP_ID": 26, "ZONE10": 8, "ZONE17": 15, "Z17CODE": "N", "LANDSCAPE": "Colophospermum mopane shrubveld on calcrete", "LABEL": "26: Colophospermum mopane shrubveld on calcrete", "ALLIANCES_": 15, "ALLIANCES": "15: Basaltic or calcitic plains with Colophospermum mopane shrub savanna", "AREA_HA": 2636.986, "PERIMETER_": 23.689, "PERIMETE_1": 23.688 }, "geometry": { "type": "MultiPolygon", "coordinates": [ [ [ [ 31.073835462540277, -22.396208538448686 ], [ 31.075518985768404, -22.391017996629799 ], [ 31.082001496963517, -22.371507813725241 ], [ 31.085058881761878, -22.37017138528822 ], [ 31.085792533086906, -22.369773691577027 ], [ 31.088787810882803, -22.368002986123617 ], [ 31.090995545653399, -22.367731037896796 ], [ 31.095582300757506, -22.368155338612297 ], [ 31.098396141324603, -22.36972363276422 ], [ 31.100908699662099, -22.370602019056463 ], [ 31.104398463719207, -22.371022227614407 ], [ 31.106481918437371, -22.371326573028462 ], [ 31.10880662420653, -22.371742079840214 ], [ 31.110648251907886, -22.371980331277936 ], [ 31.113218795807128, -22.373608753910787 ], [ 31.114693806688379, -22.37511600746511 ], [ 31.116340215196725, -22.376155650682382 ], [ 31.118609096079673, -22.376398789757474 ], [ 31.120874834547532, -22.376876658496556 ], [ 31.123627881907584, -22.378669598959654 ], [ 31.126450414960949, -22.380354932739575 ], [ 31.129514898149822, -22.382106234000315 ], [ 31.130807924223966, -22.385625096590871 ], [ 31.131602267769672, -22.388677623806153 ], [ 31.13179253156726, -22.391154234949987 ], [ 31.131616842398646, -22.393400849322816 ], [ 31.133025980638976, -22.396234707371438 ], [ 31.136027613575486, -22.397632982779843 ], [ 31.137988751785663, -22.399136622398576 ], [ 31.138603108271706, -22.40259343243013 ], [ 31.139042124913789, -22.405361887157376 ], [ 31.141307499456829, -22.408828662824252 ], [ 31.141195788378134, -22.412114559014366 ], [ 31.144691294475461, -22.417311280867239 ], [ 31.146843192203566, -22.41910600473982 ], [ 31.148422664063137, -22.423052486700072 ], [ 31.15153765528585, -22.425481314705863 ], [ 31.148756046456793, -22.426478955393783 ], [ 31.14684490163528, -22.42556299370003 ], [ 31.146417808223969, -22.424808542230267 ], [ 31.142799471992927, -22.422256434580429 ], [ 31.140469767532011, -22.420685378269642 ], [ 31.136305655590181, -22.419743345947698 ], [ 31.132934938085242, -22.419036148699877 ], [ 31.130976738724307, -22.417297674704081 ], [ 31.12827844053583, -22.414981674213553 ], [ 31.125768275200539, -22.413128379231448 ], [ 31.122336848182037, -22.411896490331074 ], [ 31.118841279653239, -22.410383835266924 ], [ 31.116330997375719, -22.410715814750944 ], [ 31.113883196245947, -22.411454861603954 ], [ 31.111067632817878, -22.411376816038729 ], [ 31.108860387551658, -22.410845282369955 ], [ 31.106844894699794, -22.411932441952757 ], [ 31.105930305170716, -22.413484013955379 ], [ 31.104642749248494, -22.415320182481668 ], [ 31.102197271813338, -22.415878459346715 ], [ 31.099925468059393, -22.415806601677556 ], [ 31.096498657003412, -22.415675953942497 ], [ 31.09503231155691, -22.41423184346878 ], [ 31.093315977295141, -22.412604160343342 ], [ 31.091780453743397, -22.41196292470968 ], [ 31.090125536649722, -22.410110173157818 ], [ 31.088220535247835, -22.408082868218578 ], [ 31.085468307549654, -22.406226118612864 ], [ 31.082466210943462, -22.404890130676421 ], [ 31.079644666972769, -22.403140832722915 ], [ 31.077566894883972, -22.401689313363384 ], [ 31.076335747658696, -22.3979992564547 ], [ 31.073835462540277, -22.396208538448686 ] ] ] ] } },
{ "type": "Feature", "properties": { "OBJECTID": 48, "LSCAP_ID": 16, "ZONE10": 7, "ZONE17": 11, "Z17CODE": "N", "LANDSCAPE": "Punda Maria Sandveld on Cave Sandstone", "LABEL": "16: Punda Maria Sandveld on Cave Sandstone", "ALLIANCES_": 11, "ALLIANCES": "11: Clarens sandstone hills with Terminalia sericea bush savanna or Soutpansberg group mountains with Burkea africana tree savanna", "AREA_HA": 10534.588, "PERIMETER_": 111.958, "PERIMETE_1": 111.952 }, "geometry": { "type": "MultiPolygon", "coordinates": [ [ [ [ 31.150451723021664, -22.518250189034671 ], [ 31.152048319078897, -22.519523786062312 ], [ 31.154560674474869, -22.52137680214101 ], [ 31.156034605179268, -22.523109520274168 ], [ 31.157267527344302, -22.525426460149053 ], [ 31.157887453423058, -22.527790560107697 ], [ 31.157518287440375, -22.529971752930567 ], [ 31.157337388298721, -22.532615663357053 ], [ 31.156238484184346, -22.534111192402442 ], [ 31.15501463768063, -22.536228393819684 ], [ 31.153790879518031, -22.537605072237966 ], [ 31.152136545521845, -22.538462048158816 ], [ 31.149806898810294, -22.537468992904053 ], [ 31.147775591367193, -22.536705106306414 ], [ 31.145633409882706, -22.536237927259304 ], [ 31.14360854654597, -22.536449369306922 ], [ 31.143983156483824, -22.538241750731686 ], [ 31.145456559111498, -22.539288233291963 ], [ 31.147108354778243, -22.541537829487012 ], [ 31.147359504195588, -22.54384352748173 ], [ 31.14656771590175, -22.54562246392652 ], [ 31.144906787318664, -22.547689380444758 ], [ 31.142827936119435, -22.549742419511745 ], [ 31.142346273743854, -22.551588124789724 ], [ 31.142463141134893, -22.553025337247163 ], [ 31.142891398076646, -22.553716608699403 ], [ 31.144371413140142, -22.553553086080729 ], [ 31.146110448117078, -22.552922945776384 ], [ 31.14706153880886, -22.553051307567024 ], [ 31.147735694482016, -22.554260145289209 ], [ 31.147621479913752, -22.555532143431165 ], [ 31.147931093910177, -22.557829481930483 ], [ 31.147192118521065, -22.560015399702493 ], [ 31.145424613856779, -22.562767404712609 ], [ 31.144524163474916, -22.564662463448286 ], [ 31.142565878709078, -22.563501990694551 ], [ 31.141227380993435, -22.564705642062201 ], [ 31.137020336898608, -22.575321999440785 ], [ 31.135556983207646, -22.577842602268291 ], [ 31.13354010063988, -22.580302573837756 ], [ 31.132251554004171, -22.58138931840487 ], [ 31.129503685526373, -22.582522276098935 ], [ 31.127291362924403, -22.582162367573382 ], [ 31.126123412930635, -22.580080762708864 ], [ 31.126857028989356, -22.577605932965621 ], [ 31.124403718607198, -22.573504555654786 ], [ 31.121515664580105, -22.571357680675391 ], [ 31.122069111583791, -22.568546638014048 ], [ 31.124510389123632, -22.565622176715063 ], [ 31.12457028660695, -22.564069629332959 ], [ 31.122928039700824, -22.559688725754476 ], [ 31.124402412601569, -22.557791468845139 ], [ 31.127932257689494, -22.559196224656016 ], [ 31.130014757752456, -22.561225241966095 ], [ 31.131979453274358, -22.562620728832396 ], [ 31.13374854504875, -22.561936898688241 ], [ 31.134911965956544, -22.560740310566615 ], [ 31.137177004881636, -22.557876800111153 ], [ 31.139804919726721, -22.552597258269785 ], [ 31.138935666884894, -22.547819058044819 ], [ 31.137584499044845, -22.544182156651207 ], [ 31.135065835236954, -22.537723207827355 ], [ 31.133104965768947, -22.53678837596496 ], [ 31.130530185005487, -22.537408674087352 ], [ 31.129244825284729, -22.539010198860574 ], [ 31.128821092044952, -22.541597035903148 ], [ 31.125950734384631, -22.546819384299457 ], [ 31.124425676676239, -22.547442771194433 ], [ 31.123322913704229, -22.547032562581059 ], [ 31.119828376501786, -22.547352962530343 ], [ 31.11841483933912, -22.549070284342019 ], [ 31.115658585805228, -22.553724828741824 ], [ 31.113973904267723, -22.553208398179851 ], [ 31.106725220767963, -22.554324250292723 ], [ 31.107645573833455, -22.549576037552729 ], [ 31.107459784812644, -22.548941719074993 ], [ 31.107827086395773, -22.547672747241997 ], [ 31.109106862142539, -22.545791403883968 ], [ 31.110815273038103, -22.543842839857973 ], [ 31.112959911012545, -22.541267239407688 ], [ 31.114368091031558, -22.538511394223885 ], [ 31.115708265612437, -22.532883037046556 ], [ 31.1144724165555, -22.530114256094059 ], [ 31.110252531028575, -22.528764360355687 ], [ 31.107438049606241, -22.529146683897036 ], [ 31.104610049934145, -22.528381928989141 ], [ 31.102714146632199, -22.526986956057186 ], [ 31.099404645120899, -22.523055778357236 ], [ 31.098295543008771, -22.520288390065598 ], [ 31.097132449368569, -22.517917697286773 ], [ 31.096029186044426, -22.515439340025878 ], [ 31.094978059107707, -22.509159775645958 ], [ 31.094665778685233, -22.50570644916624 ], [ 31.092401055553392, -22.500053670580908 ], [ 31.089947819122024, -22.498940944652031 ], [ 31.087005708466481, -22.498752512574047 ], [ 31.083641194758371, -22.499597500152213 ], [ 31.08009388687486, -22.501009151379257 ], [ 31.077028267916688, -22.502020104510056 ], [ 31.075380773490192, -22.500979992291505 ], [ 31.064537839264204, -22.493083962177352 ], [ 31.064474554434046, -22.49204471160084 ], [ 31.066063727640937, -22.490275784470406 ], [ 31.07211445482471, -22.487720455715387 ], [ 31.073095916355889, -22.484914713758023 ], [ 31.073158472518582, -22.481799976373839 ], [ 31.072356401574325, -22.480074610959061 ], [ 31.068864696624114, -22.478208677081028 ], [ 31.067462238777679, -22.477740350089732 ], [ 31.06580719437963, -22.47726898080456 ], [ 31.064434280441468, -22.476773891925205 ], [ 31.063060749043572, -22.476323936264841 ], [ 31.061897441419358, -22.476129346977007 ], [ 31.062073783702555, -22.475327765161055 ], [ 31.062550075991631, -22.473220385649277 ], [ 31.063258125807554, -22.4712151215383 ], [ 31.063368253356579, -22.470981654836532 ], [ 31.06428630898381, -22.468545448622571 ], [ 31.06525414687605, -22.467419236864526 ], [ 31.066193013620914, -22.466978979887109 ], [ 31.067299026011092, -22.466396234252073 ], [ 31.068172508141007, -22.465765543041698 ], [ 31.068458985229348, -22.465425819751093 ], [ 31.069880091158506, -22.464539795155176 ], [ 31.070422841202131, -22.462532510544364 ], [ 31.070079797061574, -22.461345423263783 ], [ 31.06965808671022, -22.459525265811937 ], [ 31.069763897918879, -22.458199062737854 ], [ 31.073412524848781, -22.457113880466899 ], [ 31.07727804216152, -22.456500779963573 ], [ 31.08064402260803, -22.45617964669972 ], [ 31.087199617141472, -22.455643440957829 ], [ 31.092219525536581, -22.455152025315691 ], [ 31.098966494654643, -22.45553871102647 ], [ 31.105028110572785, -22.454887585508018 ], [ 31.109501093450646, -22.455319348179501 ], [ 31.113666746303306, -22.456207953968999 ], [ 31.11643159699744, -22.45651117798835 ], [ 31.118818013471312, -22.456060403580619 ], [ 31.120469801100096, -22.455330117622669 ], [ 31.121635649366301, -22.453889769542414 ], [ 31.121876102273959, -22.452628284379212 ], [ 31.120834598495385, -22.450611363329649 ], [ 31.116238890290955, -22.44920318561887 ], [ 31.11176302512883, -22.447561489429653 ], [ 31.107290337698569, -22.445693947969573 ], [ 31.103239016035861, -22.444282768882669 ], [ 31.099564630937142, -22.442307007906617 ], [ 31.09637582925118, -22.441772749368365 ], [ 31.093073711662203, -22.441002297095999 ], [ 31.089514089115326, -22.439885572560655 ], [ 31.087062465150655, -22.438023346315138 ], [ 31.085901456671781, -22.434848912804114 ], [ 31.084976113689599, -22.432201036619123 ], [ 31.084360967927495, -22.429601989328873 ], [ 31.085214860927483, -22.427544135028473 ], [ 31.08674954093107, -22.425422097378448 ], [ 31.090115424898649, -22.424342156002076 ], [ 31.092497793549356, -22.423440168907369 ], [ 31.095380066962846, -22.423627705114598 ], [ 31.097838350287688, -22.424279785264627 ], [ 31.100833156625718, -22.426193386607515 ], [ 31.101575343691408, -22.42804434664173 ], [ 31.102740342399713, -22.430234403310564 ], [ 31.103411869239157, -22.431569784654776 ], [ 31.104093243213555, -22.432896248822885 ], [ 31.104822187045347, -22.433582099326937 ], [ 31.106300807249667, -22.433427869175834 ], [ 31.107092746512251, -22.432335426925935 ], [ 31.106475132260737, -22.430603346010031 ], [ 31.106474908219372, -22.428472128705184 ], [ 31.106413680093592, -22.425825452862924 ], [ 31.105920479044133, -22.423516872677457 ], [ 31.105666038071487, -22.421509100831038 ], [ 31.106469662440819, -22.419549857956458 ], [ 31.107876390304561, -22.418238846591617 ], [ 31.110077952803266, -22.417045489533589 ], [ 31.113199120451611, -22.416079578082346 ], [ 31.116388164395115, -22.416559294460257 ], [ 31.118529480854306, -22.417667923892566 ], [ 31.12073540009645, -22.419752586763266 ], [ 31.122697379245349, -22.421202242822744 ], [ 31.124169927904653, -22.42293517391531 ], [ 31.125643239950758, -22.424613918293314 ], [ 31.126937892477763, -22.426579559550298 ], [ 31.128221681113022, -22.429357824774069 ], [ 31.128958928200348, -22.431605971262741 ], [ 31.129516256790954, -22.433508865981235 ], [ 31.129148080231694, -22.434886289361227 ], [ 31.129330496114235, -22.436495858729678 ], [ 31.129216805369168, -22.438454191575218 ], [ 31.129586071538018, -22.43989434360768 ], [ 31.129640138839417, -22.440933494349775 ], [ 31.131058042820623, -22.441690432130248 ], [ 31.132279200340914, -22.44118079004037 ], [ 31.133991340634992, -22.438825529428946 ], [ 31.135579326826207, -22.43630626080412 ], [ 31.137234518458527, -22.43384193210472 ], [ 31.13931097866686, -22.431833972262712 ], [ 31.141336411831734, -22.430006008464225 ], [ 31.143417062864177, -22.428404418433821 ], [ 31.148756046456793, -22.426478955393783 ], [ 31.15153765528585, -22.425481314705863 ], [ 31.153460301464648, -22.425530402281382 ], [ 31.156153074647708, -22.42537152362685 ], [ 31.160201526542561, -22.427007111541062 ], [ 31.16486053807974, -22.428757912276243 ], [ 31.168415990879584, -22.430965671515562 ], [ 31.170377120315216, -22.432532173171627 ], [ 31.172649815102535, -22.434047995106386 ], [ 31.175405463042296, -22.435036428457874 ], [ 31.178838777036404, -22.435463520802461 ], [ 31.183060566567146, -22.435023425437937 ], [ 31.188020523396933, -22.434591504610221 ], [ 31.192185521271426, -22.434782691194698 ], [ 31.194573505302493, -22.434168220969138 ], [ 31.197760381781741, -22.433372985200311 ], [ 31.200456224731841, -22.432987633974683 ], [ 31.203338810478698, -22.432432727551138 ], [ 31.204567492227294, -22.434333858124319 ], [ 31.204137229227111, -22.436063009012422 ], [ 31.20401568643037, -22.437958149343515 ], [ 31.206172845996015, -22.440185679947835 ], [ 31.202989565333215, -22.443708449621777 ], [ 31.204580014621687, -22.446191588979538 ], [ 31.207097145541731, -22.449145590581288 ], [ 31.207714711222543, -22.450985727188691 ], [ 31.206676206535619, -22.453168699525079 ], [ 31.205396882907895, -22.453678267009501 ], [ 31.203556208921526, -22.45401901802078 ], [ 31.201777658106927, -22.454062420529482 ], [ 31.199694963757146, -22.455086776037387 ], [ 31.199458149328972, -22.456872247681968 ], [ 31.199882043939247, -22.458656061925833 ], [ 31.200190734255813, -22.459580656276323 ], [ 31.199891891837897, -22.461654423505468 ], [ 31.200383772557547, -22.462689432547229 ], [ 31.202344849767925, -22.463569236173026 ], [ 31.204552671705802, -22.46415374491885 ], [ 31.207496660027189, -22.464917995347648 ], [ 31.208597573506804, -22.4654449894024 ], [ 31.210194873036919, -22.466663835224466 ], [ 31.21166821902446, -22.467700673717964 ], [ 31.21142841669138, -22.468971372605246 ], [ 31.210749320188597, -22.470399752990723 ], [ 31.209280024805217, -22.471313624901459 ], [ 31.207874305062624, -22.472571362917147 ], [ 31.20622415285208, -22.473943769265816 ], [ 31.205552365072297, -22.475552821716519 ], [ 31.206109377483138, -22.477572907889549 ], [ 31.206848739190178, -22.479017044620178 ], [ 31.208691471616802, -22.480807587278235 ], [ 31.209423516962421, -22.483579173431433 ], [ 31.209923896747906, -22.486230782284469 ], [ 31.209374869814599, -22.488870731937894 ], [ 31.208273093746797, -22.489906066838007 ], [ 31.206551567887075, -22.490013347296699 ], [ 31.20410786987539, -22.488848240923357 ], [ 31.200788836596455, -22.486237422750804 ], [ 31.198883406736812, -22.484789263955832 ], [ 31.19563937767694, -22.484653637314789 ], [ 31.192085821452125, -22.485155662317208 ], [ 31.188467246783937, -22.48617163287016 ], [ 31.184176771007888, -22.485798237566875 ], [ 31.179157384872774, -22.486175080572842 ], [ 31.174798221050825, -22.48511432243961 ], [ 31.170022755002154, -22.483940354316235 ], [ 31.165540531897229, -22.482643156501954 ], [ 31.160825281518804, -22.48060266054949 ], [ 31.15677830097837, -22.478741260012164 ], [ 31.152661986969427, -22.476987337154952 ], [ 31.148374494533357, -22.475691913096526 ], [ 31.142984700665306, -22.473995367351531 ], [ 31.13789091339331, -22.472699415533913 ], [ 31.134524288507325, -22.470140950471354 ], [ 31.130592282254671, -22.468451838099131 ], [ 31.127285285557054, -22.466535098429002 ], [ 31.124522154226618, -22.465365130701102 ], [ 31.121402282503411, -22.46471473720058 ], [ 31.118339185333653, -22.465618206953071 ], [ 31.11368618393114, -22.466972615307107 ], [ 31.110370411092436, -22.467872971575485 ], [ 31.105779232518902, -22.468243539195878 ], [ 31.101491276961614, -22.469890847173421 ], [ 31.098060053368553, -22.469985867292877 ], [ 31.095235438061124, -22.47048532273287 ], [ 31.091072924650362, -22.470056815096068 ], [ 31.088005419602975, -22.470553266299337 ], [ 31.084701663586653, -22.471976987570191 ], [ 31.082680484356885, -22.473397834417046 ], [ 31.081029934720146, -22.474714700329102 ], [ 31.080601983137555, -22.476154474171608 ], [ 31.081522343218872, -22.477763816169134 ], [ 31.083117550961028, -22.478351711347138 ], [ 31.085751585893117, -22.479006114496578 ], [ 31.08814362789289, -22.479594392569755 ], [ 31.089920955713893, -22.479660616545981 ], [ 31.0920635189884, -22.480020119654945 ], [ 31.09457529000176, -22.480383959959013 ], [ 31.096109210919224, -22.48119676858559 ], [ 31.096360011672996, -22.482752973680185 ], [ 31.095924938624133, -22.484012101062572 ], [ 31.095008088129113, -22.485680933969185 ], [ 31.09372576718172, -22.486361116219733 ], [ 31.093361400543753, -22.488840183144546 ], [ 31.094583192977478, -22.490453028252688 ], [ 31.095993456508246, -22.49178814828084 ], [ 31.098014073661911, -22.492552513591285 ], [ 31.100342856478498, -22.492101373212112 ], [ 31.103223266316533, -22.490392423666631 ], [ 31.105613859809178, -22.48896663661975 ], [ 31.10769496033237, -22.487428810675759 ], [ 31.109411858249231, -22.486229842521666 ], [ 31.112349155080896, -22.485325100336755 ], [ 31.115474503073472, -22.484883059376454 ], [ 31.117930596633926, -22.485065281216034 ], [ 31.119397440095142, -22.485822911400366 ], [ 31.121611264648475, -22.485957097983508 ], [ 31.123994288039455, -22.485795215033974 ], [ 31.126443279102322, -22.483620241972776 ], [ 31.127118310561617, -22.481840030335302 ], [ 31.128276317769256, -22.479550679489734 ], [ 31.12932365181722, -22.477539982111132 ], [ 31.130424518621286, -22.475882090505642 ], [ 31.132744808697662, -22.47531296194451 ], [ 31.132870833767782, -22.477508862573345 ], [ 31.133973282915736, -22.47935484477458 ], [ 31.135759423862531, -22.481669291936615 ], [ 31.137045411929229, -22.482876204490783 ], [ 31.138026424483034, -22.483637083634513 ], [ 31.139681423421035, -22.483412368518685 ], [ 31.141400452174206, -22.483486385790751 ], [ 31.14311145451531, -22.483433863203402 ], [ 31.145265278144016, -22.484424944823932 ], [ 31.146551257981212, -22.485640817672369 ], [ 31.147471623541755, -22.487313042540393 ], [ 31.148146950374095, -22.488413515262714 ], [ 31.147532145962959, -22.489336606762148 ], [ 31.146129111537167, -22.489609451647816 ], [ 31.144898838600966, -22.489315342022955 ], [ 31.142750518519492, -22.489362839533786 ], [ 31.141411083739573, -22.489239027661291 ], [ 31.140115347515867, -22.490208415936667 ], [ 31.140365930231592, -22.491818761057264 ], [ 31.140243295126481, -22.493722808866188 ], [ 31.139267132237229, -22.495499601552076 ], [ 31.137060304166674, -22.497731750934676 ], [ 31.134735950216644, -22.500025718798227 ], [ 31.132594313760155, -22.501734778150986 ], [ 31.130139598711736, -22.502871244258504 ], [ 31.128188216547105, -22.503435564399261 ], [ 31.125669696953416, -22.503532701506359 ], [ 31.124136075636034, -22.502665972959381 ], [ 31.123037103901439, -22.501280524167949 ], [ 31.121313896980613, -22.498623511408702 ], [ 31.119965544088643, -22.498436199274732 ], [ 31.118497305351543, -22.499927157281533 ], [ 31.117336930564452, -22.501647462236061 ], [ 31.117520824307775, -22.503139650595887 ], [ 31.11942546282571, -22.506033614656278 ], [ 31.121936259291633, -22.50795030090072 ], [ 31.123473023226314, -22.510027183273472 ], [ 31.126295694472081, -22.510448369114531 ], [ 31.128493648497304, -22.510347503626519 ], [ 31.131258398024634, -22.510018392036443 ], [ 31.134260246161414, -22.509403000645957 ], [ 31.137445985494473, -22.508843862480528 ], [ 31.139586647394822, -22.50793845610734 ], [ 31.141735552638401, -22.5071414821806 ], [ 31.14345287590902, -22.506637513874278 ], [ 31.144800191565754, -22.506183448166514 ], [ 31.146392006714372, -22.505614786736 ], [ 31.14791936967557, -22.505505930577485 ], [ 31.149820900081373, -22.506494067983631 ], [ 31.149642598624041, -22.507476360385944 ], [ 31.14835690961845, -22.50914128192958 ], [ 31.145351815804798, -22.510732211307158 ], [ 31.142411545463943, -22.512558624428298 ], [ 31.140334261759005, -22.513807960308228 ], [ 31.139594201293519, -22.51536170523659 ], [ 31.139903836376597, -22.516918547601481 ], [ 31.139791710675606, -22.518759495380845 ], [ 31.141015755342607, -22.52026368659698 ], [ 31.142122475840203, -22.521820699134022 ], [ 31.14359340581354, -22.523038743294627 ], [ 31.144944453890751, -22.52304529067829 ], [ 31.145978514640973, -22.522768226134733 ], [ 31.146845340684465, -22.521911269150856 ], [ 31.147023121949143, -22.52024264980297 ], [ 31.147203477549965, -22.519838347627164 ], [ 31.147323506965343, -22.518855390446234 ], [ 31.147933193066294, -22.517598117766031 ], [ 31.150451723021664, -22.518250189034671 ] ] ] ] } },
{ "type": "Feature", "properties": { "OBJECTID": 49, "LSCAP_ID": 25, "ZONE10": 8, "ZONE17": 15, "Z17CODE": "N", "LANDSCAPE": "Adansonia digitata / Colophospermum mopane Rugged Veld", "LABEL": "25: Adansonia digitata / Colophospermum mopane Rugged Veld", "ALLIANCES_": 15, "ALLIANCES": "15: Basaltic or calcitic plains with Colophospermum mopane shrub savanna", "AREA_HA": 4652.718, "PERIMETER_": 41.867, "PERIMETE_1": 41.864 }, "geometry": { "type": "MultiPolygon", "coordinates": [ [ [ [ 31.106725220767963, -22.554324250292723 ], [ 31.103855031796151, -22.553053253894905 ], [ 31.102070441098732, -22.551316414650337 ], [ 31.098014455668075, -22.540811255571331 ], [ 31.094766157632328, -22.540908267197484 ], [ 31.092452568959512, -22.545143196370187 ], [ 31.089206021700527, -22.548635536609506 ], [ 31.087501244371179, -22.550294920051293 ], [ 31.084869839345647, -22.554986481347779 ], [ 31.083983193971317, -22.559346610479459 ], [ 31.081043273942569, -22.560313907619463 ], [ 31.079577847906005, -22.560820165090455 ], [ 31.075974049438063, -22.560578398544514 ], [ 31.073218516111169, -22.560166116383378 ], [ 31.069609016162691, -22.558939837098258 ], [ 31.0654486441864, -22.557481094186084 ], [ 31.061233326216112, -22.556482129627693 ], [ 31.058964751368702, -22.554630639270897 ], [ 31.057320878261926, -22.552606064488646 ], [ 31.056276444298852, -22.550128179610141 ], [ 31.056160475388786, -22.548690965925193 ], [ 31.057317096826967, -22.546627982339032 ], [ 31.059647646971211, -22.544732671046994 ], [ 31.05726010901045, -22.543060336791875 ], [ 31.055490008879971, -22.54172955602883 ], [ 31.051326301837786, -22.53986408136678 ], [ 31.048273984355095, -22.539854163348252 ], [ 31.04441576677263, -22.540466506856795 ], [ 31.041422692437447, -22.541080262976411 ], [ 31.037272022967517, -22.539684165174567 ], [ 31.033778523659837, -22.537880610632918 ], [ 31.029319439573815, -22.536995266738639 ], [ 31.024858579460741, -22.536922494477857 ], [ 31.018005224806217, -22.536251239528664 ], [ 31.012507711724414, -22.53593959728568 ], [ 31.008353019531977, -22.536213295015767 ], [ 31.004741793508341, -22.537225062406996 ], [ 31.004133938016221, -22.535555987628513 ], [ 31.004373178831649, -22.534466316404636 ], [ 31.005412628496828, -22.531129046645841 ], [ 31.006334493358452, -22.527853519749435 ], [ 31.00780118261855, -22.525216836425081 ], [ 31.009213529221658, -22.522976788161895 ], [ 31.010615205241564, -22.520799803121854 ], [ 31.012147876430731, -22.51965385457407 ], [ 31.01324790274175, -22.518854725145577 ], [ 31.014223262603192, -22.517936657701036 ], [ 31.015324166458914, -22.517074312246269 ], [ 31.015941154808438, -22.516747803077148 ], [ 31.015552280966581, -22.518115590483905 ], [ 31.015525457206486, -22.519993528126843 ], [ 31.016117961742253, -22.521382443309221 ], [ 31.017004470712582, -22.52260340703311 ], [ 31.01720984051202, -22.522515635968215 ], [ 31.019419913954227, -22.522940175762248 ], [ 31.020798282812667, -22.522388233248616 ], [ 31.023416579152912, -22.522131445984233 ], [ 31.025571606469093, -22.52164317849018 ], [ 31.02712974005162, -22.520750237722293 ], [ 31.027977541858544, -22.519911790387926 ], [ 31.028359255388207, -22.51904053872876 ], [ 31.028492141647231, -22.517895332689253 ], [ 31.028486559778262, -22.516233709654134 ], [ 31.029016215632542, -22.514524459167934 ], [ 31.03005360030156, -22.512649845522859 ], [ 31.031027662805212, -22.511126626733081 ], [ 31.03192230413725, -22.510406118328891 ], [ 31.033152308206539, -22.509337522995676 ], [ 31.034310059498097, -22.508566032215789 ], [ 31.035665863448202, -22.508221369042676 ], [ 31.03679538629396, -22.508758897775444 ], [ 31.038277418406594, -22.509111079346969 ], [ 31.039412856656245, -22.509919569862213 ], [ 31.039739427992359, -22.510194453270621 ], [ 31.040813479493035, -22.510532614827326 ], [ 31.041201366405616, -22.509905217202569 ], [ 31.041612754917974, -22.508989136343374 ], [ 31.042935273791151, -22.508246675105347 ], [ 31.045140398485668, -22.507632312875646 ], [ 31.047862928299654, -22.506852617365915 ], [ 31.051102720160532, -22.505916589721721 ], [ 31.053294540425114, -22.504859465705159 ], [ 31.055442037110936, -22.503494744178067 ], [ 31.056804817346364, -22.501948949377788 ], [ 31.058235972104558, -22.501072208883915 ], [ 31.058338940005498, -22.500658055571815 ], [ 31.058753727856502, -22.500184448398667 ], [ 31.059106165700442, -22.499303724117613 ], [ 31.058253601964079, -22.49841750746916 ], [ 31.05702462758855, -22.498041475054968 ], [ 31.05547778893958, -22.497462929911929 ], [ 31.053804533735516, -22.496196540073864 ], [ 31.052495873286283, -22.494573330382341 ], [ 31.052079351593946, -22.493782658284076 ], [ 31.050741938865603, -22.492827330840143 ], [ 31.049836739976808, -22.491543104575783 ], [ 31.04975084250697, -22.49073836851338 ], [ 31.050080485419844, -22.489405874203293 ], [ 31.050885420246324, -22.488828643723608 ], [ 31.052204930360212, -22.487589387047336 ], [ 31.053423722391596, -22.486601750181727 ], [ 31.054158218199088, -22.486195226520604 ], [ 31.054915927314113, -22.485518069802616 ], [ 31.05517900998764, -22.484771728275742 ], [ 31.054996051835079, -22.483956791179935 ], [ 31.054955548911181, -22.482683026759034 ], [ 31.056160898452969, -22.48126174690039 ], [ 31.057642706870233, -22.481613734016221 ], [ 31.058580345579589, -22.482663520199793 ], [ 31.059655150588039, -22.483633680093575 ], [ 31.06133193819938, -22.483942830852335 ], [ 31.0618923623305, -22.482775626115902 ], [ 31.06180815597531, -22.481844487367209 ], [ 31.06171084017496, -22.481157010376073 ], [ 31.061428394715108, -22.479808091146499 ], [ 31.061534782970419, -22.477750450225404 ], [ 31.061897441419358, -22.476129346977007 ], [ 31.063060749043572, -22.476323936264841 ], [ 31.064434280441468, -22.476773891925205 ], [ 31.06580719437963, -22.47726898080456 ], [ 31.067462238777679, -22.477740350089732 ], [ 31.068864696624114, -22.478208677081028 ], [ 31.072356401574325, -22.480074610959061 ], [ 31.073158472518582, -22.481799976373839 ], [ 31.073095916355889, -22.484914713758023 ], [ 31.07211445482471, -22.487720455715387 ], [ 31.066063727640937, -22.490275784470406 ], [ 31.064474554434046, -22.49204471160084 ], [ 31.064537839264204, -22.493083962177352 ], [ 31.075380773490192, -22.500979992291505 ], [ 31.077028267916688, -22.502020104510056 ], [ 31.08009388687486, -22.501009151379257 ], [ 31.083641194758371, -22.499597500152213 ], [ 31.087005708466481, -22.498752512574047 ], [ 31.089947819122024, -22.498940944652031 ], [ 31.092401055553392, -22.500053670580908 ], [ 31.094665778685233, -22.50570644916624 ], [ 31.094978059107707, -22.509159775645958 ], [ 31.096029186044426, -22.515439340025878 ], [ 31.097132449368569, -22.517917697286773 ], [ 31.098295543008771, -22.520288390065598 ], [ 31.099404645120899, -22.523055778357236 ], [ 31.102714146632199, -22.526986956057186 ], [ 31.104610049934145, -22.528381928989141 ], [ 31.107438049606241, -22.529146683897036 ], [ 31.110252531028575, -22.528764360355687 ], [ 31.1144724165555, -22.530114256094059 ], [ 31.115708265612437, -22.532883037046556 ], [ 31.114368091031558, -22.538511394223885 ], [ 31.112959911012545, -22.541267239407688 ], [ 31.110815273038103, -22.543842839857973 ], [ 31.109106862142539, -22.545791403883968 ], [ 31.107827086395773, -22.547672747241997 ], [ 31.107459784812644, -22.548941719074993 ], [ 31.107645573833455, -22.549576037552729 ], [ 31.106725220767963, -22.554324250292723 ] ] ] ] } },
{ "type": "Feature", "properties": { "OBJECTID": 50, "LSCAP_ID": 32, "ZONE10": 10, "ZONE17": 17, "Z17CODE": "N", "LANDSCAPE": "Nwambiya Sandveld", "LABEL": "32: Nwambiya Sandveld", "ALLIANCES_": 17, "ALLIANCES": "17: Recent sand plains with Terminalia sericea bush savanna or with Baphia massaiensis bush savana", "AREA_HA": 2056.254, "PERIMETER_": 18.718, "PERIMETE_1": 18.719 }, "geometry": { "type": "MultiPolygon", "coordinates": [ [ [ [ 31.331175447862382, -22.494639641420275 ], [ 31.333352423606826, -22.501137613468511 ], [ 31.346303326795983, -22.539970267837912 ], [ 31.342560955571422, -22.542352134469521 ], [ 31.339691876247564, -22.544869362081464 ], [ 31.33809549237796, -22.545837281799116 ], [ 31.336138630753336, -22.546864674113284 ], [ 31.333819221353988, -22.5481230974843 ], [ 31.332598480880829, -22.548571038121594 ], [ 31.328006155360558, -22.55125078571637 ], [ 31.324217857297512, -22.554164554590603 ], [ 31.3217141580276, -22.556170458828689 ], [ 31.318720900110524, -22.55764739195639 ], [ 31.315406016889554, -22.558380339551274 ], [ 31.313144132519579, -22.558076654837134 ], [ 31.305476002968138, -22.554591268632429 ], [ 31.303822708256305, -22.553029510277312 ], [ 31.302655095987458, -22.550714248520929 ], [ 31.301845669140903, -22.548529198395876 ], [ 31.300806371371287, -22.546856491168608 ], [ 31.298473393567242, -22.545233314529614 ], [ 31.296576338643437, -22.544535898681644 ], [ 31.295833902694749, -22.541656136314653 ], [ 31.298518030473549, -22.540799500656014 ], [ 31.300233474367023, -22.538857879462014 ], [ 31.30620440249287, -22.52916719943962 ], [ 31.308873121890223, -22.519170650879147 ], [ 31.311002157702799, -22.515156056813847 ], [ 31.31446925854538, -22.50659467234015 ], [ 31.316909563362476, -22.502529045965442 ], [ 31.326016323719269, -22.496112405397096 ], [ 31.329516900042933, -22.49516433062389 ], [ 31.331175447862382, -22.494639641420275 ] ] ] ] } },
{ "type": "Feature", "properties": { "OBJECTID": 51, "LSCAP_ID": 34, "ZONE10": 7, "ZONE17": 11, "Z17CODE": "N", "LANDSCAPE": "Punda Maria Sandveld on Waterberg sandstone", "LABEL": "34: Punda Maria Sandveld on Waterberg sandstone", "ALLIANCES_": 11, "ALLIANCES": "11: Clarens sandstone hills with Terminalia sericea bush savanna or Soutpansberg group mountains with Burkea africana tree savanna", "AREA_HA": 30764.295, "PERIMETER_": 134.911, "PERIMETE_1": 134.896 }, "geometry": { "type": "MultiPolygon", "coordinates": [ [ [ [ 31.004741793508341, -22.537225062406996 ], [ 31.002167713396879, -22.53911651675741 ], [ 31.000579046565491, -22.542103785199192 ], [ 31.000519799830201, -22.544866245066164 ], [ 31.001373400717284, -22.545671501001809 ], [ 31.003448010466219, -22.548099268632505 ], [ 31.007118219915029, -22.549092956721292 ], [ 31.011887209229393, -22.548718550110635 ], [ 31.014214671306181, -22.548440287731431 ], [ 31.018857406159015, -22.548055082151684 ], [ 31.023389862536291, -22.547903168787681 ], [ 31.028091342831747, -22.548854878765731 ], [ 31.029441762063225, -22.549602877231887 ], [ 31.032559284640282, -22.553939415007314 ], [ 31.034637008554434, -22.557567868248601 ], [ 31.036528347299228, -22.561320445166754 ], [ 31.039708969716877, -22.563978023775665 ], [ 31.043312519716064, -22.567679168571225 ], [ 31.046248705598654, -22.568383130702067 ], [ 31.049737404403107, -22.569211140700755 ], [ 31.05352359162141, -22.57032261852072 ], [ 31.057684209979818, -22.571086357705532 ], [ 31.060740508455797, -22.571556728123262 ], [ 31.065637527995698, -22.571119095317467 ], [ 31.071019156362986, -22.571490826400371 ], [ 31.075536586972216, -22.573179485548916 ], [ 31.079818426803879, -22.575036783978913 ], [ 31.083737521165766, -22.577819772437312 ], [ 31.089121739388041, -22.577324030177344 ], [ 31.089015707566364, -22.5814857630623 ], [ 31.08749459962339, -22.58389682118354 ], [ 31.085903639640016, -22.585729086989865 ], [ 31.085411705873334, -22.588251716683555 ], [ 31.0854777406803, -22.58980572136733 ], [ 31.08591227810366, -22.590731996013492 ], [ 31.090686196859004, -22.591511263581889 ], [ 31.100299325448642, -22.591869112567768 ], [ 31.10471383335625, -22.591207882186112 ], [ 31.108445716090699, -22.589969571217477 ], [ 31.111815435555954, -22.588898489410326 ], [ 31.1161010804814, -22.588406999983146 ], [ 31.118855638112283, -22.588944998506388 ], [ 31.119779592312515, -22.591087008483846 ], [ 31.11317105833222, -22.595750462060959 ], [ 31.103315155332915, -22.599598662193063 ], [ 31.096711455049146, -22.602428272187108 ], [ 31.08826013735321, -22.603808802879463 ], [ 31.083533058974034, -22.600320905886907 ], [ 31.081998621966964, -22.59875839451021 ], [ 31.078698924587844, -22.599658084042776 ], [ 31.077046363967803, -22.60240156345645 ], [ 31.074233200422579, -22.606070246889608 ], [ 31.066948859305732, -22.609522523538391 ], [ 31.06450042766139, -22.609339494263018 ], [ 31.059899457108664, -22.606601954976348 ], [ 31.054018309335813, -22.606386261606197 ], [ 31.048571651371137, -22.609155595515027 ], [ 31.03945082047111, -22.613117004279992 ], [ 31.035347786829728, -22.617121334906102 ], [ 31.033267767009352, -22.620436985725725 ], [ 31.030765981133534, -22.623991236680428 ], [ 31.02936318099167, -22.627549918960614 ], [ 31.028935334282803, -22.632312541888655 ], [ 31.030108520248124, -22.634629630887812 ], [ 31.032131449206368, -22.636027047975826 ], [ 31.03433059797338, -22.635981787873323 ], [ 31.04590670191692, -22.630488506276997 ], [ 31.05018320273544, -22.627298740186081 ], [ 31.055642115545744, -22.627166359131142 ], [ 31.058459614029985, -22.630180460140306 ], [ 31.05981430523665, -22.634847407689833 ], [ 31.060812583390415, -22.644810755399977 ], [ 31.063825337701918, -22.651276679426442 ], [ 31.065850503241791, -22.653251661257851 ], [ 31.068971046348732, -22.654824437808859 ], [ 31.074864232152599, -22.6564214704938 ], [ 31.085458298765712, -22.658625392209153 ], [ 31.096371774774518, -22.659568184932052 ], [ 31.103847260875511, -22.660767580855516 ], [ 31.110475867824206, -22.662715195782198 ], [ 31.115805873871651, -22.662868290501549 ], [ 31.12389401429586, -22.662692323614777 ], [ 31.127627716212547, -22.662889531699399 ], [ 31.128608820944528, -22.66444519945809 ], [ 31.126529773800627, -22.665639998118866 ], [ 31.120341176613977, -22.667788957886973 ], [ 31.115325565147355, -22.669536080397222 ], [ 31.112750152039631, -22.670724845384907 ], [ 31.110551995796971, -22.670653770357895 ], [ 31.108039608182136, -22.671500046850188 ], [ 31.099830778633873, -22.676161809281474 ], [ 31.09707876245303, -22.678847237830908 ], [ 31.093282195178887, -22.681059628612982 ], [ 31.080601647095243, -22.684601433138763 ], [ 31.076441717945535, -22.689111741059218 ], [ 31.070316368248907, -22.690789845948192 ], [ 31.066274831936987, -22.692375513299925 ], [ 31.059841049636386, -22.695205329214712 ], [ 31.056405857801774, -22.697944908973721 ], [ 31.056721333528397, -22.69972767444936 ], [ 31.05868789638933, -22.701756240320684 ], [ 31.06186604559381, -22.701379396390372 ], [ 31.064260839726256, -22.70203147623824 ], [ 31.066842394016664, -22.70671322484532 ], [ 31.068142867731854, -22.713221616110246 ], [ 31.067176766902126, -22.727947117759687 ], [ 31.067799147108484, -22.730763013672728 ], [ 31.067372644751082, -22.735480609358191 ], [ 31.064678830435728, -22.739430277341953 ], [ 31.059296504384367, -22.743473665768786 ], [ 31.057701459224546, -22.746804434004126 ], [ 31.05752535109719, -22.749619673732226 ], [ 31.055628341559355, -22.755014621437237 ], [ 31.054097124679792, -22.760007642352491 ], [ 31.051344903241397, -22.762520537827044 ], [ 31.047421739332755, -22.765885939438345 ], [ 31.044533149308329, -22.767701723176273 ], [ 31.04170593538986, -22.769987762363897 ], [ 31.038083515335661, -22.772038220394265 ], [ 31.035260930903519, -22.774667328099422 ], [ 31.032193150182081, -22.77741074377483 ], [ 31.029122782149297, -22.780325629112166 ], [ 31.026604156372688, -22.78278674828476 ], [ 31.024514912793865, -22.784503658440777 ], [ 31.021021050231987, -22.786374682502814 ], [ 31.017643025087903, -22.788310273085774 ], [ 31.014200351113935, -22.789323934929673 ], [ 31.011068997073206, -22.791027671196129 ], [ 31.008118929192733, -22.793654649076682 ], [ 31.006402971843084, -22.79445491710786 ], [ 31.003213516509394, -22.796789845758187 ], [ 31.000573471755906, -22.798842641814222 ], [ 30.997685051555802, -22.800558167045196 ], [ 30.99658025144063, -22.802846880178446 ], [ 30.995957589409517, -22.804798514524741 ], [ 30.996947627055743, -22.806364082358794 ], [ 30.999448042374748, -22.807217199719467 ], [ 30.996491917210676, -22.808886691649604 ], [ 30.993918426154945, -22.810362286814861 ], [ 30.989570836753682, -22.812592020917418 ], [ 30.987499126758305, -22.813053473661377 ], [ 30.985709643689777, -22.812868326243503 ], [ 30.983934025821387, -22.81240341300019 ], [ 30.981798502249543, -22.811906833349962 ], [ 30.980237555345475, -22.811417510005111 ], [ 30.992046224779088, -22.773939684226082 ], [ 30.99953528420453, -22.757843274973414 ], [ 31.002899838082048, -22.750769876604885 ], [ 31.013575251550218, -22.727533630583036 ], [ 30.999585181768584, -22.72699792090452 ], [ 30.973827517907285, -22.725093205836732 ], [ 30.888473093813069, -22.712349324042084 ], [ 30.888321281505906, -22.712094494686379 ], [ 30.888244616055971, -22.710748095641314 ], [ 30.888353210990616, -22.708744993951004 ], [ 30.888497434028331, -22.70759112977591 ], [ 30.889297637705408, -22.706816132356099 ], [ 30.891384754952139, -22.704622420930281 ], [ 30.893899575000809, -22.703093461742611 ], [ 30.896978007722513, -22.70289017577635 ], [ 30.898260091774567, -22.702419437119939 ], [ 30.900347234571456, -22.700848630185114 ], [ 30.901879315626477, -22.699297601314999 ], [ 30.90420153388564, -22.697621466950142 ], [ 30.905786439526619, -22.695791171870066 ], [ 30.906357895161101, -22.69532911643574 ], [ 30.907386792433801, -22.693581819682205 ], [ 30.908500624935769, -22.691366088540459 ], [ 30.907073318589049, -22.689234512401317 ], [ 30.905424863991637, -22.688210663676557 ], [ 30.902886147416314, -22.687500197279121 ], [ 30.899630310759598, -22.685958595563786 ], [ 30.898497996192766, -22.684914365791336 ], [ 30.897712815720773, -22.683441273173273 ], [ 30.898009730147102, -22.681837920939497 ], [ 30.898924348150256, -22.67992664437466 ], [ 30.900798333679617, -22.678271742186144 ], [ 30.903350898306304, -22.67742030333585 ], [ 30.905298897565338, -22.677292304613406 ], [ 30.907016975343218, -22.677567605523162 ], [ 30.908987583612905, -22.67723217755076 ], [ 30.91022528559191, -22.677744966660228 ], [ 30.911752507602532, -22.677773927427182 ], [ 30.913605688485436, -22.677482057884109 ], [ 30.915591374984189, -22.677435690609677 ], [ 30.918844295031622, -22.676593115556187 ], [ 30.920243896557693, -22.676051470196349 ], [ 30.921508996503455, -22.674749578321659 ], [ 30.922967067592587, -22.672908401379743 ], [ 30.923333325025311, -22.671847657437269 ], [ 30.923969357393069, -22.669670736921219 ], [ 30.924031587400048, -22.668768581159608 ], [ 30.923952440794995, -22.666916481428782 ], [ 30.924258050013837, -22.665358317274659 ], [ 30.924538083226786, -22.664206153890522 ], [ 30.925034880554104, -22.662226071607375 ], [ 30.925269927938107, -22.660829522683716 ], [ 30.925693767427436, -22.658523424043231 ], [ 30.927039113302587, -22.655750678875549 ], [ 30.927259750674541, -22.655311080896137 ], [ 30.927381561242822, -22.653678289553032 ], [ 30.928264624016361, -22.651883779787624 ], [ 30.928832646007585, -22.649687886007243 ], [ 30.929386316736263, -22.64779881186606 ], [ 30.929785432853659, -22.645835500505321 ], [ 30.930206541023999, -22.644351043877482 ], [ 30.930086344805524, -22.643283989723475 ], [ 30.930045058165287, -22.641495580482271 ], [ 30.932424689271095, -22.64044273402428 ], [ 30.934110246412221, -22.641566091571214 ], [ 30.934479429068634, -22.641597938987733 ], [ 30.935253594418324, -22.641869775567926 ], [ 30.936113688900821, -22.642901210059399 ], [ 30.937453227053133, -22.644399326774906 ], [ 30.938883677692026, -22.645022721369362 ], [ 30.939463885360826, -22.645255925572869 ], [ 30.941256012604647, -22.643807114739001 ], [ 30.943035192007141, -22.64322496905184 ], [ 30.944924435669034, -22.642436530068448 ], [ 30.94528419389108, -22.641140860436728 ], [ 30.945999046412222, -22.639515639810451 ], [ 30.947754341826364, -22.638571940639448 ], [ 30.948892536706943, -22.638568449906078 ], [ 30.950743051391754, -22.637761380762118 ], [ 30.952928863764161, -22.637301702468758 ], [ 30.953319902788621, -22.637171249160073 ], [ 30.956953774026974, -22.636802235199113 ], [ 30.958390806236441, -22.636323905284335 ], [ 30.959133178096074, -22.635457467889108 ], [ 30.959031542558105, -22.634435806520667 ], [ 30.957551831954522, -22.632538763680994 ], [ 30.955563503484999, -22.630833879954327 ], [ 30.95534225235075, -22.630009347689334 ], [ 30.95520417686518, -22.628165509565125 ], [ 30.955271638508986, -22.626893169116048 ], [ 30.956717646022195, -22.625800935857661 ], [ 30.959448252865595, -22.625321006409099 ], [ 30.962024176666716, -22.624775854761648 ], [ 30.965051552347173, -22.623956464704534 ], [ 30.968024986984602, -22.621510959036417 ], [ 30.96829343286235, -22.621776225512559 ], [ 30.969266667256129, -22.621075192887041 ], [ 30.971000224162122, -22.619598175827999 ], [ 30.971665420868707, -22.618676513023576 ], [ 30.972912757844284, -22.617852503271042 ], [ 30.974997374426852, -22.616307634404826 ], [ 30.976126921009801, -22.615554349059028 ], [ 30.97773774927639, -22.613813834249886 ], [ 30.978810803069223, -22.612265184296334 ], [ 30.981448068517551, -22.611494724993687 ], [ 30.98419370719645, -22.611294467209188 ], [ 30.985745636265907, -22.610916641387711 ], [ 30.986875215523675, -22.610154244081151 ], [ 30.988756807871123, -22.608507301722337 ], [ 30.989513823230421, -22.607947902030567 ], [ 30.989798311114477, -22.607779897237247 ], [ 30.990822040269403, -22.606266656764799 ], [ 30.991573350019362, -22.604759028956142 ], [ 30.99180210741325, -22.604409723327397 ], [ 30.992669947623401, -22.602912576891189 ], [ 30.993607629547309, -22.600621660138405 ], [ 30.994674428142638, -22.598142719067855 ], [ 30.995174411894123, -22.596523568247878 ], [ 30.995435583797541, -22.595948911028401 ], [ 30.995589572043791, -22.594045507305367 ], [ 30.995458810278919, -22.593673645264705 ], [ 30.994999122172214, -22.592512066994246 ], [ 30.994469419366403, -22.591485062898908 ], [ 30.993396387617057, -22.589701779650838 ], [ 30.992928875063996, -22.589081897749097 ], [ 30.992473969096853, -22.588263512792523 ], [ 30.991940633231238, -22.58748929589775 ], [ 30.991363143523984, -22.586407506055377 ], [ 30.989602654492156, -22.584425971754822 ], [ 30.987390679386593, -22.583404969590212 ], [ 30.985712931607242, -22.58242675978935 ], [ 30.982392442472609, -22.581409845598706 ], [ 30.979366695600124, -22.580188885330472 ], [ 30.976483272853343, -22.579213472057635 ], [ 30.973948558310521, -22.578332707271866 ], [ 30.972264574884417, -22.57845593587739 ], [ 30.971988135154003, -22.578741402843328 ], [ 30.971190348991382, -22.578108264647287 ], [ 30.970083921050168, -22.577967867288542 ], [ 30.969693463538679, -22.578071291178208 ], [ 30.968251600071003, -22.578260747077401 ], [ 30.967425597323668, -22.577564025187861 ], [ 30.966485461165934, -22.576694286819457 ], [ 30.965215292109793, -22.575125062418383 ], [ 30.964330293069715, -22.573813547240974 ], [ 30.964069597137001, -22.572365462669147 ], [ 30.96405259888753, -22.570875316687999 ], [ 30.964095728180567, -22.57058690695121 ], [ 30.964066487162384, -22.569268173360921 ], [ 30.964094470912396, -22.567363222074853 ], [ 30.964089086173637, -22.566405985824112 ], [ 30.964558430713204, -22.56556312200172 ], [ 30.964353635987685, -22.563619101416048 ], [ 30.964508991133282, -22.562970916973899 ], [ 30.963365988530114, -22.561358145692072 ], [ 30.961024053178338, -22.559296728135951 ], [ 30.959701638679274, -22.55798867435464 ], [ 30.959118136141822, -22.557340145435923 ], [ 30.958481882372357, -22.555652509081675 ], [ 30.958306637351537, -22.555009162228956 ], [ 30.957699960651585, -22.553294809611216 ], [ 30.957407802562741, -22.552008855664536 ], [ 30.957642110878304, -22.55062123140204 ], [ 30.958033503912599, -22.548468061497914 ], [ 30.958148525170998, -22.547918699400352 ], [ 30.95846282989233, -22.546378580185436 ], [ 30.959907919174082, -22.545286243983877 ], [ 30.961439000939748, -22.54429431224429 ], [ 30.96257157142642, -22.543297316171671 ], [ 30.963658974193059, -22.542064961454518 ], [ 30.965509154931723, -22.539857987633521 ], [ 30.966838287587127, -22.538709934412118 ], [ 30.968128197319192, -22.538247648036748 ], [ 30.969844120386931, -22.536571686438279 ], [ 30.970634610750501, -22.535028510897863 ], [ 30.970939500740677, -22.534120332344983 ], [ 30.970933918471232, -22.533172117519161 ], [ 30.970643377524972, -22.531768811018054 ], [ 30.970039872378749, -22.530497004985168 ], [ 30.969627971790235, -22.529417244021179 ], [ 30.969429533479669, -22.527699050077874 ], [ 30.970750374466768, -22.524446869933705 ], [ 30.971770218389878, -22.522500225519654 ], [ 30.972142432280585, -22.521638039557313 ], [ 30.973246531464227, -22.519909163524456 ], [ 30.975423483097515, -22.517922876560881 ], [ 30.976850662728424, -22.517362902217275 ], [ 30.978424251152443, -22.516759603292687 ], [ 30.980020674389397, -22.515921794632341 ], [ 30.981343811461915, -22.515161812154684 ], [ 30.98391411400144, -22.512846218684668 ], [ 30.986907438309917, -22.510842889192016 ], [ 30.987208454894823, -22.509519237650288 ], [ 30.988131742465175, -22.508176271222126 ], [ 30.989945456720427, -22.505742749831544 ], [ 30.991064721255878, -22.504284818201381 ], [ 30.99128136018464, -22.502743380878268 ], [ 30.991521340247132, -22.502276810874047 ], [ 30.992277468645131, -22.501735405079057 ], [ 30.993056876972464, -22.501600638399065 ], [ 30.993450564733894, -22.501930626189701 ], [ 30.993973773856645, -22.502713729891997 ], [ 30.995472951956184, -22.503210990703835 ], [ 30.997240177998595, -22.503991504356929 ], [ 30.998395559115306, -22.50406907950423 ], [ 30.999383678818063, -22.504289050017647 ], [ 30.999906589877966, -22.503744709865572 ], [ 31.00111211334098, -22.503714527061486 ], [ 31.002869675478621, -22.50381760351139 ], [ 31.004809139607808, -22.504112546933662 ], [ 31.006398938137711, -22.504394108992336 ], [ 31.007750092773016, -22.504374709577203 ], [ 31.008473017093579, -22.504112747679322 ], [ 31.009337403099149, -22.503473265693376 ], [ 31.010243129571951, -22.503339976667775 ], [ 31.011109243377362, -22.503937634112713 ], [ 31.012719303914686, -22.504842464200404 ], [ 31.014243655065155, -22.50630609137124 ], [ 31.014960697811745, -22.507136675404876 ], [ 31.015076109564298, -22.508582921398034 ], [ 31.015442832868278, -22.50944530560168 ], [ 31.015938642722006, -22.510796907821735 ], [ 31.016573726226916, -22.511924471074625 ], [ 31.016761116956168, -22.512414407525117 ], [ 31.016758669006961, -22.512585950172667 ], [ 31.016911626465518, -22.513445698362002 ], [ 31.016744861296811, -22.51491555780779 ], [ 31.016094784150066, -22.516198857972157 ], [ 31.015941154808438, -22.516747803077148 ], [ 31.015324166458914, -22.517074312246269 ], [ 31.014223262603192, -22.517936657701036 ], [ 31.01324790274175, -22.518854725145577 ], [ 31.012147876430731, -22.51965385457407 ], [ 31.010615205241564, -22.520799803121854 ], [ 31.009213529221658, -22.522976788161895 ], [ 31.00780118261855, -22.525216836425081 ], [ 31.006334493358452, -22.527853519749435 ], [ 31.005412628496828, -22.531129046645841 ], [ 31.004373178831649, -22.534466316404636 ], [ 31.004133938016221, -22.535555987628513 ], [ 31.004741793508341, -22.537225062406996 ] ] ] ] } },
{ "type": "Feature", "properties": { "OBJECTID": 52, "LSCAP_ID": 27, "ZONE10": 9, "ZONE17": 14, "Z17CODE": "N", "LANDSCAPE": "Mixed Combretum / Colophospermum mopane woodland", "LABEL": "27: Mixed Combretum / Colophospermum mopane woodland", "ALLIANCES_": 14, "ALLIANCES": "14: Basaltic plains or rhyolite mountains with Combretum apiculatim or Colophospermum mopane bush savanna", "AREA_HA": 30695.392, "PERIMETER_": 270.242, "PERIMETE_1": 270.26 }, "geometry": { "type": "MultiPolygon", "coordinates": [ [ [ [ 31.296576338643437, -22.544535898681644 ], [ 31.290085666730718, -22.545794595215458 ], [ 31.286112032785329, -22.546348349755171 ], [ 31.284763351900033, -22.546911960443257 ], [ 31.282875403490369, -22.548625779646027 ], [ 31.27359107623602, -22.557151015523402 ], [ 31.270599187249605, -22.559259210398537 ], [ 31.268082876900515, -22.559873321212638 ], [ 31.259314316347936, -22.552743468084934 ], [ 31.257651081118496, -22.551244371299727 ], [ 31.250922006592397, -22.551315809811911 ], [ 31.249639988228918, -22.552746812411851 ], [ 31.249151584389693, -22.55446640715066 ], [ 31.251799097805577, -22.56041049601988 ], [ 31.252909719056429, -22.564098171539914 ], [ 31.252792124627202, -22.565713434353324 ], [ 31.251215038888098, -22.568170760995937 ], [ 31.245827353364586, -22.569755668577464 ], [ 31.245835728755107, -22.572167017293474 ], [ 31.24828285825021, -22.573972808689007 ], [ 31.263887294603418, -22.569572504691834 ], [ 31.270077093532365, -22.569151585727354 ], [ 31.270750175463046, -22.570540575118272 ], [ 31.269897914469915, -22.572599501821053 ], [ 31.264885577596914, -22.575272810525828 ], [ 31.262808835078989, -22.578031909691301 ], [ 31.262645594371001, -22.582518538416448 ], [ 31.255249379825212, -22.5883355723142 ], [ 31.252063306615756, -22.588029996505206 ], [ 31.248880519595996, -22.590542040404451 ], [ 31.249502679990343, -22.592102141998492 ], [ 31.252872118089616, -22.59252717055395 ], [ 31.253914902057268, -22.592357895345732 ], [ 31.254163542831026, -22.595006661973944 ], [ 31.255086561807477, -22.596624202349449 ], [ 31.256804301071337, -22.596922822345103 ], [ 31.259679783715658, -22.596421193900522 ], [ 31.265173943966946, -22.590294444374745 ], [ 31.270853774650028, -22.585614435716767 ], [ 31.275620774491358, -22.582360338376628 ], [ 31.276780423036854, -22.581388402664203 ], [ 31.27781937339153, -22.579954581331737 ], [ 31.280749954774652, -22.577330848949597 ], [ 31.282948819257943, -22.575674591327655 ], [ 31.283565983311892, -22.574525211762879 ], [ 31.28539898316868, -22.574138386294589 ], [ 31.285352721354531, -22.577876749329015 ], [ 31.284868663572961, -22.580057096203632 ], [ 31.284690275063955, -22.581897525117835 ], [ 31.285670700727174, -22.582829159191601 ], [ 31.286037413329087, -22.583058849056254 ], [ 31.289641355000871, -22.581814855717148 ], [ 31.289473482703741, -22.585958324930687 ], [ 31.283786858282458, -22.589663600107485 ], [ 31.280000599231034, -22.593036815671429 ], [ 31.278903593954823, -22.593657231455847 ], [ 31.275786163867245, -22.594852000576005 ], [ 31.269428840440273, -22.599244905340239 ], [ 31.267536337535102, -22.601247429200008 ], [ 31.266314137657865, -22.603311354888877 ], [ 31.268969412511321, -22.609535258487703 ], [ 31.269894050818504, -22.611044370840503 ], [ 31.270389881910123, -22.613397767744445 ], [ 31.270698529891739, -22.61438547002971 ], [ 31.272294067356629, -22.615143198965768 ], [ 31.274063948689651, -22.61440364634133 ], [ 31.276327312745565, -22.613091392219584 ], [ 31.281099754214427, -22.612600730146241 ], [ 31.283362314530844, -22.608994485448097 ], [ 31.285419781532543, -22.601520730779963 ], [ 31.285585931579231, -22.596745089518635 ], [ 31.28632412586914, -22.595253818708471 ], [ 31.295456752638021, -22.598421601758041 ], [ 31.296558399815432, -22.599002252679572 ], [ 31.304938446347478, -22.595361114354567 ], [ 31.316644218105861, -22.597326627390238 ], [ 31.318791910944874, -22.599877852802212 ], [ 31.319171086233549, -22.602293138242633 ], [ 31.312154979222925, -22.60973340092708 ], [ 31.306035620475104, -22.613787096037491 ], [ 31.303659594521129, -22.617166708467224 ], [ 31.288573994483354, -22.63037239246384 ], [ 31.286864769738049, -22.632485458030811 ], [ 31.285339954964286, -22.635413263953509 ], [ 31.288560686187711, -22.646366154603328 ], [ 31.289795495610189, -22.651147701499731 ], [ 31.293247827443317, -22.656801793041993 ], [ 31.297167908538064, -22.65769242179147 ], [ 31.298637124637992, -22.657699000498422 ], [ 31.299928495478458, -22.657134724287701 ], [ 31.300353466876814, -22.65581167308402 ], [ 31.30101986801149, -22.653055247059989 ], [ 31.302718255089982, -22.650246532653863 ], [ 31.304199466408207, -22.652438695128097 ], [ 31.303714579901342, -22.654682290800096 ], [ 31.306734898616384, -22.658326656199211 ], [ 31.309550075894101, -22.659665889002532 ], [ 31.315703577504941, -22.665736364855199 ], [ 31.318023571816028, -22.66540853392409 ], [ 31.319991137477754, -22.666052328856573 ], [ 31.320854241919303, -22.667894689184898 ], [ 31.3233599426799, -22.666701744760342 ], [ 31.324776486081028, -22.66624695115927 ], [ 31.325749477201065, -22.666257125453871 ], [ 31.327348766734719, -22.667583345476416 ], [ 31.324541930003825, -22.670335581245563 ], [ 31.322029907288663, -22.672043246105392 ], [ 31.317960468765566, -22.682548827622799 ], [ 31.318221946486677, -22.686642641768486 ], [ 31.318721546977219, -22.688770187748702 ], [ 31.317493095440383, -22.689741661184947 ], [ 31.315977830355081, -22.693473603551819 ], [ 31.316845703896288, -22.696526194690524 ], [ 31.317885429375544, -22.698262057743669 ], [ 31.320463303540503, -22.697584720132006 ], [ 31.321132901158503, -22.696950543710457 ], [ 31.321928069672389, -22.697193693248373 ], [ 31.321633894027613, -22.698969724218227 ], [ 31.321630970937527, -22.700008264082104 ], [ 31.323718525050925, -22.701231282344626 ], [ 31.325378698556044, -22.701582819782054 ], [ 31.326800924017725, -22.704695356297542 ], [ 31.3270646435424, -22.71102888589915 ], [ 31.330024944971409, -22.714952215332495 ], [ 31.333469250923244, -22.719115350343365 ], [ 31.334761112059205, -22.720962119077345 ], [ 31.335377848903956, -22.721483313407781 ], [ 31.337215476145939, -22.721674028990943 ], [ 31.339239580340124, -22.721740225981719 ], [ 31.340652521210135, -22.721628463828278 ], [ 31.345630477217075, -22.725400872628878 ], [ 31.347533189958384, -22.728283415170679 ], [ 31.348833626503922, -22.731060373976746 ], [ 31.350065336481638, -22.733078001416352 ], [ 31.353758178625874, -22.736087325994841 ], [ 31.361895741706373, -22.732161136097115 ], [ 31.36403667759226, -22.731424451865895 ], [ 31.368817389192039, -22.731392041796472 ], [ 31.373472258840234, -22.728829476403707 ], [ 31.374627532339311, -22.727459458041103 ], [ 31.376098440787906, -22.725740420530087 ], [ 31.37756145255927, -22.723036886116304 ], [ 31.38043041251629, -22.72080817633195 ], [ 31.381410615485038, -22.720240105860871 ], [ 31.383492870805821, -22.71950255162713 ], [ 31.381372773183358, -22.725938419470193 ], [ 31.378799902567067, -22.727817927344656 ], [ 31.378131778615881, -22.728334958293615 ], [ 31.377646343613687, -22.730696204882751 ], [ 31.378146094764887, -22.732074019377976 ], [ 31.378519833610738, -22.733405397946068 ], [ 31.378471053668736, -22.737541189410226 ], [ 31.376402747495149, -22.742017713238269 ], [ 31.370534537740589, -22.747512125559144 ], [ 31.367052117207404, -22.749680157859196 ], [ 31.365767032160537, -22.750479815245445 ], [ 31.366506759842292, -22.752961915261423 ], [ 31.369297147122694, -22.759881196662132 ], [ 31.370905467061856, -22.763853256683003 ], [ 31.373421906455199, -22.766805010212323 ], [ 31.379582614578712, -22.774544160767437 ], [ 31.383401670856749, -22.777734774673117 ], [ 31.387708220547715, -22.781724975184922 ], [ 31.394105255605126, -22.786874059496711 ], [ 31.400121772725441, -22.787946016603701 ], [ 31.406996093819014, -22.78729232528006 ], [ 31.418181041973991, -22.78868608161109 ], [ 31.425195529710113, -22.789396716541969 ], [ 31.429383542158238, -22.7885710097366 ], [ 31.437380635332055, -22.812456086214087 ], [ 31.432369060361896, -22.814529217949225 ], [ 31.428485957031597, -22.816730724420331 ], [ 31.426037700802699, -22.818684404337894 ], [ 31.422284997465233, -22.822232691193385 ], [ 31.421117490995446, -22.823783528208672 ], [ 31.418508106729888, -22.830386561623591 ], [ 31.41834402250997, -22.834467041787377 ], [ 31.419094991897939, -22.838619825985155 ], [ 31.425774166075691, -22.850905251145807 ], [ 31.429485832183584, -22.85862749394968 ], [ 31.435426916587737, -22.869993129030718 ], [ 31.441160153459649, -22.878303976894099 ], [ 31.444414542082935, -22.892072363332062 ], [ 31.447870376873929, -22.896757238700491 ], [ 31.451754997636289, -22.89975738300069 ], [ 31.456000306138648, -22.901912006441101 ], [ 31.459931941812254, -22.903368073933933 ], [ 31.465730804601204, -22.906964442508446 ], [ 31.468890282101896, -22.907753554399552 ], [ 31.4690862510543, -22.907665130251964 ], [ 31.469252773775906, -22.907594484681262 ], [ 31.500948971113331, -23.002030335069097 ], [ 31.528520522451068, -23.082694774966622 ], [ 31.547899541509612, -23.140575121897598 ], [ 31.546971589094973, -23.140593663989037 ], [ 31.540621441764749, -23.139008715474517 ], [ 31.536262429619459, -23.135735114054206 ], [ 31.532504884231194, -23.132846310936468 ], [ 31.524401331838767, -23.1112763665258 ], [ 31.522452198061778, -23.10113411232027 ], [ 31.517372864520784, -23.094258869939896 ], [ 31.509315576958361, -23.0927921842685 ], [ 31.50599319372995, -23.092200843009419 ], [ 31.501863526166794, -23.090463844354577 ], [ 31.50007008992716, -23.087574898477193 ], [ 31.500181446333379, -23.084577600829579 ], [ 31.500973810548906, -23.083546537115058 ], [ 31.502688845930052, -23.082054597083996 ], [ 31.502610787920901, -23.079407714282691 ], [ 31.501538138460532, -23.072262888389432 ], [ 31.503833827338013, -23.064147517360201 ], [ 31.508108519268593, -23.058859501750888 ], [ 31.509515633839371, -23.056045997218476 ], [ 31.508946632679393, -23.054541443344384 ], [ 31.505937857923257, -23.05303190975399 ], [ 31.5038470565345, -23.054122976988108 ], [ 31.501280375907339, -23.056762874503704 ], [ 31.498036468032293, -23.060615504337232 ], [ 31.497427741737727, -23.061819900027938 ], [ 31.496334389461229, -23.063597679155627 ], [ 31.493574500885611, -23.065151852364078 ], [ 31.492224517163457, -23.065427974598823 ], [ 31.49129580224557, -23.063811558423911 ], [ 31.492133782881432, -23.059556833358197 ], [ 31.494143634061977, -23.05610801403877 ], [ 31.497632928235515, -23.053007385724605 ], [ 31.500880169503208, -23.050599782015425 ], [ 31.501961522717885, -23.045480289964217 ], [ 31.501458884192175, -23.04328093597751 ], [ 31.499924682760938, -23.042589046731191 ], [ 31.498270594319621, -23.043909969385762 ], [ 31.496123472724701, -23.045686776990806 ], [ 31.492575583586749, -23.04705283037222 ], [ 31.489377415701348, -23.04768158419245 ], [ 31.486616680385936, -23.049334984337282 ], [ 31.483373833966169, -23.052202917723925 ], [ 31.479947391197108, -23.055764411808845 ], [ 31.478169938342418, -23.055873744691748 ], [ 31.477607700067555, -23.054667186368864 ], [ 31.477721522017777, -23.052356305471346 ], [ 31.478936672765059, -23.050173428955233 ], [ 31.482905147746827, -23.042643429770582 ], [ 31.482574277188395, -23.038205941501086 ], [ 31.480228309163831, -23.035952712948138 ], [ 31.477702941008772, -23.034040910859979 ], [ 31.477064501218123, -23.029203082957579 ], [ 31.478154478698819, -23.025113411653891 ], [ 31.480833948232519, -23.020226186638645 ], [ 31.481803321447455, -23.016433350050246 ], [ 31.481411438476211, -23.012221045272291 ], [ 31.480358286829741, -23.01043178941767 ], [ 31.476978702821445, -23.009044630104341 ], [ 31.475316985201363, -23.008459669217487 ], [ 31.474202880022215, -23.007762564516032 ], [ 31.472907308616637, -23.00585352186863 ], [ 31.473084014517209, -23.003154897654039 ], [ 31.471162191026881, -23.000553431435108 ], [ 31.466490857014879, -23.000417951431015 ], [ 31.461461685417653, -23.00259083665312 ], [ 31.457544492620997, -23.004765359797364 ], [ 31.453916776458339, -23.005497624467928 ], [ 31.450963005027909, -23.004448235156939 ], [ 31.449662586288476, -23.002141600097531 ], [ 31.448613084500824, -23.000930180890766 ], [ 31.449405445774598, -22.999032372535744 ], [ 31.447559437311853, -22.997524150280562 ], [ 31.443994957569391, -22.997859444923261 ], [ 31.440855169151586, -22.995191480061262 ], [ 31.439736279332333, -22.993238772750036 ], [ 31.439981159662398, -22.991453024318851 ], [ 31.438911818245753, -22.986890808099499 ], [ 31.437753556569792, -22.987520599663561 ], [ 31.435420330929549, -22.987687227215815 ], [ 31.432534096103197, -22.98928429353974 ], [ 31.430013705020084, -22.988762625003023 ], [ 31.427798972626608, -22.986275175036553 ], [ 31.428155245103394, -22.984147374037178 ], [ 31.4297487033576, -22.982998163425041 ], [ 31.431894713364741, -22.982143399794097 ], [ 31.434648704538908, -22.981005617531064 ], [ 31.435870345258639, -22.979103084831138 ], [ 31.433840079549935, -22.977538712681714 ], [ 31.433228270405294, -22.977306887502525 ], [ 31.432181558751502, -22.976727576145286 ], [ 31.427510874973571, -22.97745797499115 ], [ 31.424941472726054, -22.978660686441266 ], [ 31.420772261108787, -22.980714401023338 ], [ 31.419717946934224, -22.979114422533861 ], [ 31.421234355020548, -22.974523690063265 ], [ 31.420977465417895, -22.970610674655703 ], [ 31.419914442812907, -22.966409661654833 ], [ 31.41522648299572, -22.961955707128848 ], [ 31.414847107918234, -22.95768924908942 ], [ 31.416435457562226, -22.955284788609795 ], [ 31.419918544080435, -22.951788371409283 ], [ 31.424069372489519, -22.947034147355513 ], [ 31.423818514659096, -22.944277165410238 ], [ 31.422450501439947, -22.941156865879261 ], [ 31.422563435767817, -22.937301701827952 ], [ 31.424151839596167, -22.935700911842638 ], [ 31.426241414717541, -22.93629060834353 ], [ 31.430117615365653, -22.93837906961032 ], [ 31.433117277841966, -22.93615092936847 ], [ 31.435242006324238, -22.930292607318201 ], [ 31.431111096391994, -22.925781409417841 ], [ 31.426990152289527, -22.923807965279593 ], [ 31.424043227125985, -22.924022580837232 ], [ 31.420990486911968, -22.928318157567755 ], [ 31.416835114256141, -22.934345673100871 ], [ 31.407531603059603, -22.941143302076991 ], [ 31.400551082040689, -22.945191245909598 ], [ 31.393992834392968, -22.948954144351678 ], [ 31.390195174587419, -22.950143866626725 ], [ 31.387303908254392, -22.949726164542806 ], [ 31.384782113415525, -22.947758842746769 ], [ 31.38336021825112, -22.945965253836231 ], [ 31.383331595883465, -22.939345244797501 ], [ 31.388611134798129, -22.920849227969736 ], [ 31.392867330949418, -22.912123217035763 ], [ 31.400915060143294, -22.896743226878691 ], [ 31.392193367954533, -22.879152993660966 ], [ 31.391744155850709, -22.874262632318533 ], [ 31.391299284673504, -22.869832898124741 ], [ 31.390558885486001, -22.868154655783716 ], [ 31.387302460502553, -22.867444341463361 ], [ 31.385401677972855, -22.868301073251828 ], [ 31.377543738711481, -22.868546232053472 ], [ 31.374534903772108, -22.86669124157849 ], [ 31.372296434716969, -22.859895071140954 ], [ 31.37192215661053, -22.856956152207353 ], [ 31.373070018896236, -22.853852179975995 ], [ 31.375516464785548, -22.850526648106904 ], [ 31.381009913055774, -22.842499802836631 ], [ 31.382582603249613, -22.837223565613293 ], [ 31.38085688346181, -22.834848910559568 ], [ 31.377950835829878, -22.829310370132852 ], [ 31.377958350484587, -22.814698124436092 ], [ 31.372100258167954, -22.807594132851538 ], [ 31.371234975639855, -22.804993368241405 ], [ 31.370855960029409, -22.802460787536003 ], [ 31.370539288534736, -22.798781893147424 ], [ 31.374315597809758, -22.792471567343835 ], [ 31.379640477475654, -22.787784413248421 ], [ 31.377911958514506, -22.785698712822693 ], [ 31.375888251383433, -22.785515559789022 ], [ 31.371657504785116, -22.786646471745382 ], [ 31.366764629136465, -22.788574257057551 ], [ 31.362899706127607, -22.790051855086048 ], [ 31.36170821595341, -22.781351713327496 ], [ 31.363825249159103, -22.774518833144803 ], [ 31.364000499846959, -22.770438568790649 ], [ 31.36300333110643, -22.767493232854655 ], [ 31.361215991853634, -22.764666216805498 ], [ 31.357091655463087, -22.761020412457405 ], [ 31.349011966981134, -22.764025684125357 ], [ 31.345156010923791, -22.767227904541215 ], [ 31.332374616684426, -22.778031421712114 ], [ 31.324966216815778, -22.780175435396384 ], [ 31.322573811536568, -22.781486881539841 ], [ 31.319933463854227, -22.779978019272352 ], [ 31.316067780136304, -22.777535030744481 ], [ 31.311081951104551, -22.77353581195527 ], [ 31.30579203301577, -22.768160521395917 ], [ 31.306448600178324, -22.763092107030115 ], [ 31.308762391996925, -22.757869660406751 ], [ 31.321282429031164, -22.743732824505866 ], [ 31.326440473560805, -22.743127685365216 ], [ 31.329441927670405, -22.742915265555034 ], [ 31.330104130077892, -22.740501872965137 ], [ 31.326788034884615, -22.73697216867826 ], [ 31.311161621432195, -22.74172060471329 ], [ 31.302545821265262, -22.751102737736915 ], [ 31.300114774606016, -22.757136626399742 ], [ 31.298581606547561, -22.758276252214525 ], [ 31.295643703222414, -22.758831924551529 ], [ 31.294038628027206, -22.756349346291422 ], [ 31.293156962027798, -22.747372239282861 ], [ 31.323017777458357, -22.729184026410838 ], [ 31.325033775640282, -22.727525396907584 ], [ 31.326803600629006, -22.7244914445013 ], [ 31.323852392564479, -22.720613304523937 ], [ 31.320956626238736, -22.718587059351545 ], [ 31.319300152693391, -22.715526199134359 ], [ 31.317631055471242, -22.713503758946523 ], [ 31.314014839381851, -22.713890127552165 ], [ 31.312612360809855, -22.714742309651104 ], [ 31.308209378013917, -22.717359924117051 ], [ 31.306069614219215, -22.721952096080027 ], [ 31.299613322049854, -22.73313610895238 ], [ 31.295391992193256, -22.736739626257659 ], [ 31.29061430609768, -22.738088371652086 ], [ 31.285278220588104, -22.738925246776716 ], [ 31.283372148378884, -22.737188909404001 ], [ 31.282512542108815, -22.734298819739383 ], [ 31.284834620818241, -22.731560309599423 ], [ 31.289608225850991, -22.729742076565628 ], [ 31.289418858372734, -22.728529907559405 ], [ 31.28659268799397, -22.725636835959204 ], [ 31.284125126859148, -22.719758340769211 ], [ 31.286180637984863, -22.711824154692305 ], [ 31.288863390532644, -22.708222451461566 ], [ 31.294795071789455, -22.703996105127974 ], [ 31.298341126620006, -22.699816407386301 ], [ 31.2979684449822, -22.697681133499053 ], [ 31.294718175071939, -22.696057072379787 ], [ 31.293912106881773, -22.695127320891068 ], [ 31.295068152383461, -22.692945119011103 ], [ 31.301852285583795, -22.686605255968299 ], [ 31.301608683421048, -22.685049339686351 ], [ 31.298777092637692, -22.681063694045402 ], [ 31.290621014474002, -22.680326577206056 ], [ 31.288774614107368, -22.676974425433531 ], [ 31.288150722462053, -22.673924321348178 ], [ 31.289609072001209, -22.671682164017497 ], [ 31.290221864310467, -22.670135380844815 ], [ 31.282675883260168, -22.668131041634386 ], [ 31.275255481239334, -22.665441358971432 ], [ 31.273295754286451, -22.664968696829803 ], [ 31.270891321018617, -22.662712120426406 ], [ 31.266900359941822, -22.658948254581865 ], [ 31.26304122970198, -22.660188844620471 ], [ 31.260599659025445, -22.661670509338929 ], [ 31.258642483575461, -22.661775676699936 ], [ 31.256677485679642, -22.660959585993915 ], [ 31.25580617177253, -22.656759776976543 ], [ 31.256333561852333, -22.64813199763956 ], [ 31.255770446368796, -22.644956029694644 ], [ 31.254543543900766, -22.64426535668462 ], [ 31.25521183186607, -22.642195529713273 ], [ 31.256985380202007, -22.641970991517397 ], [ 31.259996125352938, -22.642392031441506 ], [ 31.26231727466363, -22.641947604696199 ], [ 31.264156703575743, -22.640351001070574 ], [ 31.267205760714354, -22.636166545357131 ], [ 31.2682978740559, -22.632087330473706 ], [ 31.258603460218815, -22.629381437065408 ], [ 31.254499985144378, -22.627693200120472 ], [ 31.251426144659995, -22.625365868198429 ], [ 31.251291239470149, -22.620650271805751 ], [ 31.253248424737386, -22.618188098464277 ], [ 31.255995756860656, -22.614000552253753 ], [ 31.25579923158686, -22.611072398552974 ], [ 31.254512628287383, -22.609739894338382 ], [ 31.249612128232155, -22.611899084359113 ], [ 31.247722143483148, -22.613666571815354 ], [ 31.239899386568791, -22.619947701796413 ], [ 31.237999668884871, -22.620170678800815 ], [ 31.23714059825495, -22.619646481833435 ], [ 31.235729698964459, -22.617391321320202 ], [ 31.235167458632979, -22.615714431090428 ], [ 31.235468520161657, -22.614227653061864 ], [ 31.234914036714695, -22.610419567508448 ], [ 31.232707764500908, -22.611045503888111 ], [ 31.228058650825648, -22.614814269092179 ], [ 31.224143553922673, -22.615186398462559 ], [ 31.222425385884979, -22.613397333823009 ], [ 31.222971938394153, -22.610983132301872 ], [ 31.22302317314097, -22.608509258288251 ], [ 31.21940733380972, -22.60831565432721 ], [ 31.211931834617928, -22.607230117293284 ], [ 31.210571436461468, -22.603367846148533 ], [ 31.208856604760829, -22.600594334370676 ], [ 31.208576903362111, -22.599661043966609 ], [ 31.212651596313417, -22.59894788041462 ], [ 31.214550977871411, -22.599483772651659 ], [ 31.216766354594377, -22.601161034142535 ], [ 31.21921808860807, -22.602615120063678 ], [ 31.223137353276346, -22.601890936612925 ], [ 31.22454063617953, -22.600922105477853 ], [ 31.226001536901883, -22.595456544030338 ], [ 31.225511262118594, -22.59425002518352 ], [ 31.224031908471012, -22.592057238236496 ], [ 31.224946328194495, -22.589005897055859 ], [ 31.226904984545783, -22.587185243944933 ], [ 31.226835903538976, -22.58194659001466 ], [ 31.224562918456925, -22.578706501118592 ], [ 31.223635858016472, -22.577440965101538 ], [ 31.217865077407062, -22.571714722060044 ], [ 31.215900407206252, -22.567213630205412 ], [ 31.217297020702478, -22.562957545019017 ], [ 31.22102467988293, -22.559648402092311 ], [ 31.226601149928374, -22.556973666503136 ], [ 31.229285655656266, -22.555377698795283 ], [ 31.232767953786912, -22.550683824107473 ], [ 31.232081947543595, -22.546531099202962 ], [ 31.230123019416045, -22.542328245940869 ], [ 31.229198269682868, -22.540132589871913 ], [ 31.2285769120205, -22.537019118809994 ], [ 31.229780953039253, -22.533320669705098 ], [ 31.232185734579012, -22.534566284274302 ], [ 31.233349100803281, -22.534055269854811 ], [ 31.237443078404194, -22.531661819611614 ], [ 31.238546854636009, -22.529714192481102 ], [ 31.241233087361653, -22.526393091468467 ], [ 31.24398554691361, -22.524743389105595 ], [ 31.255699212823661, -22.53326057168977 ], [ 31.263422656908926, -22.537561606333348 ], [ 31.2761128611312, -22.54200591171497 ], [ 31.284251980328872, -22.541876191986358 ], [ 31.295833902694749, -22.541656136314653 ], [ 31.296576338643437, -22.544535898681644 ] ] ] ] } },
{ "type": "Feature", "properties": { "OBJECTID": 53, "LSCAP_ID": 25, "ZONE10": 8, "ZONE17": 15, "Z17CODE": "N", "LANDSCAPE": "Adansonia digitata / Colophospermum mopane Rugged Veld", "LABEL": "25: Adansonia digitata / Colophospermum mopane Rugged Veld", "ALLIANCES_": 15, "ALLIANCES": "15: Basaltic or calcitic plains with Colophospermum mopane shrub savanna", "AREA_HA": 384.127, "PERIMETER_": 8.278, "PERIMETE_1": 8.278 }, "geometry": { "type": "MultiPolygon", "coordinates": [ [ [ [ 31.124402412601569, -22.557791468845139 ], [ 31.120945641703852, -22.556739682780684 ], [ 31.11891498271229, -22.555921250456457 ], [ 31.117016520509193, -22.555393317664375 ], [ 31.116339695112714, -22.554401066100322 ], [ 31.115658585805228, -22.553724828741824 ], [ 31.11841483933912, -22.549070284342019 ], [ 31.119828376501786, -22.547352962530343 ], [ 31.123322913704229, -22.547032562581059 ], [ 31.124425676676239, -22.547442771194433 ], [ 31.125950734384631, -22.546819384299457 ], [ 31.128821092044952, -22.541597035903148 ], [ 31.129244825284729, -22.539010198860574 ], [ 31.130530185005487, -22.537408674087352 ], [ 31.133104965768947, -22.53678837596496 ], [ 31.135065835236954, -22.537723207827355 ], [ 31.137584499044845, -22.544182156651207 ], [ 31.138935666884894, -22.547819058044819 ], [ 31.139804919726721, -22.552597258269785 ], [ 31.137177004881636, -22.557876800111153 ], [ 31.134911965956544, -22.560740310566615 ], [ 31.13374854504875, -22.561936898688241 ], [ 31.131979453274358, -22.562620728832396 ], [ 31.130014757752456, -22.561225241966095 ], [ 31.127932257689494, -22.559196224656016 ], [ 31.124402412601569, -22.557791468845139 ] ] ] ] } },
{ "type": "Feature", "properties": { "OBJECTID": 54, "LSCAP_ID": 32, "ZONE10": 10, "ZONE17": 17, "Z17CODE": "N", "LANDSCAPE": "Nwambiya Sandveld", "LABEL": "32: Nwambiya Sandveld", "ALLIANCES_": 17, "ALLIANCES": "17: Recent sand plains with Terminalia sericea bush savanna or with Baphia massaiensis bush savana", "AREA_HA": 13694.843, "PERIMETER_": 86.727, "PERIMETE_1": 86.733 }, "geometry": { "type": "MultiPolygon", "coordinates": [ [ [ [ 31.319171086233549, -22.602293138242633 ], [ 31.322363202984214, -22.60214591021025 ], [ 31.324322277013259, -22.60101038571635 ], [ 31.327328372458393, -22.600156683904189 ], [ 31.32953478632831, -22.599475227865955 ], [ 31.331320889913609, -22.600577546030962 ], [ 31.331932246240637, -22.602308855983452 ], [ 31.332057338177993, -22.604035111530283 ], [ 31.331819750534745, -22.605992408118908 ], [ 31.330905485712893, -22.607599482642108 ], [ 31.329867510149818, -22.609783257860286 ], [ 31.327788697561946, -22.611965211724307 ], [ 31.3258322179625, -22.613678791525693 ], [ 31.324357094178744, -22.615000002380569 ], [ 31.322896576295058, -22.616718720787894 ], [ 31.322165620626862, -22.618436024610858 ], [ 31.322049342403609, -22.621604735521576 ], [ 31.322365945335676, -22.625175342993316 ], [ 31.322186468195166, -22.628740759783419 ], [ 31.321893644970348, -22.632025023608186 ], [ 31.320858752566103, -22.63552729274436 ], [ 31.32036988570875, -22.63892689978222 ], [ 31.319767314706695, -22.64047393507709 ], [ 31.318972035808212, -22.64346392194857 ], [ 31.318186506757652, -22.645650237262505 ], [ 31.318242067977035, -22.646680364763668 ], [ 31.319909107330211, -22.647212621685057 ], [ 31.321135629180695, -22.647966025170451 ], [ 31.322784151389939, -22.647622042248059 ], [ 31.324196853463103, -22.648268998307866 ], [ 31.324943198016378, -22.649306347691493 ], [ 31.32512515248558, -22.651150595981004 ], [ 31.324399465494981, -22.653220163706354 ], [ 31.323790504359543, -22.655290947791745 ], [ 31.32416779843599, -22.657074021483588 ], [ 31.325142916341544, -22.65690359643089 ], [ 31.326188874885251, -22.656508127758041 ], [ 31.327957750029356, -22.655072588875495 ], [ 31.329858529273459, -22.653186847208094 ], [ 31.331693336675052, -22.651119770532887 ], [ 31.332911579650716, -22.649344284325601 ], [ 31.334008951976053, -22.64629413937601 ], [ 31.334619782441347, -22.644051732307616 ], [ 31.334797610475032, -22.641407453105412 ], [ 31.333990719943497, -22.638933565078393 ], [ 31.333924078933116, -22.6371988914286 ], [ 31.333309708530763, -22.634898593104264 ], [ 31.333666916200016, -22.63270773529306 ], [ 31.334159532303474, -22.630581500419854 ], [ 31.335751364961272, -22.629270447685514 ], [ 31.337214757497453, -22.628120606877928 ], [ 31.337769198375469, -22.626509774270847 ], [ 31.336905378843632, -22.625534483423166 ], [ 31.336659372618691, -22.624150162679875 ], [ 31.335306509948381, -22.623395571172871 ], [ 31.334435937244137, -22.622176356834412 ], [ 31.333212238984977, -22.620393537128894 ], [ 31.333385895930864, -22.618092393323863 ], [ 31.334177292860296, -22.61699880980942 ], [ 31.335406365634618, -22.615909763252795 ], [ 31.337917235267224, -22.615005582360276 ], [ 31.340123118273883, -22.613574396130979 ], [ 31.341409064552781, -22.61260329323024 ], [ 31.342694247182472, -22.610882580900974 ], [ 31.343668165566758, -22.609158643967 ], [ 31.344273880637807, -22.607313495428368 ], [ 31.345005904470842, -22.605478677145967 ], [ 31.346723106974743, -22.603410161749498 ], [ 31.348311828743235, -22.603137518710025 ], [ 31.349539546332711, -22.603773302987335 ], [ 31.350037095731992, -22.604464792579751 ], [ 31.350703931875849, -22.604011053010613 ], [ 31.351324137304818, -22.602572425890081 ], [ 31.351496204891859, -22.601192412591931 ], [ 31.351242846395923, -22.597965655248842 ], [ 31.350068202283904, -22.594512682118868 ], [ 31.349146562285529, -22.591053271952216 ], [ 31.347293459534011, -22.58741268062974 ], [ 31.344823495388056, -22.583314153410178 ], [ 31.34297664776313, -22.579167834711988 ], [ 31.342781187380066, -22.575995852322393 ], [ 31.34363598786797, -22.574451292790553 ], [ 31.346025755790336, -22.572218097299771 ], [ 31.349019836799052, -22.570677448264998 ], [ 31.352312804586205, -22.569347524142014 ], [ 31.355532641414726, -22.567619403898625 ], [ 31.416804535022539, -22.75096684390892 ], [ 31.429383542158238, -22.7885710097366 ], [ 31.425195529710113, -22.789396716541969 ], [ 31.418181041973991, -22.78868608161109 ], [ 31.406996093819014, -22.78729232528006 ], [ 31.400121772725441, -22.787946016603701 ], [ 31.394105255605126, -22.786874059496711 ], [ 31.387708220547715, -22.781724975184922 ], [ 31.383401670856749, -22.777734774673117 ], [ 31.379582614578712, -22.774544160767437 ], [ 31.373421906455199, -22.766805010212323 ], [ 31.370905467061856, -22.763853256683003 ], [ 31.369297147122694, -22.759881196662132 ], [ 31.366506759842292, -22.752961915261423 ], [ 31.365767032160537, -22.750479815245445 ], [ 31.367052117207404, -22.749680157859196 ], [ 31.370534537740589, -22.747512125559144 ], [ 31.376402747495149, -22.742017713238269 ], [ 31.378471053668736, -22.737541189410226 ], [ 31.378519833610738, -22.733405397946068 ], [ 31.378146094764887, -22.732074019377976 ], [ 31.377646343613687, -22.730696204882751 ], [ 31.378131778615881, -22.728334958293615 ], [ 31.378799902567067, -22.727817927344656 ], [ 31.381372773183358, -22.725938419470193 ], [ 31.383492870805821, -22.71950255162713 ], [ 31.381410615485038, -22.720240105860871 ], [ 31.38043041251629, -22.72080817633195 ], [ 31.37756145255927, -22.723036886116304 ], [ 31.376098440787906, -22.725740420530087 ], [ 31.374627532339311, -22.727459458041103 ], [ 31.373472258840234, -22.728829476403707 ], [ 31.368817389192039, -22.731392041796472 ], [ 31.36403667759226, -22.731424451865895 ], [ 31.361895741706373, -22.732161136097115 ], [ 31.353758178625874, -22.736087325994841 ], [ 31.350065336481638, -22.733078001416352 ], [ 31.348833626503922, -22.731060373976746 ], [ 31.347533189958384, -22.728283415170679 ], [ 31.345630477217075, -22.725400872628878 ], [ 31.340652521210135, -22.721628463828278 ], [ 31.339239580340124, -22.721740225981719 ], [ 31.337215476145939, -22.721674028990943 ], [ 31.335377848903956, -22.721483313407781 ], [ 31.334761112059205, -22.720962119077345 ], [ 31.333469250923244, -22.719115350343365 ], [ 31.330024944971409, -22.714952215332495 ], [ 31.3270646435424, -22.71102888589915 ], [ 31.326800924017725, -22.704695356297542 ], [ 31.325378698556044, -22.701582819782054 ], [ 31.323718525050925, -22.701231282344626 ], [ 31.321630970937527, -22.700008264082104 ], [ 31.321633894027613, -22.698969724218227 ], [ 31.321928069672389, -22.697193693248373 ], [ 31.321132901158503, -22.696950543710457 ], [ 31.320463303540503, -22.697584720132006 ], [ 31.317885429375544, -22.698262057743669 ], [ 31.316845703896288, -22.696526194690524 ], [ 31.315977830355081, -22.693473603551819 ], [ 31.317493095440383, -22.689741661184947 ], [ 31.318721546977219, -22.688770187748702 ], [ 31.318221946486677, -22.686642641768486 ], [ 31.317960468765566, -22.682548827622799 ], [ 31.322029907288663, -22.672043246105392 ], [ 31.324541930003825, -22.670335581245563 ], [ 31.327348766734719, -22.667583345476416 ], [ 31.325749477201065, -22.666257125453871 ], [ 31.324776486081028, -22.66624695115927 ], [ 31.3233599426799, -22.666701744760342 ], [ 31.320854241919303, -22.667894689184898 ], [ 31.319991137477754, -22.666052328856573 ], [ 31.318023571816028, -22.66540853392409 ], [ 31.315703577504941, -22.665736364855199 ], [ 31.309550075894101, -22.659665889002532 ], [ 31.306734898616384, -22.658326656199211 ], [ 31.303714579901342, -22.654682290800096 ], [ 31.304199466408207, -22.652438695128097 ], [ 31.302718255089982, -22.650246532653863 ], [ 31.30101986801149, -22.653055247059989 ], [ 31.300353466876814, -22.65581167308402 ], [ 31.299928495478458, -22.657134724287701 ], [ 31.298637124637992, -22.657699000498422 ], [ 31.297167908538064, -22.65769242179147 ], [ 31.293247827443317, -22.656801793041993 ], [ 31.289795495610189, -22.651147701499731 ], [ 31.288560686187711, -22.646366154603328 ], [ 31.285339954964286, -22.635413263953509 ], [ 31.286864769738049, -22.632485458030811 ], [ 31.288573994483354, -22.63037239246384 ], [ 31.303659594521129, -22.617166708467224 ], [ 31.306035620475104, -22.613787096037491 ], [ 31.312154979222925, -22.60973340092708 ], [ 31.319171086233549, -22.602293138242633 ] ] ] ] } },
{ "type": "Feature", "properties": { "OBJECTID": 55, "LSCAP_ID": 33, "ZONE10": 5, "ZONE17": 8, "Z17CODE": "N", "LANDSCAPE": "Pterocarpus rotundifolius / Combretum collinum woodland", "LABEL": "33: Pterocarpus rotundifolius / Combretum collinum woodland", "ALLIANCES_": 8, "ALLIANCES": "08: Metalava plains with Colophospermum mopane tree savanna or Andesitic plains with Combretum collinum shrub savanna", "AREA_HA": 9089.736, "PERIMETER_": 55.038, "PERIMETE_1": 55.033 }, "geometry": { "type": "MultiPolygon", "coordinates": [ [ [ [ 30.999448042374748, -22.807217199719467 ], [ 31.000328527642289, -22.808284735659011 ], [ 31.00400904068805, -22.808366995357524 ], [ 31.005731357205004, -22.806474237594621 ], [ 31.007942886870477, -22.804425036388707 ], [ 31.010645904148777, -22.803402306445413 ], [ 31.014515725173627, -22.802511454594772 ], [ 31.017893460694729, -22.802643791955646 ], [ 31.021941283009042, -22.800888100195468 ], [ 31.023665450497361, -22.799518883377718 ], [ 31.025198214262307, -22.797912497452003 ], [ 31.027655361146333, -22.795685439320131 ], [ 31.030298345312548, -22.79339742448099 ], [ 31.032510325712245, -22.79059836645898 ], [ 31.035760868568101, -22.78871506150664 ], [ 31.038461876372075, -22.786436638349553 ], [ 31.040424413840764, -22.784717980459067 ], [ 31.041655561518251, -22.78374883484403 ], [ 31.043802114457645, -22.782095599306704 ], [ 31.045957125629304, -22.783946071965975 ], [ 31.047303743646381, -22.786490962307191 ], [ 31.049830396741321, -22.788923858527241 ], [ 31.052709358360282, -22.790557351154586 ], [ 31.055292299650027, -22.792467115861388 ], [ 31.057816858734817, -22.793003567414392 ], [ 31.059348111725033, -22.794223205748473 ], [ 31.060703249443176, -22.796190181468052 ], [ 31.061006640949596, -22.798839671306389 ], [ 31.061875646243962, -22.802128140809874 ], [ 31.061813127205017, -22.805170500777592 ], [ 31.061080148520176, -22.807410061810671 ], [ 31.059786943421543, -22.810690279545263 ], [ 31.059728324469901, -22.813452750045325 ], [ 31.061631501873251, -22.816627390116263 ], [ 31.061943002728334, -22.819394364624273 ], [ 31.063911255537207, -22.822109243722402 ], [ 31.063121251601213, -22.82630762644915 ], [ 31.06299835061607, -22.832925128025344 ], [ 31.064291350950267, -22.835180293827676 ], [ 31.066629193307421, -22.837267542315477 ], [ 31.069394135017525, -22.837400424884354 ], [ 31.072651098264483, -22.838568640877337 ], [ 31.075906334302307, -22.837786281979763 ], [ 31.080147992186927, -22.837521435710727 ], [ 31.083461742181246, -22.838121225530926 ], [ 31.086653663269701, -22.836985706765333 ], [ 31.08948096961009, -22.836143739388277 ], [ 31.094274653652192, -22.836110887783942 ], [ 31.09777754775115, -22.836423680517221 ], [ 31.10171156499726, -22.83656093484781 ], [ 31.104785904018097, -22.836868464523679 ], [ 31.107367475087518, -22.836881113202853 ], [ 31.110003108061161, -22.835801710478808 ], [ 31.111479912302499, -22.833977076555236 ], [ 31.112025696503572, -22.831843394560181 ], [ 31.111227790536066, -22.829657657732895 ], [ 31.110305030644724, -22.827344013821772 ], [ 31.110300977041732, -22.824815513286318 ], [ 31.111223617688761, -22.823607380875384 ], [ 31.113245225890704, -22.82252965526979 ], [ 31.116137935452954, -22.823981635272709 ], [ 31.118103098240692, -22.826298540253966 ], [ 31.120072105985344, -22.827631175336922 ], [ 31.121978422651882, -22.828565718699377 ], [ 31.127429475063789, -22.831736309697753 ], [ 31.124687597017402, -22.833473969487478 ], [ 31.126470652417265, -22.836303362569307 ], [ 31.127454141743168, -22.839186547972979 ], [ 31.130040062177155, -22.841736380870657 ], [ 31.131395940191407, -22.843757017180302 ], [ 31.133609858972395, -22.845733525816314 ], [ 31.136435093229519, -22.847184380348914 ], [ 31.139266255215325, -22.847488412688143 ], [ 31.141290336386906, -22.847674608512783 ], [ 31.1421573313213, -22.849120545842247 ], [ 31.142525906112095, -22.850678056154813 ], [ 31.141917083694334, -22.852458943584015 ], [ 31.141731502048444, -22.854642102731951 ], [ 31.140755913360252, -22.856879243072481 ], [ 31.141742895411554, -22.859536642081668 ], [ 31.142299631293707, -22.862306405957209 ], [ 31.142540836662636, -22.863916610009376 ], [ 31.144698791213937, -22.8664612397856 ], [ 31.146976496906966, -22.868086150894982 ], [ 31.14832280769253, -22.869411221566363 ], [ 31.14887894287105, -22.870799328754742 ], [ 31.147901303871265, -22.872467577746441 ], [ 31.145754091750788, -22.873426854636755 ], [ 31.143849169558759, -22.873765841212709 ], [ 31.142184476342532, -22.873638038022733 ], [ 31.139480171329208, -22.873281331537708 ], [ 31.137212386776771, -22.873787566322214 ], [ 31.134934967416175, -22.874284624539534 ], [ 31.13303360588781, -22.873648257085677 ], [ 31.132658802265528, -22.872551199454414 ], [ 31.132287955708694, -22.871165220520005 ], [ 31.131736686107569, -22.869433973127318 ], [ 31.131672587597013, -22.867708447738377 ], [ 31.131114681837932, -22.865751365185353 ], [ 31.129702337036289, -22.864994286517447 ], [ 31.128044085038919, -22.864405876405971 ], [ 31.125762181198279, -22.863819132964746 ], [ 31.123738448560914, -22.8628832253649 ], [ 31.120234475386699, -22.861884658036182 ], [ 31.117219306691045, -22.860774409606464 ], [ 31.114084311615624, -22.860583763095526 ], [ 31.111387384967063, -22.86183405113951 ], [ 31.109547268183558, -22.863834947366165 ], [ 31.108130793836814, -22.865497713026976 ], [ 31.107207064661246, -22.866759972506635 ], [ 31.105916986647983, -22.867033578936748 ], [ 31.104386336800193, -22.867087584562125 ], [ 31.101925336902486, -22.867473619823187 ], [ 31.099403549183574, -22.868725779808518 ], [ 31.097680780963486, -22.869978426537113 ], [ 31.096149522638804, -22.870772810891264 ], [ 31.09400026448969, -22.871857766272395 ], [ 31.091600928261631, -22.872704907641975 ], [ 31.089085402616959, -22.87349643441226 ], [ 31.0865647866522, -22.872563118403018 ], [ 31.084842396445623, -22.8709982459618 ], [ 31.082874062094721, -22.869601963003706 ], [ 31.080725474606819, -22.867860341185889 ], [ 31.077152803531572, -22.866914185458537 ], [ 31.07469903060548, -22.86816676338734 ], [ 31.073040127375457, -22.86902258344977 ], [ 31.070276930011872, -22.870099769037189 ], [ 31.068306200742629, -22.870951752405155 ], [ 31.065546235232013, -22.871107832839439 ], [ 31.062713318294865, -22.870910807575957 ], [ 31.060201038109454, -22.870094576588695 ], [ 31.058844490832616, -22.868181734014648 ], [ 31.05724261626936, -22.86639230451258 ], [ 31.055274654214958, -22.864995702948125 ], [ 31.05367861810841, -22.863486241152476 ], [ 31.05116263582784, -22.861577210327692 ], [ 31.048457626861733, -22.859945752174259 ], [ 31.045624787310683, -22.860443740604335 ], [ 31.0429834122492, -22.861178810274598 ], [ 31.039977301776162, -22.862884568681935 ], [ 31.036782888489082, -22.864127417902434 ], [ 31.034017868734839, -22.865321328224091 ], [ 31.031430771434387, -22.86633679268628 ], [ 31.028547514649546, -22.866264960940768 ], [ 31.025531570790445, -22.865261357328031 ], [ 31.023322588274848, -22.864385116912036 ], [ 31.020613711498907, -22.863042106931502 ], [ 31.017729188071385, -22.862392159877032 ], [ 31.014531208839198, -22.863869280669064 ], [ 31.011647546925282, -22.865169666875133 ], [ 31.007531025989007, -22.866815747897682 ], [ 31.003414833371316, -22.86776643000286 ], [ 30.998981361891559, -22.869751428564722 ], [ 30.994749384307863, -22.871278321323928 ], [ 30.992222459142013, -22.871490238549708 ], [ 30.990070359029463, -22.870731646814864 ], [ 30.987735407714347, -22.86915804233022 ], [ 30.986013055848833, -22.86701426585909 ], [ 30.985156586393032, -22.864303545141123 ], [ 30.985094853824997, -22.861882809631418 ], [ 30.985283742495596, -22.859645841399409 ], [ 30.985092832967087, -22.857395032728402 ], [ 30.984172498301326, -22.854394549856661 ], [ 30.981409355477115, -22.848851417458057 ], [ 30.980053616813702, -22.846314936331105 ], [ 30.978577840203329, -22.842675301549164 ], [ 30.978883799686802, -22.840430797837023 ], [ 30.97900774431897, -22.835998799454007 ], [ 30.980116608065732, -22.833475529573324 ], [ 30.978337549345291, -22.831908875412314 ], [ 30.977346381065576, -22.828446950524448 ], [ 30.977084232866048, -22.824434441787876 ], [ 30.976629968715336, -22.822875566023374 ], [ 30.980237555345475, -22.811417510005111 ], [ 30.981798502249543, -22.811906833349962 ], [ 30.983934025821387, -22.81240341300019 ], [ 30.985709643689777, -22.812868326243503 ], [ 30.987499126758305, -22.813053473661377 ], [ 30.989570836753682, -22.812592020917418 ], [ 30.993918426154945, -22.810362286814861 ], [ 30.996491917210676, -22.808886691649604 ], [ 30.999448042374748, -22.807217199719467 ] ] ] ] } },
{ "type": "Feature", "properties": { "OBJECTID": 56, "LSCAP_ID": 33, "ZONE10": 5, "ZONE17": 8, "Z17CODE": "N", "LANDSCAPE": "Pterocarpus rotundifolius / Combretum collinum woodland", "LABEL": "33: Pterocarpus rotundifolius / Combretum collinum woodland", "ALLIANCES_": 8, "ALLIANCES": "08: Metalava plains with Colophospermum mopane tree savanna or Andesitic plains with Combretum collinum shrub savanna", "AREA_HA": 6132.281, "PERIMETER_": 43.771, "PERIMETE_1": 43.766 }, "geometry": { "type": "MultiPolygon", "coordinates": [ [ [ [ 30.958215033404873, -23.109443618638522 ], [ 30.962335894246976, -23.10740209430471 ], [ 30.96659340254779, -23.105353186257876 ], [ 30.970093904994535, -23.103655593053539 ], [ 30.974410835781928, -23.102185104987292 ], [ 30.978718221425851, -23.101346429707689 ], [ 30.982036574378128, -23.101370843060693 ], [ 30.985915370017214, -23.102431697509019 ], [ 30.989976755155677, -23.103034283710759 ], [ 30.993857654916994, -23.104618684825581 ], [ 30.997374201789111, -23.106424107857759 ], [ 31.000754075080106, -23.109555060781471 ], [ 31.004023794383983, -23.112224050652525 ], [ 31.008150810422435, -23.115021191818705 ], [ 31.010363714929333, -23.117216207773669 ], [ 31.014550523184226, -23.118623401920431 ], [ 31.019044116150713, -23.119754427449578 ], [ 31.023354192036429, -23.12075661468997 ], [ 31.027228677481062, -23.120841250953028 ], [ 31.031481091681673, -23.121788322015163 ], [ 31.035974180241109, -23.122973049275231 ], [ 31.040415030784221, -23.12305538879243 ], [ 31.045587188956322, -23.123200847185494 ], [ 31.051436146508333, -23.123128759580286 ], [ 31.054939465432913, -23.121880768104855 ], [ 31.058140006242557, -23.120637996503525 ], [ 31.061286986748517, -23.119042339267114 ], [ 31.062949229628561, -23.117500623817016 ], [ 31.066022916619747, -23.115560834198661 ], [ 31.067558887561983, -23.114649597505217 ], [ 31.069780472627777, -23.114261431656775 ], [ 31.071434086214161, -23.114678968062027 ], [ 31.072545768313475, -23.116814549297665 ], [ 31.072799299363776, -23.118885461178284 ], [ 31.073784913202491, -23.120965316499582 ], [ 31.075136743849146, -23.122697477128199 ], [ 31.076119996874308, -23.124262595341463 ], [ 31.077601379208751, -23.125129461021444 ], [ 31.079941028780897, -23.124688420960329 ], [ 31.08289664623118, -23.123496333603008 ], [ 31.085422616666921, -23.122994266064399 ], [ 31.08862457581775, -23.12094722512969 ], [ 31.090593284479635, -23.119806228303108 ], [ 31.092933706193666, -23.119301788085291 ], [ 31.09762371562168, -23.11902432830323 ], [ 31.093384628163427, -23.121934919877464 ], [ 31.092092047309322, -23.12358980301595 ], [ 31.091423427433817, -23.127374233781619 ], [ 31.090804257042919, -23.131800373187502 ], [ 31.091239484283552, -23.136230248352906 ], [ 31.090136338584774, -23.14035253232468 ], [ 31.083251102884859, -23.146634926604715 ], [ 31.072672310500757, -23.150307393024203 ], [ 31.063015003406935, -23.153015242938594 ], [ 31.055329187580586, -23.155096695373871 ], [ 31.046411722220075, -23.157920974438014 ], [ 31.039591465023932, -23.159542822622445 ], [ 31.036819673081808, -23.160104247864858 ], [ 31.03251442887478, -23.158009840625713 ], [ 31.0293226422808, -23.153906637275909 ], [ 31.026732903730366, -23.150045688522798 ], [ 31.024522889498268, -23.145602544778271 ], [ 31.022739343050876, -23.144045151422844 ], [ 31.019426477170594, -23.142242787492354 ], [ 31.010572134447273, -23.139485609006513 ], [ 31.006324332929967, -23.139522223602043 ], [ 30.99900842653572, -23.141027715859792 ], [ 30.9919395876001, -23.141669182166162 ], [ 30.985974454737644, -23.143588553575125 ], [ 30.978965419343218, -23.145440125694517 ], [ 30.96973591558621, -23.14819279720048 ], [ 30.964138833544595, -23.150919655534203 ], [ 30.95965539114458, -23.15295644524921 ], [ 30.955287677418678, -23.153793708162496 ], [ 30.951352376454327, -23.1550879339494 ], [ 30.947100888108196, -23.155980649311807 ], [ 30.943414994864288, -23.158198898993501 ], [ 30.939504847604343, -23.160387032970082 ], [ 30.937100997641824, -23.161132072902372 ], [ 30.928239892632053, -23.137278059310205 ], [ 30.930273404855047, -23.135191947461887 ], [ 30.9333950261538, -23.131539964020146 ], [ 30.936348975427364, -23.128626108666406 ], [ 30.940232699216711, -23.124911707464637 ], [ 30.943866009380216, -23.121600247898307 ], [ 30.948546888666844, -23.117435512527504 ], [ 30.95181087029513, -23.114633708791896 ], [ 30.955257415310296, -23.112014781515239 ], [ 30.958215033404873, -23.109443618638522 ] ] ] ] } },
{ "type": "Feature", "properties": { "OBJECTID": 57, "LSCAP_ID": 16, "ZONE10": 7, "ZONE17": 11, "Z17CODE": "N", "LANDSCAPE": "Punda Maria Sandveld on Cave Sandstone", "LABEL": "16: Punda Maria Sandveld on Cave Sandstone", "ALLIANCES_": 11, "ALLIANCES": "11: Clarens sandstone hills with Terminalia sericea bush savanna or Soutpansberg group mountains with Burkea africana tree savanna", "AREA_HA": 3314.297, "PERIMETER_": 56.243, "PERIMETE_1": 56.252 }, "geometry": { "type": "MultiPolygon", "coordinates": [ [ [ [ 31.486292893599831, -23.778785686583401 ], [ 31.487891650700654, -23.781393082199312 ], [ 31.488013246046282, -23.782757864782756 ], [ 31.488004570934116, -23.784356161603821 ], [ 31.487744739414595, -23.786457699933319 ], [ 31.488473231133518, -23.788803710525546 ], [ 31.489441945616615, -23.790745701702019 ], [ 31.49201602492435, -23.793895398184304 ], [ 31.494474416288419, -23.796023490398021 ], [ 31.495996066619426, -23.798539755235279 ], [ 31.497901844358797, -23.799235603507491 ], [ 31.500656941468815, -23.800327993939806 ], [ 31.50155781545055, -23.803072965364134 ], [ 31.501941966089863, -23.803808160800131 ], [ 31.502843116136212, -23.805677177293838 ], [ 31.504015235923394, -23.808740833577929 ], [ 31.50543482940337, -23.811626272154911 ], [ 31.508392454948869, -23.814779436528934 ], [ 31.512365323649085, -23.819296912893641 ], [ 31.512904542705034, -23.824521705410362 ], [ 31.512622134158978, -23.82862782536694 ], [ 31.516550533951417, -23.833650483939699 ], [ 31.51969764281942, -23.834014872433489 ], [ 31.521753619603388, -23.837971880969292 ], [ 31.52284431181166, -23.843084539808729 ], [ 31.525352917954006, -23.847840523878997 ], [ 31.529686675450282, -23.851837287884123 ], [ 31.532480348495262, -23.855728965571753 ], [ 31.533259228604745, -23.8606760419399 ], [ 31.533495502819875, -23.865852737466952 ], [ 31.533849609262621, -23.871030552524381 ], [ 31.534983366144875, -23.872377852552869 ], [ 31.536044281598514, -23.873218747417759 ], [ 31.538622971477253, -23.87619620890997 ], [ 31.539753790911902, -23.876938408801088 ], [ 31.53968563530303, -23.879511439069031 ], [ 31.539651673373083, -23.883412267671115 ], [ 31.539123456007278, -23.887597375729335 ], [ 31.540120763298461, -23.894117784765729 ], [ 31.542323709641867, -23.896486590475796 ], [ 31.547034774490928, -23.897669003976848 ], [ 31.550050179067391, -23.897661340082319 ], [ 31.55072678064208, -23.900403944521447 ], [ 31.552438863565303, -23.905422940773938 ], [ 31.55452708891287, -23.911077588590064 ], [ 31.556503725337837, -23.917065289816527 ], [ 31.558454668371404, -23.924497598640578 ], [ 31.560818286473555, -23.931057797882023 ], [ 31.564988571754384, -23.938628202963553 ], [ 31.567166575718851, -23.945141428877964 ], [ 31.566830620345304, -23.952425859825244 ], [ 31.567528043491834, -23.958672399286147 ], [ 31.569978573079446, -23.963680048382766 ], [ 31.572369794963791, -23.96605925408047 ], [ 31.574115129195892, -23.969985660309163 ], [ 31.575690232947977, -23.974208473025428 ], [ 31.575188533419755, -23.979613043652108 ], [ 31.574696706462934, -23.985008668802081 ], [ 31.575798768656526, -23.987574516002407 ], [ 31.577591911468108, -23.990760836600035 ], [ 31.578044702930232, -23.991595834879792 ], [ 31.574860359600127, -23.994248306353636 ], [ 31.57156695374535, -23.995192943894406 ], [ 31.567325915051242, -23.994719915760154 ], [ 31.56644537059665, -23.994350470010339 ], [ 31.56685817494283, -23.989026396633033 ], [ 31.566199882195299, -23.988117203802219 ], [ 31.562905734781779, -23.982054069830852 ], [ 31.561898428367211, -23.976292267935424 ], [ 31.560233034817983, -23.969621245407705 ], [ 31.55891695193975, -23.966899771830477 ], [ 31.560181538952445, -23.962757655127586 ], [ 31.560349684020874, -23.961774917841034 ], [ 31.56059371636729, -23.953071886674163 ], [ 31.558458054609396, -23.945421145661648 ], [ 31.555208626140871, -23.937227110477036 ], [ 31.552298874645491, -23.931203516521972 ], [ 31.552341669885966, -23.927365989711081 ], [ 31.550255033478578, -23.92155781467504 ], [ 31.546849844529159, -23.915086964058446 ], [ 31.541637070330765, -23.910414024169317 ], [ 31.535999604822631, -23.905980697169532 ], [ 31.531430908774666, -23.902613942858792 ], [ 31.528424158793634, -23.897510118407865 ], [ 31.526633312440605, -23.894332335903258 ], [ 31.524737177689584, -23.891785652350279 ], [ 31.518897954225327, -23.883629290707105 ], [ 31.518488343990441, -23.875615394898023 ], [ 31.517553796436701, -23.872310303639207 ], [ 31.517511753116562, -23.86737930360886 ], [ 31.517002235753896, -23.863834480352534 ], [ 31.516290324952504, -23.859095691858862 ], [ 31.512749620427698, -23.851873338912362 ], [ 31.50774335933389, -23.85092187665126 ], [ 31.506771811373067, -23.848311709425243 ], [ 31.506977471423781, -23.846643080975479 ], [ 31.509458630803504, -23.844310175029289 ], [ 31.510746938295412, -23.841541269915286 ], [ 31.508006188413002, -23.833965336288696 ], [ 31.50569560680934, -23.829138774294996 ], [ 31.503194060284006, -23.82728132991987 ], [ 31.501026384463756, -23.82371131886077 ], [ 31.497666848280161, -23.822215691583981 ], [ 31.491690276149249, -23.818698699156077 ], [ 31.487781536654712, -23.81464189680748 ], [ 31.484634233540017, -23.810962732072312 ], [ 31.481697345124502, -23.80608454193143 ], [ 31.478942039777419, -23.80080172623326 ], [ 31.478018745772562, -23.797496538284303 ], [ 31.476950417413555, -23.790640980561054 ], [ 31.478723865226655, -23.784138542887888 ], [ 31.478486898692498, -23.781734126223743 ], [ 31.478833949138039, -23.78058165775915 ], [ 31.480229054396172, -23.77959302627665 ], [ 31.482607708431061, -23.778406352764691 ], [ 31.484132900856412, -23.778042059809994 ], [ 31.486292893599831, -23.778785686583401 ] ] ] ] } },
{ "type": "Feature", "properties": { "OBJECTID": 58, "LSCAP_ID": 25, "ZONE10": 8, "ZONE17": 15, "Z17CODE": "N", "LANDSCAPE": "Adansonia digitata / Colophospermum mopane Rugged Veld", "LABEL": "25: Adansonia digitata / Colophospermum mopane Rugged Veld", "ALLIANCES_": 15, "ALLIANCES": "15: Basaltic or calcitic plains with Colophospermum mopane shrub savanna", "AREA_HA": 2314.331, "PERIMETER_": 38.987, "PERIMETE_1": 38.984 }, "geometry": { "type": "MultiPolygon", "coordinates": [ [ [ [ 31.069763897918879, -22.458199062737854 ], [ 31.070239208051149, -22.456850188803696 ], [ 31.070045007955503, -22.455439121891619 ], [ 31.066350972851961, -22.419155841219073 ], [ 31.073835462540277, -22.396208538448686 ], [ 31.076335747658696, -22.3979992564547 ], [ 31.077566894883972, -22.401689313363384 ], [ 31.079644666972769, -22.403140832722915 ], [ 31.082466210943462, -22.404890130676421 ], [ 31.085468307549654, -22.406226118612864 ], [ 31.088220535247835, -22.408082868218578 ], [ 31.090125536649722, -22.410110173157818 ], [ 31.091780453743397, -22.41196292470968 ], [ 31.093315977295141, -22.412604160343342 ], [ 31.09503231155691, -22.41423184346878 ], [ 31.096498657003412, -22.415675953942497 ], [ 31.099925468059393, -22.415806601677556 ], [ 31.102197271813338, -22.415878459346715 ], [ 31.104642749248494, -22.415320182481668 ], [ 31.105930305170716, -22.413484013955379 ], [ 31.106844894699794, -22.411932441952757 ], [ 31.108860387551658, -22.410845282369955 ], [ 31.111067632817878, -22.411376816038729 ], [ 31.113883196245947, -22.411454861603954 ], [ 31.116330997375719, -22.410715814750944 ], [ 31.118841279653239, -22.410383835266924 ], [ 31.122336848182037, -22.411896490331074 ], [ 31.125768275200539, -22.413128379231448 ], [ 31.12827844053583, -22.414981674213553 ], [ 31.130976738724307, -22.417297674704081 ], [ 31.132934938085242, -22.419036148699877 ], [ 31.136305655590181, -22.419743345947698 ], [ 31.140469767532011, -22.420685378269642 ], [ 31.142799471992927, -22.422256434580429 ], [ 31.146417808223969, -22.424808542230267 ], [ 31.14684490163528, -22.42556299370003 ], [ 31.148756046456793, -22.426478955393783 ], [ 31.143417062864177, -22.428404418433821 ], [ 31.141336411831734, -22.430006008464225 ], [ 31.13931097866686, -22.431833972262712 ], [ 31.137234518458527, -22.43384193210472 ], [ 31.135579326826207, -22.43630626080412 ], [ 31.133991340634992, -22.438825529428946 ], [ 31.132279200340914, -22.44118079004037 ], [ 31.131058042820623, -22.441690432130248 ], [ 31.129640138839417, -22.440933494349775 ], [ 31.129586071538018, -22.43989434360768 ], [ 31.129216805369168, -22.438454191575218 ], [ 31.129330496114235, -22.436495858729678 ], [ 31.129148080231694, -22.434886289361227 ], [ 31.129516256790954, -22.433508865981235 ], [ 31.128958928200348, -22.431605971262741 ], [ 31.128221681113022, -22.429357824774069 ], [ 31.126937892477763, -22.426579559550298 ], [ 31.125643239950758, -22.424613918293314 ], [ 31.124169927904653, -22.42293517391531 ], [ 31.122697379245349, -22.421202242822744 ], [ 31.12073540009645, -22.419752586763266 ], [ 31.118529480854306, -22.417667923892566 ], [ 31.116388164395115, -22.416559294460257 ], [ 31.113199120451611, -22.416079578082346 ], [ 31.110077952803266, -22.417045489533589 ], [ 31.107876390304561, -22.418238846591617 ], [ 31.106469662440819, -22.419549857956458 ], [ 31.105666038071487, -22.421509100831038 ], [ 31.105920479044133, -22.423516872677457 ], [ 31.106413680093592, -22.425825452862924 ], [ 31.106474908219372, -22.428472128705184 ], [ 31.106475132260737, -22.430603346010031 ], [ 31.107092746512251, -22.432335426925935 ], [ 31.106300807249667, -22.433427869175834 ], [ 31.104822187045347, -22.433582099326937 ], [ 31.104093243213555, -22.432896248822885 ], [ 31.103411869239157, -22.431569784654776 ], [ 31.102740342399713, -22.430234403310564 ], [ 31.101575343691408, -22.42804434664173 ], [ 31.100833156625718, -22.426193386607515 ], [ 31.097838350287688, -22.424279785264627 ], [ 31.095380066962846, -22.423627705114598 ], [ 31.092497793549356, -22.423440168907369 ], [ 31.090115424898649, -22.424342156002076 ], [ 31.08674954093107, -22.425422097378448 ], [ 31.085214860927483, -22.427544135028473 ], [ 31.084360967927495, -22.429601989328873 ], [ 31.084976113689599, -22.432201036619123 ], [ 31.085901456671781, -22.434848912804114 ], [ 31.087062465150655, -22.438023346315138 ], [ 31.089514089115326, -22.439885572560655 ], [ 31.093073711662203, -22.441002297095999 ], [ 31.09637582925118, -22.441772749368365 ], [ 31.099564630937142, -22.442307007906617 ], [ 31.103239016035861, -22.444282768882669 ], [ 31.107290337698569, -22.445693947969573 ], [ 31.11176302512883, -22.447561489429653 ], [ 31.116238890290955, -22.44920318561887 ], [ 31.120834598495385, -22.450611363329649 ], [ 31.121876102273959, -22.452628284379212 ], [ 31.121635649366301, -22.453889769542414 ], [ 31.120469801100096, -22.455330117622669 ], [ 31.118818013471312, -22.456060403580619 ], [ 31.11643159699744, -22.45651117798835 ], [ 31.113666746303306, -22.456207953968999 ], [ 31.109501093450646, -22.455319348179501 ], [ 31.105028110572785, -22.454887585508018 ], [ 31.098966494654643, -22.45553871102647 ], [ 31.092219525536581, -22.455152025315691 ], [ 31.087199617141472, -22.455643440957829 ], [ 31.08064402260803, -22.45617964669972 ], [ 31.07727804216152, -22.456500779963573 ], [ 31.073412524848781, -22.457113880466899 ], [ 31.069763897918879, -22.458199062737854 ] ] ] ] } },
{ "type": "Feature", "properties": { "OBJECTID": 59, "LSCAP_ID": 24, "ZONE10": 8, "ZONE17": 13, "Z17CODE": "E", "LANDSCAPE": "Colophospermum mopane shrubveld on gabbro", "LABEL": "24: Colophospermum mopane shrubveld on gabbro", "ALLIANCES_": 13, "ALLIANCES": "13: Basaltic or gabbroic plains with Acacia nigriscens bush savanna or Colophospermum mopane bush or shrub savanna", "AREA_HA": 5260.503, "PERIMETER_": 79.32, "PERIMETE_1": 79.321 }, "geometry": { "type": "MultiPolygon", "coordinates": [ [ [ [ 31.222550327100368, -23.124942757563339 ], [ 31.223913818262737, -23.125201938885112 ], [ 31.22642992899787, -23.127650377149685 ], [ 31.227974587425049, -23.128986167669161 ], [ 31.230687942625682, -23.130551791738576 ], [ 31.233398287309974, -23.132352126214336 ], [ 31.234877707293432, -23.134951366839982 ], [ 31.237413335682845, -23.138176471807494 ], [ 31.236493068661989, -23.141344847109842 ], [ 31.23612338849642, -23.14273137721927 ], [ 31.233854236701067, -23.14450299205107 ], [ 31.231142694591085, -23.14649536241819 ], [ 31.228808778914818, -23.148726714181521 ], [ 31.226105074685151, -23.151595012356228 ], [ 31.225000456643695, -23.154643828132397 ], [ 31.224759103782617, -23.156654855067298 ], [ 31.227072366189731, -23.158234113503102 ], [ 31.225016229334145, -23.160856819702865 ], [ 31.224228260602814, -23.165805541373306 ], [ 31.224167999017691, -23.167412244629734 ], [ 31.224172750566126, -23.170753486307969 ], [ 31.224668879271814, -23.173865482747441 ], [ 31.223257570550974, -23.177190745388721 ], [ 31.222028936245579, -23.178513345391959 ], [ 31.220608922468088, -23.178795296138841 ], [ 31.218642161337478, -23.178321539570415 ], [ 31.216244157889644, -23.177960265375706 ], [ 31.214698081101506, -23.177437046278143 ], [ 31.213093422130346, -23.176913147549417 ], [ 31.211126523742632, -23.177188803439634 ], [ 31.209768021784772, -23.177986075153314 ], [ 31.208607736933583, -23.179300310239022 ], [ 31.207744765099523, -23.181024278910886 ], [ 31.207935081935261, -23.182868600566167 ], [ 31.208303265989162, -23.185292877750328 ], [ 31.210463559001013, -23.187376338429516 ], [ 31.212563037819333, -23.18963065485773 ], [ 31.213678403208263, -23.19170220251485 ], [ 31.216699450691259, -23.192242164174004 ], [ 31.218301358106782, -23.192251282955567 ], [ 31.220885165033959, -23.193355116160909 ], [ 31.223167803409009, -23.193597637819703 ], [ 31.225450327580486, -23.194589633395864 ], [ 31.227861792922088, -23.198400479125528 ], [ 31.229155543264241, -23.200302365926753 ], [ 31.230705352337928, -23.203534567299606 ], [ 31.230955218509926, -23.206074871000272 ], [ 31.230894784037059, -23.209180587133453 ], [ 31.230476608398988, -23.212742817121658 ], [ 31.230483089012949, -23.215217168392467 ], [ 31.22992820612394, -23.217287869868045 ], [ 31.230552275948909, -23.220347105932575 ], [ 31.231358506093702, -23.222189311933825 ], [ 31.230860062135744, -23.223682716350538 ], [ 31.232595226072242, -23.224731682259915 ], [ 31.23425246872981, -23.225021216797252 ], [ 31.235860753594896, -23.225319214854757 ], [ 31.237209846600539, -23.224521632620533 ], [ 31.238622042063536, -23.223381596360142 ], [ 31.241526150405271, -23.223215450068466 ], [ 31.242330937404081, -23.224434504684666 ], [ 31.243500365613954, -23.226163325287345 ], [ 31.244185672845461, -23.228302121202045 ], [ 31.244005257564222, -23.230142274758855 ], [ 31.244618570039485, -23.231810692029857 ], [ 31.246098396167781, -23.23297405859876 ], [ 31.248015785376143, -23.234304836715005 ], [ 31.249062820177041, -23.236438618229155 ], [ 31.25037298082426, -23.239379017274583 ], [ 31.250557909679259, -23.240934280414084 ], [ 31.250062528851625, -23.242951538331855 ], [ 31.249393598737942, -23.245535764522668 ], [ 31.250697020401748, -23.247500820917171 ], [ 31.252053926262434, -23.249114283569863 ], [ 31.253721187807404, -23.250162281559788 ], [ 31.255071992016237, -23.249996692263746 ], [ 31.25649198880247, -23.249019135722975 ], [ 31.258208739193748, -23.247764918432836 ], [ 31.260059325517375, -23.24673792033569 ], [ 31.262149539611229, -23.245316218013851 ], [ 31.264552499142145, -23.243888911037008 ], [ 31.267875600061327, -23.243094805334056 ], [ 31.269668332464885, -23.24351189872208 ], [ 31.272196464675954, -23.244496943548558 ], [ 31.274172105898341, -23.245891274224487 ], [ 31.275532196597482, -23.247278823947742 ], [ 31.279355640225496, -23.248621129758316 ], [ 31.280583089128715, -23.248164995795165 ], [ 31.282303665351964, -23.248120611908814 ], [ 31.283726193605652, -23.249219807067107 ], [ 31.285397234518264, -23.249229030631341 ], [ 31.286629366770118, -23.249170235759792 ], [ 31.289948011790294, -23.248727798920207 ], [ 31.292975220773968, -23.248914250103223 ], [ 31.295747136156226, -23.249964790572673 ], [ 31.296610520965924, -23.251238413364941 ], [ 31.297294474260166, -23.252790028612164 ], [ 31.297858198220091, -23.254575128263447 ], [ 31.297364142323737, -23.256538396733031 ], [ 31.296567686896736, -23.257685646883047 ], [ 31.294910003742661, -23.259690456984696 ], [ 31.293066129688984, -23.26249692512782 ], [ 31.293993600113723, -23.264114414152044 ], [ 31.294735175490732, -23.264980357971982 ], [ 31.295352823929075, -23.266368714411982 ], [ 31.294923290088388, -23.267863090212128 ], [ 31.293147946728798, -23.269117073521443 ], [ 31.291483644661824, -23.270092302849399 ], [ 31.290492879393742, -23.270370484490947 ], [ 31.289449439850255, -23.270946087036009 ], [ 31.289019130940403, -23.272494615603971 ], [ 31.288534255335282, -23.275252612935109 ], [ 31.287800632953974, -23.27605733955696 ], [ 31.286878115499491, -23.276345270746905 ], [ 31.285454949448184, -23.276799302351531 ], [ 31.28416605168939, -23.278979580962258 ], [ 31.283497175479091, -23.283117180575971 ], [ 31.283444928164609, -23.284904611387343 ], [ 31.285174825951607, -23.28645868765318 ], [ 31.287643108089327, -23.288372992594002 ], [ 31.290361707620391, -23.289829443721828 ], [ 31.291718010363656, -23.291559987162358 ], [ 31.291909054535129, -23.2942079560626 ], [ 31.291909675078777, -23.296456515396656 ], [ 31.294070395020302, -23.297211496311792 ], [ 31.295864285941917, -23.298368827206655 ], [ 31.297223850527271, -23.300623124223641 ], [ 31.300248389998142, -23.302651653582547 ], [ 31.301611394302356, -23.301564723041558 ], [ 31.30160327910211, -23.299894019007052 ], [ 31.301288634670239, -23.296955743482041 ], [ 31.301216192591188, -23.294191667983608 ], [ 31.302750991079652, -23.290343289556617 ], [ 31.304099852812374, -23.288046105103284 ], [ 31.306931499763124, -23.285990678386867 ], [ 31.309819539830361, -23.284107381119778 ], [ 31.311176827209128, -23.282677135184517 ], [ 31.31355717548891, -23.280734113247529 ], [ 31.318396175275382, -23.284605930430192 ], [ 31.318708672196198, -23.286966222013938 ], [ 31.319700297348064, -23.289740159703928 ], [ 31.319833248814405, -23.292387498968417 ], [ 31.320266707600744, -23.294460109869345 ], [ 31.320339543830837, -23.297224199447975 ], [ 31.321207924842309, -23.299698805136771 ], [ 31.322077014888475, -23.302119231876151 ], [ 31.323069216894311, -23.304080420124677 ], [ 31.324367618440078, -23.308916551235143 ], [ 31.320491180705773, -23.308504813205232 ], [ 31.318883489447394, -23.308839763236037 ], [ 31.317039688822717, -23.309289556384815 ], [ 31.31358920507488, -23.309216345593107 ], [ 31.311366971038989, -23.309436238871651 ], [ 31.308284620254337, -23.310405369511138 ], [ 31.306312194098858, -23.310971039716506 ], [ 31.304093860163022, -23.311651417953872 ], [ 31.301261785896276, -23.31215353545895 ], [ 31.298731827747062, -23.31196354489445 ], [ 31.29682433217274, -23.31126555105671 ], [ 31.295956799495148, -23.310289875365534 ], [ 31.294354011116415, -23.30946874127439 ], [ 31.293297078525988, -23.308779961109323 ], [ 31.292321193452654, -23.309401453579504 ], [ 31.292135653428357, -23.310148948184022 ], [ 31.292068115563307, -23.310843546539775 ], [ 31.292999557860309, -23.312172121060129 ], [ 31.294174041280733, -23.313611700368281 ], [ 31.294854908640207, -23.314657597450633 ], [ 31.295909813361067, -23.316276470471802 ], [ 31.296157193322468, -23.318347104447472 ], [ 31.295975563303728, -23.319555192083477 ], [ 31.295430000245616, -23.320930896002103 ], [ 31.293208657630984, -23.32259537940833 ], [ 31.291301356070282, -23.322637800046081 ], [ 31.28963089613098, -23.322511207723736 ], [ 31.287722671961848, -23.322625816984761 ], [ 31.286370453790518, -23.322845818878115 ], [ 31.283834962145473, -23.32231236796445 ], [ 31.281239882931537, -23.321091922701854 ], [ 31.28007305402658, -23.319823910235641 ], [ 31.278768429110169, -23.317109533805755 ], [ 31.27815133557327, -23.314917429581747 ], [ 31.277591404069032, -23.31284334509715 ], [ 31.27721502007666, -23.310942851838064 ], [ 31.276588780496816, -23.307946948118925 ], [ 31.275721311490123, -23.306221656617531 ], [ 31.275470650304324, -23.304430906019626 ], [ 31.274485212716534, -23.302758492560791 ], [ 31.27348932422036, -23.301140140269979 ], [ 31.272931123451315, -23.299698179752706 ], [ 31.271393190203721, -23.299175535588102 ], [ 31.269604856909861, -23.298361145246204 ], [ 31.267933845677913, -23.297548031593223 ], [ 31.266266600151805, -23.296445974781811 ], [ 31.266323601584183, -23.295064977215084 ], [ 31.266882850300334, -23.293400563207747 ], [ 31.26737003791305, -23.292015287938174 ], [ 31.268224786768322, -23.29093206833592 ], [ 31.26952182039954, -23.289664088633813 ], [ 31.270758641165347, -23.289271369032253 ], [ 31.271917163240378, -23.288128263874484 ], [ 31.273577069666182, -23.286006368140221 ], [ 31.274873772622591, -23.283997851388904 ], [ 31.275975656176289, -23.28193299878463 ], [ 31.276581940581504, -23.278878390084493 ], [ 31.276580743735074, -23.27669304435554 ], [ 31.276147194971319, -23.274683554689712 ], [ 31.276322858817178, -23.273186454212013 ], [ 31.276565535033054, -23.271798452756975 ], [ 31.277927573168146, -23.270774920077866 ], [ 31.279342429332747, -23.270203469410689 ], [ 31.280325756972271, -23.269744671396644 ], [ 31.280998812587185, -23.267566706962995 ], [ 31.281183643290749, -23.266873396200669 ], [ 31.280250405269445, -23.265716321842458 ], [ 31.279695299694314, -23.264798175855102 ], [ 31.278711021944002, -23.263812110094417 ], [ 31.27716615077879, -23.263858373273955 ], [ 31.275691778759544, -23.263742850054399 ], [ 31.274574568302917, -23.263215845428601 ], [ 31.271805489296877, -23.261939200771003 ], [ 31.269271116210547, -23.260656067173713 ], [ 31.266984914696149, -23.259836179303647 ], [ 31.265203152639081, -23.259310803583677 ], [ 31.264037293453541, -23.260282215915804 ], [ 31.262428621951187, -23.261483504758822 ], [ 31.259844053978405, -23.261816084868052 ], [ 31.258308194787347, -23.262674985962626 ], [ 31.256885803355551, -23.263074588336561 ], [ 31.254614040900758, -23.264151033275056 ], [ 31.252080506644347, -23.265061984166753 ], [ 31.247962227877146, -23.266822110562721 ], [ 31.24573538025594, -23.266697903329824 ], [ 31.244200239232296, -23.265253964361719 ], [ 31.242594474813394, -23.263980794876385 ], [ 31.241848167675748, -23.262012883602061 ], [ 31.241907690550736, -23.259710848621406 ], [ 31.241776982694606, -23.257009353502337 ], [ 31.242018483725225, -23.253499306708456 ], [ 31.242436625549345, -23.250677530988039 ], [ 31.242745724437, -23.247971925093211 ], [ 31.243113267826971, -23.246025509602084 ], [ 31.241991886736862, -23.243601892523969 ], [ 31.240947883718402, -23.242732332992567 ], [ 31.239398068498058, -23.241685524335477 ], [ 31.237735538041203, -23.240294288977427 ], [ 31.236434550464342, -23.238907096781922 ], [ 31.235386906984093, -23.237576922086287 ], [ 31.232980362789345, -23.23555419794959 ], [ 31.231382351656549, -23.236692081256528 ], [ 31.230335147298909, -23.237556216745396 ], [ 31.229046890406767, -23.237433337221422 ], [ 31.228057828370655, -23.236853283007136 ], [ 31.225959503714961, -23.235917554155918 ], [ 31.224661790265849, -23.234295524368616 ], [ 31.223365542063416, -23.232565139659499 ], [ 31.222803772317206, -23.229976158182488 ], [ 31.221751427972624, -23.226803693710202 ], [ 31.221991592406972, -23.224901044855894 ], [ 31.222852438965006, -23.223348560949319 ], [ 31.224082104862941, -23.22198084235044 ], [ 31.225622074151698, -23.221528664922602 ], [ 31.226787953563761, -23.220548500852964 ], [ 31.227771186233038, -23.218600036783968 ], [ 31.227898305045134, -23.217111486863363 ], [ 31.227338035673906, -23.215145616677365 ], [ 31.226532732065387, -23.213240192485792 ], [ 31.22399678775766, -23.210701172911136 ], [ 31.222706103022226, -23.209304969904988 ], [ 31.220483562048003, -23.207455735739501 ], [ 31.218626830889693, -23.206757449900888 ], [ 31.216845268671044, -23.206285749755569 ], [ 31.214192163305349, -23.205235234919034 ], [ 31.211908633450001, -23.205046744781402 ], [ 31.209693078936034, -23.203423201372974 ], [ 31.209073456108705, -23.202269317429593 ], [ 31.209127304167431, -23.200427779295111 ], [ 31.208570876080667, -23.198931467569825 ], [ 31.207400067096735, -23.196624470561698 ], [ 31.205738417106492, -23.195232944053007 ], [ 31.204071137978147, -23.192802870639799 ], [ 31.201847344785325, -23.189625951335163 ], [ 31.20041834353782, -23.186918633140674 ], [ 31.199188133083197, -23.183229293962615 ], [ 31.200286651792084, -23.178510064509386 ], [ 31.200892095529618, -23.174137362664602 ], [ 31.202060016537757, -23.170060043548137 ], [ 31.203347211918754, -23.16655297185509 ], [ 31.204636501413702, -23.162883365458079 ], [ 31.205794544118035, -23.158796859757857 ], [ 31.206773626767298, -23.154943087940978 ], [ 31.207075478224603, -23.152074921565468 ], [ 31.206697390827344, -23.147465217022003 ], [ 31.206021424787011, -23.144694280987114 ], [ 31.205088824183669, -23.140665221842887 ], [ 31.203854241496764, -23.137319012626197 ], [ 31.202123644070785, -23.135294578336339 ], [ 31.199036448487419, -23.133958989176303 ], [ 31.197933266795317, -23.133946381599316 ], [ 31.196517298489148, -23.13468872312745 ], [ 31.195473146040257, -23.135372096839323 ], [ 31.194560131661451, -23.13574090916611 ], [ 31.190853723900581, -23.134714125182384 ], [ 31.190726841301274, -23.13252737016537 ], [ 31.19188842828531, -23.131095870972672 ], [ 31.193674053735222, -23.129725693766005 ], [ 31.196010314841345, -23.12806379946154 ], [ 31.199030591472265, -23.126355500366369 ], [ 31.201366379739735, -23.125452051405908 ], [ 31.204510223161435, -23.124720313039028 ], [ 31.206900802844547, -23.124097339333222 ], [ 31.210656602034661, -23.123598188295581 ], [ 31.213618551777667, -23.123324741827219 ], [ 31.216570585959847, -23.123800638420704 ], [ 31.222550327100368, -23.124942757563339 ] ] ] ] } },
{ "type": "Feature", "properties": { "OBJECTID": 60, "LSCAP_ID": 24, "ZONE10": 8, "ZONE17": 13, "Z17CODE": "E", "LANDSCAPE": "Colophospermum mopane shrubveld on gabbro", "LABEL": "24: Colophospermum mopane shrubveld on gabbro", "ALLIANCES_": 13, "ALLIANCES": "13: Basaltic or gabbroic plains with Acacia nigriscens bush savanna or Colophospermum mopane bush or shrub savanna", "AREA_HA": 1516.655, "PERIMETER_": 19.318, "PERIMETE_1": 19.319 }, "geometry": { "type": "MultiPolygon", "coordinates": [ [ [ [ 31.343679745575042, -23.422164665686726 ], [ 31.34466166320291, -23.420323852566568 ], [ 31.345647034021809, -23.418203126612141 ], [ 31.346504037777049, -23.41538569431642 ], [ 31.34662138411236, -23.413030007135777 ], [ 31.346487940163666, -23.410382692277629 ], [ 31.346602000091337, -23.407503206264639 ], [ 31.346530642800222, -23.405371279262617 ], [ 31.346526308817715, -23.403357456175161 ], [ 31.346217916677173, -23.401403627631588 ], [ 31.346142972660058, -23.399560634050243 ], [ 31.346450812483184, -23.398408001002036 ], [ 31.347123406395081, -23.397033465142901 ], [ 31.348050927476116, -23.396402113477333 ], [ 31.349777632728081, -23.396808663124187 ], [ 31.350399966001483, -23.39790791295534 ], [ 31.350961986507304, -23.399927626042807 ], [ 31.351209623880536, -23.402052385301957 ], [ 31.352088477999608, -23.40614340119388 ], [ 31.35283447722794, -23.407532920437127 ], [ 31.353398527987888, -23.410184775925273 ], [ 31.354704003273454, -23.41381069451478 ], [ 31.355760216668077, -23.416232935762672 ], [ 31.3568109209344, -23.418311957455622 ], [ 31.358731130272055, -23.420508478967129 ], [ 31.360775940798355, -23.422128340604729 ], [ 31.363429673532185, -23.423573952288063 ], [ 31.364609963999193, -23.424679000082033 ], [ 31.366957577607078, -23.426356140057884 ], [ 31.368872680971169, -23.427396598428224 ], [ 31.371901266778348, -23.427816519183683 ], [ 31.374127414068997, -23.429835447626267 ], [ 31.375060310727868, -23.431976347157363 ], [ 31.375501201857386, -23.434337883518143 ], [ 31.375819821918956, -23.437095486063235 ], [ 31.376193560736482, -23.43934795620018 ], [ 31.375953658902571, -23.441359249016294 ], [ 31.375652741699827, -23.445157932500454 ], [ 31.374653270151203, -23.451649435634742 ], [ 31.372586835835072, -23.450146903198167 ], [ 31.369872753180051, -23.451175126484141 ], [ 31.368455502634827, -23.452605176437896 ], [ 31.367046564660313, -23.454152694122214 ], [ 31.365129551838582, -23.454033280168773 ], [ 31.362219962022401, -23.453442874956774 ], [ 31.360187755938085, -23.453141583771604 ], [ 31.359010726222277, -23.451756588865116 ], [ 31.356970109712044, -23.451346804212491 ], [ 31.35505656567787, -23.45174203605686 ], [ 31.352900780975208, -23.453516331429547 ], [ 31.350811989448026, -23.455408696841889 ], [ 31.348962407487047, -23.456951380030226 ], [ 31.347056196116874, -23.458321862484816 ], [ 31.344654288296105, -23.459407119012333 ], [ 31.343350337451763, -23.459573880249209 ], [ 31.341130561527883, -23.45939677030896 ], [ 31.339704984545968, -23.457548447479958 ], [ 31.33834445139296, -23.455980745596751 ], [ 31.337662065029075, -23.454194503649834 ], [ 31.338085833945655, -23.450054104938744 ], [ 31.336967387255644, -23.447920062795667 ], [ 31.335846543139205, -23.446761262009975 ], [ 31.335964024964415, -23.442852388564322 ], [ 31.337319954734063, -23.441647748445309 ], [ 31.338242349719948, -23.440673267924769 ], [ 31.33910454940558, -23.439815534886751 ], [ 31.339286706714777, -23.438553226981654 ], [ 31.338910666450623, -23.436535461060149 ], [ 31.338100203654729, -23.435605739727169 ], [ 31.335815558151648, -23.434389394327045 ], [ 31.335866784639983, -23.431861448873409 ], [ 31.336733614491248, -23.429847892888155 ], [ 31.337647195323683, -23.428006404616539 ], [ 31.339373305397771, -23.426923072304064 ], [ 31.341219733496974, -23.425606208617477 ], [ 31.342516611966296, -23.424409913526574 ], [ 31.343679745575042, -23.422164665686726 ] ] ] ] } },
{ "type": "Feature", "properties": { "OBJECTID": 68, "LSCAP_ID": 12, "ZONE10": 5, "ZONE17": 8, "Z17CODE": "P", "LANDSCAPE": "Colophospermum mopane / Acacia nigrescens savanna", "LABEL": "12: Colophospermum mopane / Acacia nigrescens savanna", "ALLIANCES_": 8, "ALLIANCES": "08: Metalava plains with Colophospermum mopane tree savanna or Andesitic plains with Combretum collinum shrub savanna", "AREA_HA": 83531.991, "PERIMETER_": 245.976, "PERIMETE_1": 245.958 }, "geometry": { "type": "MultiPolygon", "coordinates": [ [ [ [ 31.09762371562168, -23.11902432830323 ], [ 31.092933706193666, -23.119301788085291 ], [ 31.090593284479635, -23.119806228303108 ], [ 31.08862457581775, -23.12094722512969 ], [ 31.085422616666921, -23.122994266064399 ], [ 31.08289664623118, -23.123496333603008 ], [ 31.079941028780897, -23.124688420960329 ], [ 31.077601379208751, -23.125129461021444 ], [ 31.076119996874308, -23.124262595341463 ], [ 31.075136743849146, -23.122697477128199 ], [ 31.073784913202491, -23.120965316499582 ], [ 31.072799299363776, -23.118885461178284 ], [ 31.072545768313475, -23.116814549297665 ], [ 31.071434086214161, -23.114678968062027 ], [ 31.069780472627777, -23.114261431656775 ], [ 31.067558887561983, -23.114649597505217 ], [ 31.066022916619747, -23.115560834198661 ], [ 31.062949229628561, -23.117500623817016 ], [ 31.061286986748517, -23.119042339267114 ], [ 31.058140006242557, -23.120637996503525 ], [ 31.054939465432913, -23.121880768104855 ], [ 31.051436146508333, -23.123128759580286 ], [ 31.045587188956322, -23.123200847185494 ], [ 31.040415030784221, -23.12305538879243 ], [ 31.035974180241109, -23.122973049275231 ], [ 31.031481091681673, -23.121788322015163 ], [ 31.027228677481062, -23.120841250953028 ], [ 31.023354192036429, -23.12075661468997 ], [ 31.019044116150713, -23.119754427449578 ], [ 31.014550523184226, -23.118623401920431 ], [ 31.010363714929333, -23.117216207773669 ], [ 31.008150810422435, -23.115021191818705 ], [ 31.004023794383983, -23.112224050652525 ], [ 31.000754075080106, -23.109555060781471 ], [ 30.997374201789111, -23.106424107857759 ], [ 30.993857654916994, -23.104618684825581 ], [ 30.989976755155677, -23.103034283710759 ], [ 30.985915370017214, -23.102431697509019 ], [ 30.982036574378128, -23.101370843060693 ], [ 30.978718221425851, -23.101346429707689 ], [ 30.974410835781928, -23.102185104987292 ], [ 30.970093904994535, -23.103655593053539 ], [ 30.96659340254779, -23.105353186257876 ], [ 30.962335894246976, -23.10740209430471 ], [ 30.958215033404873, -23.109443618638522 ], [ 30.955257415310296, -23.112014781515239 ], [ 30.95181087029513, -23.114633708791896 ], [ 30.948546888666844, -23.117435512527504 ], [ 30.943866009380216, -23.121600247898307 ], [ 30.940232699216711, -23.124911707464637 ], [ 30.936348975427364, -23.128626108666406 ], [ 30.9333950261538, -23.131539964020146 ], [ 30.930273404855047, -23.135191947461887 ], [ 30.928239892632053, -23.137278059310205 ], [ 30.928174338332372, -23.137096613925518 ], [ 30.922477920417897, -23.122809719523946 ], [ 30.89886883132662, -23.066606715188293 ], [ 30.900507145035583, -23.061644410648963 ], [ 30.902109418644326, -23.0621442387976 ], [ 30.903858566053454, -23.063241924442483 ], [ 30.907176665475387, -23.06762894285713 ], [ 30.908285363108064, -23.068501398768273 ], [ 30.910249176976428, -23.067082722677345 ], [ 30.912708838532442, -23.065778921945903 ], [ 30.914979627309368, -23.065330361254144 ], [ 30.915599703126798, -23.065618449119256 ], [ 30.916207324592122, -23.068615131232661 ], [ 30.918288565754402, -23.073509315479146 ], [ 30.926396636865697, -23.077417285709299 ], [ 30.930458764216894, -23.0785360249013 ], [ 30.933276226850253, -23.0787264223138 ], [ 30.937518157009649, -23.077662253582211 ], [ 30.942191263594196, -23.077118255595547 ], [ 30.946991525930237, -23.074625437529132 ], [ 30.949938007719332, -23.072740465001026 ], [ 30.952650301347767, -23.071493480218141 ], [ 30.955594933732154, -23.070366834597216 ], [ 30.961990957104838, -23.068797111755231 ], [ 30.964265090747322, -23.06812214315827 ], [ 30.966289182118416, -23.067850244566387 ], [ 30.968933484481337, -23.067866206655701 ], [ 30.969359385479429, -23.068097417342031 ], [ 30.97157521861153, -23.068053650452772 ], [ 30.973551586977127, -23.062498827781859 ], [ 30.971275401942183, -23.062018146238604 ], [ 30.968939070303417, -23.062295130583411 ], [ 30.964879283457311, -23.062324154746083 ], [ 30.961501382929566, -23.061783992756574 ], [ 30.958125666283067, -23.059808117510229 ], [ 30.956221748659868, -23.058591626201444 ], [ 30.952961059519478, -23.058052804523378 ], [ 30.950571258781185, -23.057353656451266 ], [ 30.948478671350728, -23.056360364037207 ], [ 30.946827886128837, -23.055833282204713 ], [ 30.945352553335578, -23.054676411887431 ], [ 30.943626212039376, -23.053344706148117 ], [ 30.941660851376703, -23.053617089357061 ], [ 30.93969892055166, -23.053663759579859 ], [ 30.937733425206968, -23.053304040219306 ], [ 30.935087688197978, -23.05276385434631 ], [ 30.932817156147131, -23.053212725088674 ], [ 30.931275968542828, -23.055097736380304 ], [ 30.928568600109294, -23.058583685085441 ], [ 30.926474809600393, -23.061499759415494 ], [ 30.92451212657517, -23.063496539691254 ], [ 30.922049923149547, -23.064340010054551 ], [ 30.920209364258874, -23.06409908939413 ], [ 30.919226435421308, -23.062659530106355 ], [ 30.919347875168107, -23.061108103478769 ], [ 30.921374486189695, -23.058128044124139 ], [ 30.922487433090822, -23.056183335754074 ], [ 30.923532059028819, -23.054237719547988 ], [ 30.924645835425025, -23.052870874313314 ], [ 30.926055839336094, -23.051273146293447 ], [ 30.926179807599127, -23.049550184412769 ], [ 30.924459264253517, -23.049130314028623 ], [ 30.922244613551648, -23.049119276629934 ], [ 30.918811511779722, -23.050302086832321 ], [ 30.916590792041948, -23.051952265567021 ], [ 30.914814289186577, -23.053265161088525 ], [ 30.912470282978521, -23.055310933479962 ], [ 30.910630705952332, -23.056279833865126 ], [ 30.90822710227377, -23.057123866583556 ], [ 30.905309672126794, -23.057121337615264 ], [ 30.901971924964581, -23.057167349698073 ], [ 30.920529351030314, -23.000672788379408 ], [ 30.926238276161566, -22.982589711023682 ], [ 30.927688023815143, -22.982807327411471 ], [ 30.929447054084182, -22.982568477191496 ], [ 30.931896154652375, -22.981842002818702 ], [ 30.934361160514285, -22.980709375040149 ], [ 30.937554621318924, -22.979125692487532 ], [ 30.940740067420727, -22.980638916581761 ], [ 30.943752680826645, -22.981978278768018 ], [ 30.946821266326591, -22.98348987109285 ], [ 30.950809448277003, -22.983523451699678 ], [ 30.954922900788269, -22.98365787291123 ], [ 30.95769601393701, -22.982131553388161 ], [ 30.959969105256594, -22.980129211565483 ], [ 30.961262384750082, -22.977780137940673 ], [ 30.96181191643009, -22.975602075270139 ], [ 30.962180786929608, -22.973764806210955 ], [ 30.964025078243104, -22.971079666192264 ], [ 30.965928797443091, -22.970282427077766 ], [ 30.967900096936653, -22.970181301970324 ], [ 30.970171069606945, -22.970255551182952 ], [ 30.973296938433652, -22.969239100401236 ], [ 30.97538374226108, -22.967929400144563 ], [ 30.976497991511529, -22.966444725480436 ], [ 30.977353630718625, -22.965299864419688 ], [ 30.979258907282201, -22.963075805342562 ], [ 30.980613806681149, -22.962451971651294 ], [ 30.982327864677703, -22.960622734816827 ], [ 30.983190299363212, -22.957699096681147 ], [ 30.979506841016892, -22.956234559517689 ], [ 30.976321195477258, -22.95604946163629 ], [ 30.97084753356388, -22.95629554294629 ], [ 30.965881602896474, -22.956493771058181 ], [ 30.964592323051061, -22.955339508534678 ], [ 30.962933252451009, -22.95153484276593 ], [ 30.960483612507392, -22.949742606719322 ], [ 30.958145448914344, -22.948972103419784 ], [ 30.955264734046569, -22.950569325285809 ], [ 30.953660421055599, -22.952219083966312 ], [ 30.95089774638468, -22.954386597325108 ], [ 30.946538693405717, -22.956370860698705 ], [ 30.945185498492467, -22.956877036974763 ], [ 30.944819053164135, -22.952736809592995 ], [ 30.947706520329429, -22.950056342352219 ], [ 30.95108349156407, -22.948528880438495 ], [ 30.95470962705495, -22.947284468612015 ], [ 30.958027025790312, -22.945819287625593 ], [ 30.961958730637253, -22.944343867512789 ], [ 30.965271208752455, -22.941894244404992 ], [ 30.967058533388101, -22.939722983138019 ], [ 30.967488118210834, -22.935764521676067 ], [ 30.96638163576657, -22.934784184359671 ], [ 30.964358445409236, -22.934478326856759 ], [ 30.96177632611899, -22.935041128626732 ], [ 30.958708325452815, -22.936798560653571 ], [ 30.956371031207258, -22.937933277705671 ], [ 30.95208153733067, -22.939223360051194 ], [ 30.949869099570886, -22.940476969779148 ], [ 30.948643388380059, -22.940298595316147 ], [ 30.947408454766403, -22.938792762569843 ], [ 30.946488432900257, -22.935801137972103 ], [ 30.945947539832201, -22.932236532297864 ], [ 30.944445387342075, -22.930357014905368 ], [ 30.943016400429233, -22.929444584427987 ], [ 30.976629968715336, -22.822875566023374 ], [ 30.977084232866048, -22.824434441787876 ], [ 30.977346381065576, -22.828446950524448 ], [ 30.978337549345291, -22.831908875412314 ], [ 30.980116608065732, -22.833475529573324 ], [ 30.97900774431897, -22.835998799454007 ], [ 30.978883799686802, -22.840430797837023 ], [ 30.978577840203329, -22.842675301549164 ], [ 30.980053616813702, -22.846314936331105 ], [ 30.981409355477115, -22.848851417458057 ], [ 30.984172498301326, -22.854394549856661 ], [ 30.985092832967087, -22.857395032728402 ], [ 30.985283742495596, -22.859645841399409 ], [ 30.985094853824997, -22.861882809631418 ], [ 30.985156586393032, -22.864303545141123 ], [ 30.986013055848833, -22.86701426585909 ], [ 30.987735407714347, -22.86915804233022 ], [ 30.990070359029463, -22.870731646814864 ], [ 30.992222459142013, -22.871490238549708 ], [ 30.994749384307863, -22.871278321323928 ], [ 30.998981361891559, -22.869751428564722 ], [ 31.003414833371316, -22.86776643000286 ], [ 31.007531025989007, -22.866815747897682 ], [ 31.011647546925282, -22.865169666875133 ], [ 31.014531208839198, -22.863869280669064 ], [ 31.017729188071385, -22.862392159877032 ], [ 31.020613711498907, -22.863042106931502 ], [ 31.023322588274848, -22.864385116912036 ], [ 31.025531570790445, -22.865261357328031 ], [ 31.028547514649546, -22.866264960940768 ], [ 31.031430771434387, -22.86633679268628 ], [ 31.034017868734839, -22.865321328224091 ], [ 31.036782888489082, -22.864127417902434 ], [ 31.039977301776162, -22.862884568681935 ], [ 31.0429834122492, -22.861178810274598 ], [ 31.045624787310683, -22.860443740604335 ], [ 31.048457626861733, -22.859945752174259 ], [ 31.05116263582784, -22.861577210327692 ], [ 31.05367861810841, -22.863486241152476 ], [ 31.055274654214958, -22.864995702948125 ], [ 31.05724261626936, -22.86639230451258 ], [ 31.058844490832616, -22.868181734014648 ], [ 31.060201038109454, -22.870094576588695 ], [ 31.062713318294865, -22.870910807575957 ], [ 31.065546235232013, -22.871107832839439 ], [ 31.068306200742629, -22.870951752405155 ], [ 31.070276930011872, -22.870099769037189 ], [ 31.073040127375457, -22.86902258344977 ], [ 31.07469903060548, -22.86816676338734 ], [ 31.077152803531572, -22.866914185458537 ], [ 31.080725474606819, -22.867860341185889 ], [ 31.082874062094721, -22.869601963003706 ], [ 31.084842396445623, -22.8709982459618 ], [ 31.0865647866522, -22.872563118403018 ], [ 31.089085402616959, -22.87349643441226 ], [ 31.091600928261631, -22.872704907641975 ], [ 31.09400026448969, -22.871857766272395 ], [ 31.096149522638804, -22.870772810891264 ], [ 31.097680780963486, -22.869978426537113 ], [ 31.099403549183574, -22.868725779808518 ], [ 31.101925336902486, -22.867473619823187 ], [ 31.104386336800193, -22.867087584562125 ], [ 31.105916986647983, -22.867033578936748 ], [ 31.107207064661246, -22.866759972506635 ], [ 31.108130793836814, -22.865497713026976 ], [ 31.109547268183558, -22.863834947366165 ], [ 31.111387384967063, -22.86183405113951 ], [ 31.114084311615624, -22.860583763095526 ], [ 31.117219306691045, -22.860774409606464 ], [ 31.120234475386699, -22.861884658036182 ], [ 31.123738448560914, -22.8628832253649 ], [ 31.125762181198279, -22.863819132964746 ], [ 31.128044085038919, -22.864405876405971 ], [ 31.129702337036289, -22.864994286517447 ], [ 31.131114681837932, -22.865751365185353 ], [ 31.131672587597013, -22.867708447738377 ], [ 31.131736686107569, -22.869433973127318 ], [ 31.132287955708694, -22.871165220520005 ], [ 31.132658802265528, -22.872551199454414 ], [ 31.13303360588781, -22.873648257085677 ], [ 31.134934967416175, -22.874284624539534 ], [ 31.137212386776771, -22.873787566322214 ], [ 31.139480171329208, -22.873281331537708 ], [ 31.142184476342532, -22.873638038022733 ], [ 31.143849169558759, -22.873765841212709 ], [ 31.145754091750788, -22.873426854636755 ], [ 31.147901303871265, -22.872467577746441 ], [ 31.14887894287105, -22.870799328754742 ], [ 31.14832280769253, -22.869411221566363 ], [ 31.146976496906966, -22.868086150894982 ], [ 31.144698791213937, -22.8664612397856 ], [ 31.142540836662636, -22.863916610009376 ], [ 31.142299631293707, -22.862306405957209 ], [ 31.141742895411554, -22.859536642081668 ], [ 31.140755913360252, -22.856879243072481 ], [ 31.141731502048444, -22.854642102731951 ], [ 31.141917083694334, -22.852458943584015 ], [ 31.142525906112095, -22.850678056154813 ], [ 31.1421573313213, -22.849120545842247 ], [ 31.141290336386906, -22.847674608512783 ], [ 31.139266255215325, -22.847488412688143 ], [ 31.136435093229519, -22.847184380348914 ], [ 31.133609858972395, -22.845733525816314 ], [ 31.131395940191407, -22.843757017180302 ], [ 31.130040062177155, -22.841736380870657 ], [ 31.127454141743168, -22.839186547972979 ], [ 31.126470652417265, -22.836303362569307 ], [ 31.124687597017402, -22.833473969487478 ], [ 31.127429475063789, -22.831736309697753 ], [ 31.129475761796751, -22.830279397910008 ], [ 31.131868595196757, -22.829837911975062 ], [ 31.135248996441586, -22.828414625534059 ], [ 31.137888945264208, -22.826991638110869 ], [ 31.139911725499164, -22.825100852278052 ], [ 31.141635138017868, -22.823730302572145 ], [ 31.143964723172807, -22.82219522016841 ], [ 31.145497619388934, -22.821219738224546 ], [ 31.148749814297318, -22.820607381541791 ], [ 31.149982613607101, -22.821651161209157 ], [ 31.150725725851444, -22.823610342414455 ], [ 31.149621525896695, -22.824581825425735 ], [ 31.14845337202453, -22.825958921046372 ], [ 31.146306386246778, -22.827676799483577 ], [ 31.14501516626191, -22.829503949139944 ], [ 31.144218658281055, -22.830767942745471 ], [ 31.143915422639758, -22.833012954274896 ], [ 31.144227135393429, -22.834452405430056 ], [ 31.144591477323015, -22.835603499737328 ], [ 31.147115690212324, -22.836255985531047 ], [ 31.149209065322275, -22.835630150055891 ], [ 31.152396458916751, -22.834791225982151 ], [ 31.154728201925614, -22.833824927967445 ], [ 31.157310135537262, -22.833087247994804 ], [ 31.161615440898291, -22.832423611730125 ], [ 31.16394519650493, -22.832324065645771 ], [ 31.167754364024137, -22.833785710440381 ], [ 31.169785592053298, -22.834883686789432 ], [ 31.173291624412919, -22.835709592642878 ], [ 31.175994482416108, -22.836128886158466 ], [ 31.179194396306123, -22.835804294362447 ], [ 31.180972587779227, -22.836158744870293 ], [ 31.184656047185989, -22.835369982919357 ], [ 31.186500433269874, -22.834406680869364 ], [ 31.188522524290985, -22.833264768399875 ], [ 31.189693176835686, -22.832411156687442 ], [ 31.190855077765406, -22.830744693726359 ], [ 31.190857513588327, -22.829823613310165 ], [ 31.188267959223484, -22.828945311679131 ], [ 31.185626625118939, -22.828301171530715 ], [ 31.183474027127716, -22.827536137515246 ], [ 31.180771626968813, -22.82562696119145 ], [ 31.178682110001112, -22.824519429733673 ], [ 31.176897944310348, -22.822431050709167 ], [ 31.175597110559931, -22.819896668575431 ], [ 31.175230743989246, -22.817418135202395 ], [ 31.176635080593396, -22.814372895375506 ], [ 31.179580357521765, -22.811914167624295 ], [ 31.183942201422447, -22.809868868311355 ], [ 31.187379589940068, -22.807009217736688 ], [ 31.193693191227528, -22.803188748079062 ], [ 31.195909525337331, -22.8020489109423 ], [ 31.197688291495286, -22.800849911230891 ], [ 31.199655751515479, -22.80011357805521 ], [ 31.202002408670118, -22.799426649187541 ], [ 31.202986076717863, -22.800918749428892 ], [ 31.203666911911828, -22.802479676534016 ], [ 31.203980045281622, -22.803855847722549 ], [ 31.205828149060896, -22.807028322049756 ], [ 31.206443867574784, -22.809103247653848 ], [ 31.20761178493742, -22.812900187381175 ], [ 31.209092974015476, -22.816583244749218 ], [ 31.209833861792294, -22.818776963984586 ], [ 31.211868930929921, -22.82108454833957 ], [ 31.216291568034976, -22.822588050458418 ], [ 31.221074710680629, -22.824095460932313 ], [ 31.224882782197678, -22.823424526250161 ], [ 31.229357848739316, -22.822399689152181 ], [ 31.232673694738885, -22.822120438960127 ], [ 31.238798542797461, -22.820066069757441 ], [ 31.240769003529557, -22.81910349960884 ], [ 31.242052753130867, -22.819271191128074 ], [ 31.242854836918877, -22.821293876946889 ], [ 31.244643046747264, -22.82238824002296 ], [ 31.248140406586334, -22.823149193678415 ], [ 31.250964366499588, -22.824769625591784 ], [ 31.254213752601093, -22.825121346101454 ], [ 31.256187570713173, -22.827716716539204 ], [ 31.257177302899194, -22.831854579549642 ], [ 31.256389208944363, -22.835593690456619 ], [ 31.254735067110975, -22.83771584081234 ], [ 31.252465713820879, -22.837654826489253 ], [ 31.25148415861003, -22.838222013231018 ], [ 31.252352114885134, -22.84197024149158 ], [ 31.253898267046264, -22.844497735363685 ], [ 31.254878318124472, -22.846341710035485 ], [ 31.256610245707527, -22.848826064665815 ], [ 31.255517098425127, -22.852787582788377 ], [ 31.252948062040215, -22.857094116565886 ], [ 31.249767650206444, -22.863470921039735 ], [ 31.247627623412903, -22.866969307597589 ], [ 31.245545714178739, -22.869727788675494 ], [ 31.246292421464538, -22.873808833625908 ], [ 31.247280459418505, -22.878073148251335 ], [ 31.252340884560052, -22.888550196259423 ], [ 31.252902031308629, -22.893441932152413 ], [ 31.250100990562029, -22.900563354181529 ], [ 31.24728074663242, -22.903087924481181 ], [ 31.243666304531107, -22.905206314177928 ], [ 31.240602181804086, -22.907728056599439 ], [ 31.23986227781058, -22.90916474895154 ], [ 31.238944698039862, -22.910771047377629 ], [ 31.237483703996531, -22.915197870403887 ], [ 31.238475229296345, -22.91692467636636 ], [ 31.239885216826263, -22.918710299660365 ], [ 31.242217372646625, -22.919296029522975 ], [ 31.245729427031996, -22.921375780057645 ], [ 31.250950015861196, -22.924034186422841 ], [ 31.252801662328118, -22.924849267780168 ], [ 31.255325375731356, -22.928760179274189 ], [ 31.256570620724979, -22.936585323714652 ], [ 31.256398496554695, -22.941649590588256 ], [ 31.256475143653851, -22.945560674194486 ], [ 31.25580958763728, -22.951080068766377 ], [ 31.255459810929086, -22.957063487293897 ], [ 31.25583084943354, -22.959307148424379 ], [ 31.255958270907772, -22.962297665632619 ], [ 31.257322250790214, -22.966963402837141 ], [ 31.258374525231829, -22.969322913182552 ], [ 31.259184878359953, -22.976104734368722 ], [ 31.260484512149272, -22.980480764809556 ], [ 31.260553355698786, -22.982721098167755 ], [ 31.261046633071789, -22.984568745999855 ], [ 31.253927520606595, -22.986766138362924 ], [ 31.251719266904026, -22.989342572957291 ], [ 31.25031055535468, -22.991178273748368 ], [ 31.249022651379057, -22.993475850995182 ], [ 31.249702823055582, -22.995948696959495 ], [ 31.250695606049373, -22.99763030977973 ], [ 31.253477083973983, -22.999792211925168 ], [ 31.253574013027983, -23.002114122416391 ], [ 31.252605007341934, -23.004641003486196 ], [ 31.251930476211783, -23.005509515923286 ], [ 31.2494723994288, -23.006249947706916 ], [ 31.247259659045977, -23.006875660028712 ], [ 31.244932132326898, -23.008078018176921 ], [ 31.243406891393057, -23.009849133702073 ], [ 31.240895462612031, -23.01318960506617 ], [ 31.239982431738667, -23.015888590305895 ], [ 31.23839242504955, -23.018878037515908 ], [ 31.235759285931259, -23.021052128494038 ], [ 31.233303074817979, -23.022370256489985 ], [ 31.23029677207434, -23.023971164879079 ], [ 31.228094088618729, -23.025292041741512 ], [ 31.22501506314568, -23.024986616065604 ], [ 31.222246629111307, -23.024061525034032 ], [ 31.220955987036646, -23.023532286387404 ], [ 31.220333980033118, -23.021863702004808 ], [ 31.220011584139762, -23.018925202858412 ], [ 31.220679670499617, -23.017081487970326 ], [ 31.220489208178702, -23.01449665661174 ], [ 31.220108210233303, -23.012307019155561 ], [ 31.218877182733443, -23.009475691519452 ], [ 31.216962309807293, -23.008207941544189 ], [ 31.215608179099348, -23.006585276477285 ], [ 31.215477062328837, -23.004687419331834 ], [ 31.215346169285436, -23.002031012455934 ], [ 31.216131946264266, -22.999393964720944 ], [ 31.216799968511999, -22.997550259163088 ], [ 31.217955697150099, -22.994962515281117 ], [ 31.219495365604335, -22.993589150613083 ], [ 31.220403546687049, -22.989788525489097 ], [ 31.22088829176468, -22.987780188691261 ], [ 31.222174407846449, -22.986394912944316 ], [ 31.222038646634623, -22.984099662476535 ], [ 31.220065689135669, -22.982822281078036 ], [ 31.217546468304175, -22.982297286716861 ], [ 31.215148822481503, -22.98217096043026 ], [ 31.212633330504548, -22.982106481399917 ], [ 31.210114155338506, -22.98232186276072 ], [ 31.207953545221535, -22.981972346003442 ], [ 31.206476547699971, -22.980817806694503 ], [ 31.205484469415161, -22.978395465153543 ], [ 31.204681787119341, -22.974927741297364 ], [ 31.203439233596477, -22.97227679248515 ], [ 31.202881672915641, -22.969452996072338 ], [ 31.202371332077224, -22.966747128310093 ], [ 31.202241950918239, -22.964731888003403 ], [ 31.203036707080329, -22.962889671244785 ], [ 31.203770553002144, -22.961227366599509 ], [ 31.203644816912693, -22.959672716236039 ], [ 31.203207081419432, -22.95811453055785 ], [ 31.200131431804035, -22.95620133144768 ], [ 31.198587182233442, -22.955732278048536 ], [ 31.196195959873666, -22.955894734133174 ], [ 31.194353521851326, -22.956587164073017 ], [ 31.192881594107295, -22.958015252618026 ], [ 31.190735920136206, -22.959507881900677 ], [ 31.189270776885945, -22.960421281215325 ], [ 31.187795864315195, -22.961334554181484 ], [ 31.184848406643003, -22.962249020766809 ], [ 31.182453205433532, -22.96270018658408 ], [ 31.180430072036756, -22.963038192115036 ], [ 31.177909666619872, -22.963370456829345 ], [ 31.175082993437741, -22.963997154809654 ], [ 31.172253588370566, -22.964100013785593 ], [ 31.171205503749718, -22.962995264631623 ], [ 31.170527424069224, -22.961208479055013 ], [ 31.170032300819056, -22.959595377878195 ], [ 31.169409198427985, -22.957348679436663 ], [ 31.169650064131957, -22.955391891709798 ], [ 31.169523477119483, -22.953205105267873 ], [ 31.16987630980249, -22.950897427307911 ], [ 31.170673582958692, -22.948892872917927 ], [ 31.171832516258277, -22.946820239092997 ], [ 31.171458286654708, -22.944919565732011 ], [ 31.170963722439605, -22.943992775222728 ], [ 31.169487785217509, -22.942088422893711 ], [ 31.168003380800407, -22.940816080335871 ], [ 31.167629725949389, -22.939601708167565 ], [ 31.167808916260704, -22.937878994064071 ], [ 31.168603607908441, -22.93678647367835 ], [ 31.169894195224469, -22.935067548061106 ], [ 31.171669970740897, -22.933516745746726 ], [ 31.173380919162462, -22.93243475091192 ], [ 31.174115772709762, -22.930709387752653 ], [ 31.17386220517669, -22.929261620817918 ], [ 31.173434211579153, -22.928462028755693 ], [ 31.172020563869374, -22.927009935880683 ], [ 31.170908998045199, -22.925570343116593 ], [ 31.168625337822128, -22.924297832087277 ], [ 31.166042373201716, -22.923536559375588 ], [ 31.163891861153445, -22.923240792647132 ], [ 31.160941230045619, -22.922998942263373 ], [ 31.158489780723325, -22.923331735243138 ], [ 31.156100319788173, -22.924125752597554 ], [ 31.154437972257551, -22.925217155450973 ], [ 31.151556740794089, -22.927043859697388 ], [ 31.149472845477067, -22.928301870801622 ], [ 31.147699242003952, -22.929680866639305 ], [ 31.145240183855787, -22.931277586529347 ], [ 31.142792559576272, -22.933461361437189 ], [ 31.140957992098581, -22.935011133822563 ], [ 31.139054772636403, -22.937300552011962 ], [ 31.138204309162187, -22.939602300150067 ], [ 31.137231394349008, -22.942299931234498 ], [ 31.135821971339173, -22.944829881550135 ], [ 31.134236798268105, -22.946662426945061 ], [ 31.132207512004602, -22.947460288337364 ], [ 31.130182174475379, -22.9479692045687 ], [ 31.127971469772369, -22.948484936509114 ], [ 31.125513916584655, -22.949223472512351 ], [ 31.123975236412718, -22.949792237911254 ], [ 31.122197235574905, -22.951450796957342 ], [ 31.120794545772032, -22.953465954841114 ], [ 31.118096149617216, -22.956097831987915 ], [ 31.116687725495041, -22.957814885904881 ], [ 31.113378689390924, -22.960168515849272 ], [ 31.110677868031786, -22.960849729520714 ], [ 31.108342662904114, -22.961183086659798 ], [ 31.106011473748545, -22.961227495574789 ], [ 31.103433320124651, -22.962199008561601 ], [ 31.102088867182573, -22.964205643675577 ], [ 31.100865447045155, -22.966620065310245 ], [ 31.099511916314601, -22.968572384257669 ], [ 31.098598902583564, -22.971098864269766 ], [ 31.099896015695908, -22.972486980523907 ], [ 31.101925167440513, -22.973134366066663 ], [ 31.103524557631481, -22.973830764380693 ], [ 31.10574152997906, -22.974299750092154 ], [ 31.1093641774779, -22.97397277897171 ], [ 31.112064608163237, -22.974041092387036 ], [ 31.116608927919103, -22.974059043542592 ], [ 31.119930914622426, -22.97361086437477 ], [ 31.12159630031416, -22.97447943975774 ], [ 31.122022496643709, -22.97610087499358 ], [ 31.121356590964236, -22.977709365355118 ], [ 31.119945586327908, -22.97959797479913 ], [ 31.119707317573049, -22.982015204819014 ], [ 31.120329410461629, -22.983575757745566 ], [ 31.120089383729226, -22.985415042473498 ], [ 31.119791088705881, -22.98864426340748 ], [ 31.118564473114496, -22.99058921988312 ], [ 31.116791457015882, -22.992545728523137 ], [ 31.114948842285582, -22.995296028578661 ], [ 31.114035012238112, -22.997885796462256 ], [ 31.113738066146094, -23.000302306109695 ], [ 31.113991275422823, -23.002436407857346 ], [ 31.115414429703385, -23.005315872577928 ], [ 31.116337497881233, -23.007683695357766 ], [ 31.118250562697884, -23.009711115224654 ], [ 31.120345389442296, -23.009889515745009 ], [ 31.123357035766233, -23.010078761331187 ], [ 31.125816144664366, -23.010721941464354 ], [ 31.128154839773238, -23.010903127266651 ], [ 31.130251958068925, -23.013040950683759 ], [ 31.131670536390793, -23.015577093532144 ], [ 31.133275418311801, -23.018756558988166 ], [ 31.134332642702692, -23.022037915278776 ], [ 31.135748152767249, -23.024808773975288 ], [ 31.1372372374659, -23.028618947785176 ], [ 31.139097419911025, -23.033119763166564 ], [ 31.14064391330702, -23.035603164475891 ], [ 31.142429420570888, -23.037737187303012 ], [ 31.14403455749208, -23.040221249104111 ], [ 31.147234518982238, -23.0416765014267 ], [ 31.150622858147774, -23.042203794227877 ], [ 31.154431187059341, -23.041986418039482 ], [ 31.156767737998027, -23.041652467843946 ], [ 31.158122305147636, -23.0432124063401 ], [ 31.160096935876336, -23.045818018208458 ], [ 31.162019499931315, -23.049389228975894 ], [ 31.165280755643529, -23.05067327551652 ], [ 31.170847940227336, -23.048850487863042 ], [ 31.168360699311513, -23.053101987838613 ], [ 31.16799660775721, -23.054768348297731 ], [ 31.169670234562403, -23.056566681642309 ], [ 31.171388061172102, -23.057263829864411 ], [ 31.175269902041169, -23.058139474812389 ], [ 31.177732149900773, -23.059359871222821 ], [ 31.180371245588955, -23.059769549939812 ], [ 31.183883361568391, -23.05984607307656 ], [ 31.187324162637932, -23.060147455827735 ], [ 31.190960713854224, -23.061137303333048 ], [ 31.193426782874901, -23.062818050796928 ], [ 31.196141080587871, -23.065648438406498 ], [ 31.198790191379441, -23.068252284708446 ], [ 31.201320865281854, -23.070963105650794 ], [ 31.205392364174422, -23.075244610950413 ], [ 31.208045788348219, -23.077550367749076 ], [ 31.210940206859366, -23.079353118348767 ], [ 31.214577616418399, -23.079592949953437 ], [ 31.218383205226271, -23.078922534331493 ], [ 31.223354269546753, -23.076459074279498 ], [ 31.226490967529649, -23.074688259004102 ], [ 31.233484527827638, -23.072779949387726 ], [ 31.232057508274185, -23.078164140400069 ], [ 31.231038738531762, -23.081430751024435 ], [ 31.229964370185218, -23.083721450766028 ], [ 31.22748634249918, -23.085120446504408 ], [ 31.224811569275566, -23.087375069387246 ], [ 31.22230980337255, -23.091311228235405 ], [ 31.221722494990072, -23.09440200924913 ], [ 31.223050264410585, -23.096611327728773 ], [ 31.225355439280431, -23.099472782591867 ], [ 31.227360580635278, -23.101400714910962 ], [ 31.229808676461158, -23.103053653834113 ], [ 31.232125503152222, -23.10429872184805 ], [ 31.233888994431986, -23.106801812323322 ], [ 31.233795699555074, -23.10945568614412 ], [ 31.232649191899863, -23.112766007016518 ], [ 31.230509839280423, -23.116588938663337 ], [ 31.228507103417162, -23.11966385288078 ], [ 31.225768416697939, -23.122269912594472 ], [ 31.222550327100368, -23.124942757563339 ], [ 31.216570585959847, -23.123800638420704 ], [ 31.213618551777667, -23.123324741827219 ], [ 31.210656602034661, -23.123598188295581 ], [ 31.206900802844547, -23.124097339333222 ], [ 31.204510223161435, -23.124720313039028 ], [ 31.201366379739735, -23.125452051405908 ], [ 31.199030591472265, -23.126355500366369 ], [ 31.196010314841345, -23.12806379946154 ], [ 31.193674053735222, -23.129725693766005 ], [ 31.19188842828531, -23.131095870972672 ], [ 31.190726841301274, -23.13252737016537 ], [ 31.190853723900581, -23.134714125182384 ], [ 31.194560131661451, -23.13574090916611 ], [ 31.189134702573348, -23.138387718362555 ], [ 31.186298272756009, -23.139465810999738 ], [ 31.184580262968584, -23.140150381354935 ], [ 31.182676518631862, -23.141573260520961 ], [ 31.179721233089293, -23.142767248840446 ], [ 31.177445059528026, -23.143562680058942 ], [ 31.175590653962264, -23.143496071274367 ], [ 31.17442324547314, -23.142453120730028 ], [ 31.172820433728745, -23.141116151930216 ], [ 31.17102619303455, -23.139497014216875 ], [ 31.169558567539656, -23.139714757920892 ], [ 31.168259554576743, -23.140458191831861 ], [ 31.166656277492699, -23.141315465812013 ], [ 31.164447669770627, -23.142165672798694 ], [ 31.162167492918272, -23.143249793903571 ], [ 31.159461645967294, -23.144039947321712 ], [ 31.157427571124593, -23.144259987033891 ], [ 31.154285186610295, -23.144123881474066 ], [ 31.151395911657669, -23.144044863051953 ], [ 31.149610962263932, -23.144610863582361 ], [ 31.147208230060745, -23.144654870418929 ], [ 31.144682747385659, -23.145103744660339 ], [ 31.141854021090008, -23.146298489755285 ], [ 31.139633815087119, -23.147265588201254 ], [ 31.136860038318197, -23.147305052877595 ], [ 31.135632236745309, -23.1471189604407 ], [ 31.133348617140967, -23.145611011824077 ], [ 31.131377343803937, -23.143411431336961 ], [ 31.129780494373524, -23.141676799726508 ], [ 31.127313696574873, -23.139308753764286 ], [ 31.126012764310893, -23.135961246990021 ], [ 31.12582490415279, -23.132617939096754 ], [ 31.125885963785322, -23.129629756908408 ], [ 31.124150730561578, -23.12662924255584 ], [ 31.12353513008118, -23.123858758298987 ], [ 31.122490138740943, -23.121778465241597 ], [ 31.11805029381172, -23.119513212499218 ], [ 31.114787192159685, -23.11828229166376 ], [ 31.112009996089522, -23.118610265953585 ], [ 31.108812304062251, -23.118987327955139 ], [ 31.106047129320988, -23.119152801904931 ], [ 31.102532998684492, -23.119814889774101 ], [ 31.10007291618281, -23.120498629553243 ], [ 31.09762371562168, -23.11902432830323 ] ] ] ] } },
{ "type": "Feature", "properties": { "OBJECTID": 69, "LSCAP_ID": 11, "ZONE10": 5, "ZONE17": 7, "Z17CODE": "P", "LANDSCAPE": "Tsende Sandveld", "LABEL": "11: Tsende Sandveld", "ALLIANCES_": 7, "ALLIANCES": "07: Granitic plains with Colophospermum mopane bush savanna", "AREA_HA": 11369.925, "PERIMETER_": 65.645, "PERIMETE_1": 65.643 }, "geometry": { "type": "MultiPolygon", "coordinates": [ [ [ [ 31.253477083973983, -22.999792211925168 ], [ 31.25583424771699, -23.000062017143055 ], [ 31.256945557908811, -23.000877970742437 ], [ 31.25791950547756, -23.000997055416743 ], [ 31.25902780194594, -23.00128919146978 ], [ 31.259517094470358, -23.001168143119283 ], [ 31.261417471665709, -23.000547852486616 ], [ 31.261730389514206, -23.000488074167695 ], [ 31.262768755929194, -23.000147278535124 ], [ 31.263938582015996, -23.000205261202158 ], [ 31.26522545028849, -23.000264517575943 ], [ 31.266266178549696, -23.000501679817145 ], [ 31.267123278172399, -23.00136896486524 ], [ 31.270128984243385, -23.003569166457034 ], [ 31.271185266426723, -23.00641630143534 ], [ 31.270456711563561, -23.009234909306176 ], [ 31.269541486381367, -23.01291840377711 ], [ 31.269260229047735, -23.021196340311715 ], [ 31.269628412377678, -23.022925200749672 ], [ 31.270621397980861, -23.026918526725765 ], [ 31.271450281625391, -23.031542192194866 ], [ 31.271271878810694, -23.032524571235104 ], [ 31.270053665089467, -23.034705671850229 ], [ 31.268212926335842, -23.03596786214985 ], [ 31.266678403977568, -23.036935378447414 ], [ 31.264721225492984, -23.038142065324124 ], [ 31.263063560015503, -23.039577778654245 ], [ 31.261040337273851, -23.040603080668888 ], [ 31.258523808431146, -23.041288795000575 ], [ 31.256671978761133, -23.040365341707947 ], [ 31.255072439415787, -23.039553017630087 ], [ 31.253232927036446, -23.039948110818909 ], [ 31.250652711363074, -23.041030335141084 ], [ 31.248075438638583, -23.042636313804799 ], [ 31.245560505384447, -23.043944934257521 ], [ 31.243045408316142, -23.045262540613319 ], [ 31.239965321371809, -23.04650157213554 ], [ 31.237100065077261, -23.045476303715734 ], [ 31.233200634075214, -23.045938478231054 ], [ 31.229305520730026, -23.044576465989728 ], [ 31.225896771221564, -23.041847202377404 ], [ 31.222972124983951, -23.038671793665113 ], [ 31.219550193619952, -23.035481708875633 ], [ 31.216010770913673, -23.033075872499595 ], [ 31.211124878362167, -23.026247935804026 ], [ 31.209905123972021, -23.023308309304685 ], [ 31.204549811652303, -23.021035199944691 ], [ 31.202120570210599, -23.02103470776828 ], [ 31.199682860254221, -23.022406688433289 ], [ 31.193850150658925, -23.027424264059352 ], [ 31.18996713345614, -23.031073262040351 ], [ 31.180239106884692, -23.042014638257619 ], [ 31.178211646833599, -23.045485982467312 ], [ 31.17637155703483, -23.046629664278964 ], [ 31.174828751708969, -23.047433608033586 ], [ 31.17360751029403, -23.047545926574077 ], [ 31.172804326175068, -23.047771430260319 ], [ 31.172382489312714, -23.047938127576309 ], [ 31.171519909699072, -23.0482261490776 ], [ 31.170847940227336, -23.048850487863042 ], [ 31.165280755643529, -23.05067327551652 ], [ 31.162019499931315, -23.049389228975894 ], [ 31.160096935876336, -23.045818018208458 ], [ 31.158122305147636, -23.0432124063401 ], [ 31.156767737998027, -23.041652467843946 ], [ 31.154431187059341, -23.041986418039482 ], [ 31.150622858147774, -23.042203794227877 ], [ 31.147234518982238, -23.0416765014267 ], [ 31.14403455749208, -23.040221249104111 ], [ 31.142429420570888, -23.037737187303012 ], [ 31.14064391330702, -23.035603164475891 ], [ 31.139097419911025, -23.033119763166564 ], [ 31.1372372374659, -23.028618947785176 ], [ 31.135748152767249, -23.024808773975288 ], [ 31.134332642702692, -23.022037915278776 ], [ 31.133275418311801, -23.018756558988166 ], [ 31.131670536390793, -23.015577093532144 ], [ 31.130251958068925, -23.013040950683759 ], [ 31.128154839773238, -23.010903127266651 ], [ 31.125816144664366, -23.010721941464354 ], [ 31.123357035766233, -23.010078761331187 ], [ 31.120345389442296, -23.009889515745009 ], [ 31.118250562697884, -23.009711115224654 ], [ 31.116337497881233, -23.007683695357766 ], [ 31.115414429703385, -23.005315872577928 ], [ 31.113991275422823, -23.002436407857346 ], [ 31.113738066146094, -23.000302306109695 ], [ 31.114035012238112, -22.997885796462256 ], [ 31.114948842285582, -22.995296028578661 ], [ 31.116791457015882, -22.992545728523137 ], [ 31.118564473114496, -22.99058921988312 ], [ 31.119791088705881, -22.98864426340748 ], [ 31.120089383729226, -22.985415042473498 ], [ 31.120329410461629, -22.983575757745566 ], [ 31.119707317573049, -22.982015204819014 ], [ 31.119945586327908, -22.97959797479913 ], [ 31.121356590964236, -22.977709365355118 ], [ 31.122022496643709, -22.97610087499358 ], [ 31.12159630031416, -22.97447943975774 ], [ 31.119930914622426, -22.97361086437477 ], [ 31.116608927919103, -22.974059043542592 ], [ 31.112064608163237, -22.974041092387036 ], [ 31.1093641774779, -22.97397277897171 ], [ 31.10574152997906, -22.974299750092154 ], [ 31.103524557631481, -22.973830764380693 ], [ 31.101925167440513, -22.973134366066663 ], [ 31.099896015695908, -22.972486980523907 ], [ 31.098598902583564, -22.971098864269766 ], [ 31.099511916314601, -22.968572384257669 ], [ 31.100865447045155, -22.966620065310245 ], [ 31.102088867182573, -22.964205643675577 ], [ 31.103433320124651, -22.962199008561601 ], [ 31.106011473748545, -22.961227495574789 ], [ 31.108342662904114, -22.961183086659798 ], [ 31.110677868031786, -22.960849729520714 ], [ 31.113378689390924, -22.960168515849272 ], [ 31.116687725495041, -22.957814885904881 ], [ 31.118096149617216, -22.956097831987915 ], [ 31.120794545772032, -22.953465954841114 ], [ 31.122197235574905, -22.951450796957342 ], [ 31.123975236412718, -22.949792237911254 ], [ 31.125513916584655, -22.949223472512351 ], [ 31.127971469772369, -22.948484936509114 ], [ 31.130182174475379, -22.9479692045687 ], [ 31.132207512004602, -22.947460288337364 ], [ 31.134236798268105, -22.946662426945061 ], [ 31.135821971339173, -22.944829881550135 ], [ 31.137231394349008, -22.942299931234498 ], [ 31.138204309162187, -22.939602300150067 ], [ 31.139054772636403, -22.937300552011962 ], [ 31.140957992098581, -22.935011133822563 ], [ 31.142792559576272, -22.933461361437189 ], [ 31.145240183855787, -22.931277586529347 ], [ 31.147699242003952, -22.929680866639305 ], [ 31.149472845477067, -22.928301870801622 ], [ 31.151556740794089, -22.927043859697388 ], [ 31.154437972257551, -22.925217155450973 ], [ 31.156100319788173, -22.924125752597554 ], [ 31.158489780723325, -22.923331735243138 ], [ 31.160941230045619, -22.922998942263373 ], [ 31.163891861153445, -22.923240792647132 ], [ 31.166042373201716, -22.923536559375588 ], [ 31.168625337822128, -22.924297832087277 ], [ 31.170908998045199, -22.925570343116593 ], [ 31.172020563869374, -22.927009935880683 ], [ 31.173434211579153, -22.928462028755693 ], [ 31.17386220517669, -22.929261620817918 ], [ 31.174115772709762, -22.930709387752653 ], [ 31.173380919162462, -22.93243475091192 ], [ 31.171669970740897, -22.933516745746726 ], [ 31.169894195224469, -22.935067548061106 ], [ 31.168603607908441, -22.93678647367835 ], [ 31.167808916260704, -22.937878994064071 ], [ 31.167629725949389, -22.939601708167565 ], [ 31.168003380800407, -22.940816080335871 ], [ 31.169487785217509, -22.942088422893711 ], [ 31.170963722439605, -22.943992775222728 ], [ 31.171458286654708, -22.944919565732011 ], [ 31.171832516258277, -22.946820239092997 ], [ 31.170673582958692, -22.948892872917927 ], [ 31.16987630980249, -22.950897427307911 ], [ 31.169523477119483, -22.953205105267873 ], [ 31.169650064131957, -22.955391891709798 ], [ 31.169409198427985, -22.957348679436663 ], [ 31.170032300819056, -22.959595377878195 ], [ 31.170527424069224, -22.961208479055013 ], [ 31.171205503749718, -22.962995264631623 ], [ 31.172253588370566, -22.964100013785593 ], [ 31.175082993437741, -22.963997154809654 ], [ 31.177909666619872, -22.963370456829345 ], [ 31.180430072036756, -22.963038192115036 ], [ 31.182453205433532, -22.96270018658408 ], [ 31.184848406643003, -22.962249020766809 ], [ 31.187795864315195, -22.961334554181484 ], [ 31.189270776885945, -22.960421281215325 ], [ 31.190735920136206, -22.959507881900677 ], [ 31.192881594107295, -22.958015252618026 ], [ 31.194353521851326, -22.956587164073017 ], [ 31.196195959873666, -22.955894734133174 ], [ 31.198587182233442, -22.955732278048536 ], [ 31.200131431804035, -22.95620133144768 ], [ 31.203207081419432, -22.95811453055785 ], [ 31.203644816912693, -22.959672716236039 ], [ 31.203770553002144, -22.961227366599509 ], [ 31.203036707080329, -22.962889671244785 ], [ 31.202241950918239, -22.964731888003403 ], [ 31.202371332077224, -22.966747128310093 ], [ 31.202881672915641, -22.969452996072338 ], [ 31.203439233596477, -22.97227679248515 ], [ 31.204681787119341, -22.974927741297364 ], [ 31.205484469415161, -22.978395465153543 ], [ 31.206476547699971, -22.980817806694503 ], [ 31.207953545221535, -22.981972346003442 ], [ 31.210114155338506, -22.98232186276072 ], [ 31.212633330504548, -22.982106481399917 ], [ 31.215148822481503, -22.98217096043026 ], [ 31.217546468304175, -22.982297286716861 ], [ 31.220065689135669, -22.982822281078036 ], [ 31.222038646634623, -22.984099662476535 ], [ 31.222174407846449, -22.986394912944316 ], [ 31.22088829176468, -22.987780188691261 ], [ 31.220403546687049, -22.989788525489097 ], [ 31.219495365604335, -22.993589150613083 ], [ 31.217955697150099, -22.994962515281117 ], [ 31.216799968511999, -22.997550259163088 ], [ 31.216131946264266, -22.999393964720944 ], [ 31.215346169285436, -23.002031012455934 ], [ 31.215477062328837, -23.004687419331834 ], [ 31.215608179099348, -23.006585276477285 ], [ 31.216962309807293, -23.008207941544189 ], [ 31.218877182733443, -23.009475691519452 ], [ 31.220108210233303, -23.012307019155561 ], [ 31.220489208178702, -23.01449665661174 ], [ 31.220679670499617, -23.017081487970326 ], [ 31.220011584139762, -23.018925202858412 ], [ 31.220333980033118, -23.021863702004808 ], [ 31.220955987036646, -23.023532286387404 ], [ 31.222246629111307, -23.024061525034032 ], [ 31.22501506314568, -23.024986616065604 ], [ 31.228094088618729, -23.025292041741512 ], [ 31.23029677207434, -23.023971164879079 ], [ 31.233303074817979, -23.022370256489985 ], [ 31.235759285931259, -23.021052128494038 ], [ 31.23839242504955, -23.018878037515908 ], [ 31.239982431738667, -23.015888590305895 ], [ 31.240895462612031, -23.01318960506617 ], [ 31.243406891393057, -23.009849133702073 ], [ 31.244932132326898, -23.008078018176921 ], [ 31.247259659045977, -23.006875660028712 ], [ 31.2494723994288, -23.006249947706916 ], [ 31.251930476211783, -23.005509515923286 ], [ 31.252605007341934, -23.004641003486196 ], [ 31.253574013027983, -23.002114122416391 ], [ 31.253477083973983, -22.999792211925168 ] ] ] ] } },
{ "type": "Feature", "properties": { "OBJECTID": 70, "LSCAP_ID": 11, "ZONE10": 5, "ZONE17": 7, "Z17CODE": "P", "LANDSCAPE": "Tsende Sandveld", "LABEL": "11: Tsende Sandveld", "ALLIANCES_": 7, "ALLIANCES": "07: Granitic plains with Colophospermum mopane bush savanna", "AREA_HA": 1697.45, "PERIMETER_": 25.52, "PERIMETE_1": 25.516 }, "geometry": { "type": "MultiPolygon", "coordinates": [ [ [ [ 30.926238276161566, -22.982589711023682 ], [ 30.943016400429233, -22.929444584427987 ], [ 30.944445387342075, -22.930357014905368 ], [ 30.945947539832201, -22.932236532297864 ], [ 30.946488432900257, -22.935801137972103 ], [ 30.947408454766403, -22.938792762569843 ], [ 30.948643388380059, -22.940298595316147 ], [ 30.949869099570886, -22.940476969779148 ], [ 30.95208153733067, -22.939223360051194 ], [ 30.956371031207258, -22.937933277705671 ], [ 30.958708325452815, -22.936798560653571 ], [ 30.96177632611899, -22.935041128626732 ], [ 30.964358445409236, -22.934478326856759 ], [ 30.96638163576657, -22.934784184359671 ], [ 30.967488118210834, -22.935764521676067 ], [ 30.967058533388101, -22.939722983138019 ], [ 30.965271208752455, -22.941894244404992 ], [ 30.961958730637253, -22.944343867512789 ], [ 30.958027025790312, -22.945819287625593 ], [ 30.95470962705495, -22.947284468612015 ], [ 30.95108349156407, -22.948528880438495 ], [ 30.947706520329429, -22.950056342352219 ], [ 30.944819053164135, -22.952736809592995 ], [ 30.945185498492467, -22.956877036974763 ], [ 30.946538693405717, -22.956370860698705 ], [ 30.95089774638468, -22.954386597325108 ], [ 30.953660421055599, -22.952219083966312 ], [ 30.955264734046569, -22.950569325285809 ], [ 30.958145448914344, -22.948972103419784 ], [ 30.960483612507392, -22.949742606719322 ], [ 30.962933252451009, -22.95153484276593 ], [ 30.964592323051061, -22.955339508534678 ], [ 30.965881602896474, -22.956493771058181 ], [ 30.97084753356388, -22.95629554294629 ], [ 30.976321195477258, -22.95604946163629 ], [ 30.979506841016892, -22.956234559517689 ], [ 30.983190299363212, -22.957699096681147 ], [ 30.982327864677703, -22.960622734816827 ], [ 30.980613806681149, -22.962451971651294 ], [ 30.979258907282201, -22.963075805342562 ], [ 30.977353630718625, -22.965299864419688 ], [ 30.976497991511529, -22.966444725480436 ], [ 30.97538374226108, -22.967929400144563 ], [ 30.973296938433652, -22.969239100401236 ], [ 30.970171069606945, -22.970255551182952 ], [ 30.967900096936653, -22.970181301970324 ], [ 30.965928797443091, -22.970282427077766 ], [ 30.964025078243104, -22.971079666192264 ], [ 30.962180786929608, -22.973764806210955 ], [ 30.96181191643009, -22.975602075270139 ], [ 30.961262384750082, -22.977780137940673 ], [ 30.959969105256594, -22.980129211565483 ], [ 30.95769601393701, -22.982131553388161 ], [ 30.954922900788269, -22.98365787291123 ], [ 30.950809448277003, -22.983523451699678 ], [ 30.946821266326591, -22.98348987109285 ], [ 30.943752680826645, -22.981978278768018 ], [ 30.940740067420727, -22.980638916581761 ], [ 30.937554621318924, -22.979125692487532 ], [ 30.934361160514285, -22.980709375040149 ], [ 30.931896154652375, -22.981842002818702 ], [ 30.929447054084182, -22.982568477191496 ], [ 30.927688023815143, -22.982807327411471 ], [ 30.926238276161566, -22.982589711023682 ] ] ] ] } },
{ "type": "Feature", "properties": { "OBJECTID": 71, "LSCAP_ID": 12, "ZONE10": 5, "ZONE17": 8, "Z17CODE": "P", "LANDSCAPE": "Colophospermum mopane / Acacia nigrescens savanna", "LABEL": "12: Colophospermum mopane / Acacia nigrescens savanna", "ALLIANCES_": 8, "ALLIANCES": "08: Metalava plains with Colophospermum mopane tree savanna or Andesitic plains with Combretum collinum shrub savanna", "AREA_HA": 1531.415, "PERIMETER_": 17.575, "PERIMETE_1": 17.575 }, "geometry": { "type": "MultiPolygon", "coordinates": [ [ [ [ 31.239965321371809, -23.04650157213554 ], [ 31.241922299555412, -23.050596066799766 ], [ 31.239979701250018, -23.055152868843628 ], [ 31.237558844439206, -23.059704304850243 ], [ 31.233668327652495, -23.062442225061385 ], [ 31.228317467279062, -23.065642281147063 ], [ 31.225389628021986, -23.065645544391092 ], [ 31.21750123447524, -23.065123290009897 ], [ 31.214609142226038, -23.063898634422134 ], [ 31.211601771092905, -23.060324744001235 ], [ 31.208151613201576, -23.057775237472093 ], [ 31.200776057998215, -23.051018066116757 ], [ 31.197143136830849, -23.048303714013255 ], [ 31.188474746101694, -23.044177132185933 ], [ 31.183502517088019, -23.043867238334364 ], [ 31.178211646833599, -23.045485982467312 ], [ 31.180239106884692, -23.042014638257619 ], [ 31.18996713345614, -23.031073262040351 ], [ 31.193850150658925, -23.027424264059352 ], [ 31.199682860254221, -23.022406688433289 ], [ 31.202120570210599, -23.02103470776828 ], [ 31.204549811652303, -23.021035199944691 ], [ 31.209905123972021, -23.023308309304685 ], [ 31.211124878362167, -23.026247935804026 ], [ 31.216010770913673, -23.033075872499595 ], [ 31.219550193619952, -23.035481708875633 ], [ 31.222972124983951, -23.038671793665113 ], [ 31.225896771221564, -23.041847202377404 ], [ 31.229305520730026, -23.044576465989728 ], [ 31.233200634075214, -23.045938478231054 ], [ 31.237100065077261, -23.045476303715734 ], [ 31.239965321371809, -23.04650157213554 ] ] ] ] } },
{ "type": "Feature", "properties": { "OBJECTID": 72, "LSCAP_ID": 11, "ZONE10": 5, "ZONE17": 7, "Z17CODE": "P", "LANDSCAPE": "Tsende Sandveld", "LABEL": "11: Tsende Sandveld", "ALLIANCES_": 7, "ALLIANCES": "07: Granitic plains with Colophospermum mopane bush savanna", "AREA_HA": 1199.986, "PERIMETER_": 20.872, "PERIMETE_1": 20.869 }, "geometry": { "type": "MultiPolygon", "coordinates": [ [ [ [ 30.900507145035583, -23.061644410648963 ], [ 30.901971924964581, -23.057167349698073 ], [ 30.905309672126794, -23.057121337615264 ], [ 30.90822710227377, -23.057123866583556 ], [ 30.910630705952332, -23.056279833865126 ], [ 30.912470282978521, -23.055310933479962 ], [ 30.914814289186577, -23.053265161088525 ], [ 30.916590792041948, -23.051952265567021 ], [ 30.918811511779722, -23.050302086832321 ], [ 30.922244613551648, -23.049119276629934 ], [ 30.924459264253517, -23.049130314028623 ], [ 30.926179807599127, -23.049550184412769 ], [ 30.926055839336094, -23.051273146293447 ], [ 30.924645835425025, -23.052870874313314 ], [ 30.923532059028819, -23.054237719547988 ], [ 30.922487433090822, -23.056183335754074 ], [ 30.921374486189695, -23.058128044124139 ], [ 30.919347875168107, -23.061108103478769 ], [ 30.919226435421308, -23.062659530106355 ], [ 30.920209364258874, -23.06409908939413 ], [ 30.922049923149547, -23.064340010054551 ], [ 30.92451212657517, -23.063496539691254 ], [ 30.926474809600393, -23.061499759415494 ], [ 30.928568600109294, -23.058583685085441 ], [ 30.931275968542828, -23.055097736380304 ], [ 30.932817156147131, -23.053212725088674 ], [ 30.935087688197978, -23.05276385434631 ], [ 30.937733425206968, -23.053304040219306 ], [ 30.93969892055166, -23.053663759579859 ], [ 30.941660851376703, -23.053617089357061 ], [ 30.943626212039376, -23.053344706148117 ], [ 30.945352553335578, -23.054676411887431 ], [ 30.946827886128837, -23.055833282204713 ], [ 30.948478671350728, -23.056360364037207 ], [ 30.950571258781185, -23.057353656451266 ], [ 30.952961059519478, -23.058052804523378 ], [ 30.956221748659868, -23.058591626201444 ], [ 30.958125666283067, -23.059808117510229 ], [ 30.961501382929566, -23.061783992756574 ], [ 30.964879283457311, -23.062324154746083 ], [ 30.968939070303417, -23.062295130583411 ], [ 30.971275401942183, -23.062018146238604 ], [ 30.973551586977127, -23.062498827781859 ], [ 30.97157521861153, -23.068053650452772 ], [ 30.969359385479429, -23.068097417342031 ], [ 30.968933484481337, -23.067866206655701 ], [ 30.966289182118416, -23.067850244566387 ], [ 30.964265090747322, -23.06812214315827 ], [ 30.961990957104838, -23.068797111755231 ], [ 30.955594933732154, -23.070366834597216 ], [ 30.952650301347767, -23.071493480218141 ], [ 30.949938007719332, -23.072740465001026 ], [ 30.946991525930237, -23.074625437529132 ], [ 30.942191263594196, -23.077118255595547 ], [ 30.937518157009649, -23.077662253582211 ], [ 30.933276226850253, -23.0787264223138 ], [ 30.930458764216894, -23.0785360249013 ], [ 30.926396636865697, -23.077417285709299 ], [ 30.918288565754402, -23.073509315479146 ], [ 30.916207324592122, -23.068615131232661 ], [ 30.915599703126798, -23.065618449119256 ], [ 30.914979627309368, -23.065330361254144 ], [ 30.912708838532442, -23.065778921945903 ], [ 30.910249176976428, -23.067082722677345 ], [ 30.908285363108064, -23.068501398768273 ], [ 30.907176665475387, -23.06762894285713 ], [ 30.903858566053454, -23.063241924442483 ], [ 30.902109418644326, -23.0621442387976 ], [ 30.900507145035583, -23.061644410648963 ] ] ] ] } },
{ "type": "Feature", "properties": { "OBJECTID": 73, "LSCAP_ID": 11, "ZONE10": 5, "ZONE17": 7, "Z17CODE": "P", "LANDSCAPE": "Tsende Sandveld", "LABEL": "11: Tsende Sandveld", "ALLIANCES_": 7, "ALLIANCES": "07: Granitic plains with Colophospermum mopane bush savanna", "AREA_HA": 3290.185, "PERIMETER_": 26.009, "PERIMETE_1": 26.009 }, "geometry": { "type": "MultiPolygon", "coordinates": [ [ [ [ 31.233484527827638, -23.072779949387726 ], [ 31.250514478176441, -23.064562151963266 ], [ 31.26787222954794, -23.051162488093649 ], [ 31.27218353864205, -23.056664104058676 ], [ 31.272804331137458, -23.059253617256356 ], [ 31.273379013278461, -23.066222422983291 ], [ 31.274509478735894, -23.074001011143505 ], [ 31.273978647672816, -23.084235796748882 ], [ 31.275865310606182, -23.10007782908324 ], [ 31.275815893094236, -23.103183774706608 ], [ 31.273373752481497, -23.110941335202945 ], [ 31.269447613732428, -23.116388828434427 ], [ 31.268464167001419, -23.11770551027638 ], [ 31.264489265727544, -23.121599088095724 ], [ 31.261037550570446, -23.121245000257627 ], [ 31.256359499812916, -23.119838788183831 ], [ 31.253286650730839, -23.120391760601937 ], [ 31.249607790713107, -23.12475779408954 ], [ 31.250423735191621, -23.129598097328071 ], [ 31.250372111457267, -23.13207184476369 ], [ 31.24767448033181, -23.134534260382974 ], [ 31.245889162251562, -23.135164589038904 ], [ 31.242445641976296, -23.135659021987848 ], [ 31.238513802707043, -23.136906468970487 ], [ 31.237413335682845, -23.138176471807494 ], [ 31.234877707293432, -23.134951366839982 ], [ 31.233398287309974, -23.132352126214336 ], [ 31.230687942625682, -23.130551791738576 ], [ 31.227974587425049, -23.128986167669161 ], [ 31.22642992899787, -23.127650377149685 ], [ 31.223913818262737, -23.125201938885112 ], [ 31.222550327100368, -23.124942757563339 ], [ 31.225768416697939, -23.122269912594472 ], [ 31.228507103417162, -23.11966385288078 ], [ 31.230509839280423, -23.116588938663337 ], [ 31.232649191899863, -23.112766007016518 ], [ 31.233795699555074, -23.10945568614412 ], [ 31.233888994431986, -23.106801812323322 ], [ 31.232125503152222, -23.10429872184805 ], [ 31.229808676461158, -23.103053653834113 ], [ 31.227360580635278, -23.101400714910962 ], [ 31.225355439280431, -23.099472782591867 ], [ 31.223050264410585, -23.096611327728773 ], [ 31.221722494990072, -23.09440200924913 ], [ 31.22230980337255, -23.091311228235405 ], [ 31.224811569275566, -23.087375069387246 ], [ 31.22748634249918, -23.085120446504408 ], [ 31.229964370185218, -23.083721450766028 ], [ 31.231038738531762, -23.081430751024435 ], [ 31.232057508274185, -23.078164140400069 ], [ 31.233484527827638, -23.072779949387726 ] ] ] ] } },
{ "type": "Feature", "properties": { "OBJECTID": 74, "LSCAP_ID": 11, "ZONE10": 5, "ZONE17": 7, "Z17CODE": "P", "LANDSCAPE": "Tsende Sandveld", "LABEL": "11: Tsende Sandveld", "ALLIANCES_": 7, "ALLIANCES": "07: Granitic plains with Colophospermum mopane bush savanna", "AREA_HA": 127249.789, "PERIMETER_": 324.368, "PERIMETE_1": 324.363 }, "geometry": { "type": "MultiPolygon", "coordinates": [ [ [ [ 31.090136338584774, -23.14035253232468 ], [ 31.091239484283552, -23.136230248352906 ], [ 31.090804257042919, -23.131800373187502 ], [ 31.091423427433817, -23.127374233781619 ], [ 31.092092047309322, -23.12358980301595 ], [ 31.093384628163427, -23.121934919877464 ], [ 31.09762371562168, -23.11902432830323 ], [ 31.10007291618281, -23.120498629553243 ], [ 31.102532998684492, -23.119814889774101 ], [ 31.106047129320988, -23.119152801904931 ], [ 31.108812304062251, -23.118987327955139 ], [ 31.112009996089522, -23.118610265953585 ], [ 31.114787192159685, -23.11828229166376 ], [ 31.11805029381172, -23.119513212499218 ], [ 31.122490138740943, -23.121778465241597 ], [ 31.12353513008118, -23.123858758298987 ], [ 31.124150730561578, -23.12662924255584 ], [ 31.125885963785322, -23.129629756908408 ], [ 31.12582490415279, -23.132617939096754 ], [ 31.126012764310893, -23.135961246990021 ], [ 31.127313696574873, -23.139308753764286 ], [ 31.129780494373524, -23.141676799726508 ], [ 31.131377343803937, -23.143411431336961 ], [ 31.133348617140967, -23.145611011824077 ], [ 31.135632236745309, -23.1471189604407 ], [ 31.136860038318197, -23.147305052877595 ], [ 31.139633815087119, -23.147265588201254 ], [ 31.141854021090008, -23.146298489755285 ], [ 31.144682747385659, -23.145103744660339 ], [ 31.147208230060745, -23.144654870418929 ], [ 31.149610962263932, -23.144610863582361 ], [ 31.151395911657669, -23.144044863051953 ], [ 31.154285186610295, -23.144123881474066 ], [ 31.157427571124593, -23.144259987033891 ], [ 31.159461645967294, -23.144039947321712 ], [ 31.162167492918272, -23.143249793903571 ], [ 31.164447669770627, -23.142165672798694 ], [ 31.166656277492699, -23.141315465812013 ], [ 31.168259554576743, -23.140458191831861 ], [ 31.169558567539656, -23.139714757920892 ], [ 31.17102619303455, -23.139497014216875 ], [ 31.172820433728745, -23.141116151930216 ], [ 31.17442324547314, -23.142453120730028 ], [ 31.175590653962264, -23.143496071274367 ], [ 31.177445059528026, -23.143562680058942 ], [ 31.179721233089293, -23.142767248840446 ], [ 31.182676518631862, -23.141573260520961 ], [ 31.184580262968584, -23.140150381354935 ], [ 31.186298272756009, -23.139465810999738 ], [ 31.189134702573348, -23.138387718362555 ], [ 31.194560131661451, -23.13574090916611 ], [ 31.195473146040257, -23.135372096839323 ], [ 31.196517298489148, -23.13468872312745 ], [ 31.197933266795317, -23.133946381599316 ], [ 31.199036448487419, -23.133958989176303 ], [ 31.202123644070785, -23.135294578336339 ], [ 31.203854241496764, -23.137319012626197 ], [ 31.205088824183669, -23.140665221842887 ], [ 31.206021424787011, -23.144694280987114 ], [ 31.206697390827344, -23.147465217022003 ], [ 31.207075478224603, -23.152074921565468 ], [ 31.206773626767298, -23.154943087940978 ], [ 31.205794544118035, -23.158796859757857 ], [ 31.204636501413702, -23.162883365458079 ], [ 31.203347211918754, -23.16655297185509 ], [ 31.202060016537757, -23.170060043548137 ], [ 31.200892095529618, -23.174137362664602 ], [ 31.200286651792084, -23.178510064509386 ], [ 31.199188133083197, -23.183229293962615 ], [ 31.20041834353782, -23.186918633140674 ], [ 31.201847344785325, -23.189625951335163 ], [ 31.204071137978147, -23.192802870639799 ], [ 31.205738417106492, -23.195232944053007 ], [ 31.207400067096735, -23.196624470561698 ], [ 31.208570876080667, -23.198931467569825 ], [ 31.209127304167431, -23.200427779295111 ], [ 31.209073456108705, -23.202269317429593 ], [ 31.209693078936034, -23.203423201372974 ], [ 31.211908633450001, -23.205046744781402 ], [ 31.214192163305349, -23.205235234919034 ], [ 31.216845268671044, -23.206285749755569 ], [ 31.218626830889693, -23.206757449900888 ], [ 31.220483562048003, -23.207455735739501 ], [ 31.222706103022226, -23.209304969904988 ], [ 31.22399678775766, -23.210701172911136 ], [ 31.226532732065387, -23.213240192485792 ], [ 31.227338035673906, -23.215145616677365 ], [ 31.227898305045134, -23.217111486863363 ], [ 31.227771186233038, -23.218600036783968 ], [ 31.226787953563761, -23.220548500852964 ], [ 31.225622074151698, -23.221528664922602 ], [ 31.224082104862941, -23.22198084235044 ], [ 31.222852438965006, -23.223348560949319 ], [ 31.221991592406972, -23.224901044855894 ], [ 31.221751427972624, -23.226803693710202 ], [ 31.222803772317206, -23.229976158182488 ], [ 31.223365542063416, -23.232565139659499 ], [ 31.224661790265849, -23.234295524368616 ], [ 31.225959503714961, -23.235917554155918 ], [ 31.228057828370655, -23.236853283007136 ], [ 31.229046890406767, -23.237433337221422 ], [ 31.230335147298909, -23.237556216745396 ], [ 31.231382351656549, -23.236692081256528 ], [ 31.232980362789345, -23.23555419794959 ], [ 31.235386906984093, -23.237576922086287 ], [ 31.236434550464342, -23.238907096781922 ], [ 31.237735538041203, -23.240294288977427 ], [ 31.239398068498058, -23.241685524335477 ], [ 31.240947883718402, -23.242732332992567 ], [ 31.241991886736862, -23.243601892523969 ], [ 31.243113267826971, -23.246025509602084 ], [ 31.242745724437, -23.247971925093211 ], [ 31.242436625549345, -23.250677530988039 ], [ 31.242018483725225, -23.253499306708456 ], [ 31.241776982694606, -23.257009353502337 ], [ 31.241907690550736, -23.259710848621406 ], [ 31.241848167675748, -23.262012883602061 ], [ 31.242594474813394, -23.263980794876385 ], [ 31.244200239232296, -23.265253964361719 ], [ 31.24573538025594, -23.266697903329824 ], [ 31.247962227877146, -23.266822110562721 ], [ 31.252080506644347, -23.265061984166753 ], [ 31.254614040900758, -23.264151033275056 ], [ 31.256885803355551, -23.263074588336561 ], [ 31.258308194787347, -23.262674985962626 ], [ 31.259844053978405, -23.261816084868052 ], [ 31.262428621951187, -23.261483504758822 ], [ 31.264037293453541, -23.260282215915804 ], [ 31.265203152639081, -23.259310803583677 ], [ 31.266984914696149, -23.259836179303647 ], [ 31.269271116210547, -23.260656067173713 ], [ 31.271805489296877, -23.261939200771003 ], [ 31.274574568302917, -23.263215845428601 ], [ 31.275691778759544, -23.263742850054399 ], [ 31.27716615077879, -23.263858373273955 ], [ 31.278711021944002, -23.263812110094417 ], [ 31.279695299694314, -23.264798175855102 ], [ 31.280250405269445, -23.265716321842458 ], [ 31.281183643290749, -23.266873396200669 ], [ 31.280998812587185, -23.267566706962995 ], [ 31.280325756972271, -23.269744671396644 ], [ 31.279342429332747, -23.270203469410689 ], [ 31.277927573168146, -23.270774920077866 ], [ 31.276565535033054, -23.271798452756975 ], [ 31.276322858817178, -23.273186454212013 ], [ 31.276147194971319, -23.274683554689712 ], [ 31.276580743735074, -23.27669304435554 ], [ 31.276581940581504, -23.278878390084493 ], [ 31.275975656176289, -23.28193299878463 ], [ 31.274873772622591, -23.283997851388904 ], [ 31.273577069666182, -23.286006368140221 ], [ 31.271917163240378, -23.288128263874484 ], [ 31.270758641165347, -23.289271369032253 ], [ 31.26952182039954, -23.289664088633813 ], [ 31.268224786768322, -23.29093206833592 ], [ 31.26737003791305, -23.292015287938174 ], [ 31.266882850300334, -23.293400563207747 ], [ 31.266323601584183, -23.295064977215084 ], [ 31.266266600151805, -23.296445974781811 ], [ 31.267933845677913, -23.297548031593223 ], [ 31.269604856909861, -23.298361145246204 ], [ 31.271393190203721, -23.299175535588102 ], [ 31.272931123451315, -23.299698179752706 ], [ 31.27348932422036, -23.301140140269979 ], [ 31.274485212716534, -23.302758492560791 ], [ 31.275470650304324, -23.304430906019626 ], [ 31.275721311490123, -23.306221656617531 ], [ 31.276588780496816, -23.307946948118925 ], [ 31.27721502007666, -23.310942851838064 ], [ 31.277591404069032, -23.31284334509715 ], [ 31.27815133557327, -23.314917429581747 ], [ 31.278768429110169, -23.317109533805755 ], [ 31.28007305402658, -23.319823910235641 ], [ 31.281239882931537, -23.321091922701854 ], [ 31.283834962145473, -23.32231236796445 ], [ 31.286370453790518, -23.322845818878115 ], [ 31.287722671961848, -23.322625816984761 ], [ 31.28963089613098, -23.322511207723736 ], [ 31.291301356070282, -23.322637800046081 ], [ 31.293208657630984, -23.32259537940833 ], [ 31.295430000245616, -23.320930896002103 ], [ 31.295975563303728, -23.319555192083477 ], [ 31.296157193322468, -23.318347104447472 ], [ 31.295909813361067, -23.316276470471802 ], [ 31.294854908640207, -23.314657597450633 ], [ 31.294174041280733, -23.313611700368281 ], [ 31.292999557860309, -23.312172121060129 ], [ 31.292068115563307, -23.310843546539775 ], [ 31.292135653428357, -23.310148948184022 ], [ 31.292321193452654, -23.309401453579504 ], [ 31.293297078525988, -23.308779961109323 ], [ 31.294354011116415, -23.30946874127439 ], [ 31.295956799495148, -23.310289875365534 ], [ 31.29682433217274, -23.31126555105671 ], [ 31.298731827747062, -23.31196354489445 ], [ 31.301261785896276, -23.31215353545895 ], [ 31.304093860163022, -23.311651417953872 ], [ 31.306312194098858, -23.310971039716506 ], [ 31.308284620254337, -23.310405369511138 ], [ 31.311366971038989, -23.309436238871651 ], [ 31.31358920507488, -23.309216345593107 ], [ 31.317039688822717, -23.309289556384815 ], [ 31.318883489447394, -23.308839763236037 ], [ 31.320491180705773, -23.308504813205232 ], [ 31.324367618440078, -23.308916551235143 ], [ 31.330425409555037, -23.31160002598644 ], [ 31.333698505370101, -23.314145325581975 ], [ 31.336369051541585, -23.318761169269141 ], [ 31.337914832313736, -23.322624547324679 ], [ 31.339470261653808, -23.327291724952882 ], [ 31.340840572104945, -23.331911776370763 ], [ 31.34140765930416, -23.335069410057962 ], [ 31.342028953071082, -23.338588833619955 ], [ 31.342717378340037, -23.342217330763763 ], [ 31.34285250143953, -23.346300521354799 ], [ 31.343304507844984, -23.350856647434441 ], [ 31.34473045691135, -23.355748171593881 ], [ 31.346102147917058, -23.359501276269782 ], [ 31.347715234020452, -23.362724124485272 ], [ 31.348586815855633, -23.366589324257315 ], [ 31.349460677021554, -23.37027393508296 ], [ 31.351567918891757, -23.373104624063249 ], [ 31.353857520288134, -23.376226181636149 ], [ 31.356338732708867, -23.379683850221696 ], [ 31.358691351694571, -23.383266560381504 ], [ 31.361477283223422, -23.387422700264295 ], [ 31.362907653748554, -23.392034188617874 ], [ 31.362801555711943, -23.395889080756074 ], [ 31.362623409909226, -23.400032190169114 ], [ 31.361826897983978, -23.403536683973851 ], [ 31.361162415518233, -23.406645216276807 ], [ 31.360737593283314, -23.410153597160861 ], [ 31.361925198305475, -23.413037732194912 ], [ 31.364150643485182, -23.41667322866947 ], [ 31.366627914038155, -23.41973338357068 ], [ 31.368498463872154, -23.423599904782819 ], [ 31.371901266778348, -23.427816519183683 ], [ 31.368872680971169, -23.427396598428224 ], [ 31.366957577607078, -23.426356140057884 ], [ 31.364609963999193, -23.424679000082033 ], [ 31.363429673532185, -23.423573952288063 ], [ 31.360775940798355, -23.422128340604729 ], [ 31.358731130272055, -23.420508478967129 ], [ 31.3568109209344, -23.418311957455622 ], [ 31.355760216668077, -23.416232935762672 ], [ 31.354704003273454, -23.41381069451478 ], [ 31.353398527987888, -23.410184775925273 ], [ 31.35283447722794, -23.407532920437127 ], [ 31.352088477999608, -23.40614340119388 ], [ 31.351209623880536, -23.402052385301957 ], [ 31.350961986507304, -23.399927626042807 ], [ 31.350399966001483, -23.39790791295534 ], [ 31.349777632728081, -23.396808663124187 ], [ 31.348050927476116, -23.396402113477333 ], [ 31.347123406395081, -23.397033465142901 ], [ 31.346450812483184, -23.398408001002036 ], [ 31.346142972660058, -23.399560634050243 ], [ 31.346217916677173, -23.401403627631588 ], [ 31.346526308817715, -23.403357456175161 ], [ 31.346530642800222, -23.405371279262617 ], [ 31.346602000091337, -23.407503206264639 ], [ 31.346487940163666, -23.410382692277629 ], [ 31.34662138411236, -23.413030007135777 ], [ 31.346504037777049, -23.41538569431642 ], [ 31.345647034021809, -23.418203126612141 ], [ 31.34466166320291, -23.420323852566568 ], [ 31.343679745575042, -23.422164665686726 ], [ 31.342516611966296, -23.424409913526574 ], [ 31.341219733496974, -23.425606208617477 ], [ 31.339373305397771, -23.426923072304064 ], [ 31.337647195323683, -23.428006404616539 ], [ 31.336733614491248, -23.429847892888155 ], [ 31.335866784639983, -23.431861448873409 ], [ 31.335815558151648, -23.434389394327045 ], [ 31.338100203654729, -23.435605739727169 ], [ 31.338910666450623, -23.436535461060149 ], [ 31.339286706714777, -23.438553226981654 ], [ 31.33910454940558, -23.439815534886751 ], [ 31.338242349719948, -23.440673267924769 ], [ 31.337319954734063, -23.441647748445309 ], [ 31.335964024964415, -23.442852388564322 ], [ 31.335846543139205, -23.446761262009975 ], [ 31.336967387255644, -23.447920062795667 ], [ 31.338085833945655, -23.450054104938744 ], [ 31.337662065029075, -23.454194503649834 ], [ 31.33834445139296, -23.455980745596751 ], [ 31.339704984545968, -23.457548447479958 ], [ 31.341130561527883, -23.45939677030896 ], [ 31.343350337451763, -23.459573880249209 ], [ 31.344654288296105, -23.459407119012333 ], [ 31.347056196116874, -23.458321862484816 ], [ 31.348962407487047, -23.456951380030226 ], [ 31.350811989448026, -23.455408696841889 ], [ 31.352900780975208, -23.453516331429547 ], [ 31.35505656567787, -23.45174203605686 ], [ 31.356970109712044, -23.451346804212491 ], [ 31.359010726222277, -23.451756588865116 ], [ 31.360187755938085, -23.453141583771604 ], [ 31.362219962022401, -23.453442874956774 ], [ 31.365129551838582, -23.454033280168773 ], [ 31.367046564660313, -23.454152694122214 ], [ 31.368455502634827, -23.452605176437896 ], [ 31.369872753180051, -23.451175126484141 ], [ 31.372586835835072, -23.450146903198167 ], [ 31.374653270151203, -23.451649435634742 ], [ 31.374863189649719, -23.455290884646175 ], [ 31.37524612946547, -23.458392309475354 ], [ 31.377786639035964, -23.461164004066383 ], [ 31.384358725859244, -23.47371229659441 ], [ 31.385917342760614, -23.478370086563352 ], [ 31.390452655704511, -23.483808161334323 ], [ 31.390204182712665, -23.486532787808255 ], [ 31.390399988100892, -23.489758676690016 ], [ 31.391898041987687, -23.494596398842479 ], [ 31.39534421901174, -23.508367230404737 ], [ 31.396408249744649, -23.514302154286526 ], [ 31.397292530827894, -23.518104039906973 ], [ 31.398967938957188, -23.52208563882434 ], [ 31.399234718175467, -23.526748082364481 ], [ 31.399086213956497, -23.534973265833337 ], [ 31.399278012988159, -23.537738545652811 ], [ 31.401153360290916, -23.544648036080595 ], [ 31.403402288159374, -23.550649271681809 ], [ 31.404713672675737, -23.553994952525311 ], [ 31.407390607077307, -23.561084178795301 ], [ 31.409747547536618, -23.563853554384103 ], [ 31.411613422238894, -23.567548012848803 ], [ 31.403325824799154, -23.569133715415141 ], [ 31.398707454511353, -23.568661770770074 ], [ 31.39416399908507, -23.569283138152709 ], [ 31.389210518682226, -23.570586427594247 ], [ 31.383909859111903, -23.573032795874997 ], [ 31.376171398618993, -23.576121758146588 ], [ 31.37083175762735, -23.580102397755791 ], [ 31.360954107007515, -23.584188534092497 ], [ 31.353422623018364, -23.585517595682632 ], [ 31.347067531764207, -23.584438714670966 ], [ 31.344205956142812, -23.582927285758107 ], [ 31.340417783103419, -23.581089854201824 ], [ 31.33468680859762, -23.577163612579533 ], [ 31.33033104706508, -23.574525208788248 ], [ 31.325700401505781, -23.573491094620231 ], [ 31.321845747673215, -23.574614399732898 ], [ 31.316716224740212, -23.576599720717589 ], [ 31.311116460387073, -23.582399482542385 ], [ 31.308162145942902, -23.588923171191123 ], [ 31.304703322157422, -23.597319529061547 ], [ 31.302570059477969, -23.601666763850172 ], [ 31.298210711961914, -23.611443703554631 ], [ 31.284798493329031, -23.620967150301862 ], [ 31.278427838605907, -23.622503919405709 ], [ 31.277061673242489, -23.618307890291916 ], [ 31.275141562915131, -23.614512042306679 ], [ 31.271094536403602, -23.608516280723048 ], [ 31.267504474305245, -23.607293328415633 ], [ 31.263293475254134, -23.609323147106942 ], [ 31.259211157575781, -23.611245929491336 ], [ 31.253817107070581, -23.612314065430891 ], [ 31.248138010563942, -23.611229686161405 ], [ 31.246321949892295, -23.609258727407855 ], [ 31.245719103665376, -23.606696466472172 ], [ 31.242804670934962, -23.605534768953447 ], [ 31.23765099592406, -23.602559705798917 ], [ 31.234703941789029, -23.599456080980513 ], [ 31.23187531263488, -23.596299575480565 ], [ 31.230877202497243, -23.592549861978618 ], [ 31.229930125367961, -23.585730585655202 ], [ 31.228318033443195, -23.581748114614928 ], [ 31.228371826170182, -23.578470902220204 ], [ 31.23157397393711, -23.57492253999672 ], [ 31.233907375979911, -23.573323708055955 ], [ 31.239081136730963, -23.569562793472262 ], [ 31.243020318639665, -23.566537219412368 ], [ 31.247759762841817, -23.562247342564465 ], [ 31.249670763004445, -23.560706698292183 ], [ 31.250905217285151, -23.558472143395011 ], [ 31.250647269177399, -23.555019810771565 ], [ 31.252292243209695, -23.547660855568125 ], [ 31.25449157696907, -23.539098075959309 ], [ 31.255651818491017, -23.537268979490378 ], [ 31.25829569072588, -23.531356882187783 ], [ 31.264073590020732, -23.525407474875671 ], [ 31.268435723152088, -23.519098939863785 ], [ 31.270395505838913, -23.51600536902663 ], [ 31.273217437284114, -23.510618671696484 ], [ 31.275670826005037, -23.504189371691727 ], [ 31.276197463686714, -23.496826669043415 ], [ 31.274595549754835, -23.495030010740024 ], [ 31.271409835726356, -23.488556261506169 ], [ 31.26625018009684, -23.484074210938797 ], [ 31.263650716870146, -23.482221200016362 ], [ 31.260558121592418, -23.480651606895222 ], [ 31.258084513064585, -23.4789173042405 ], [ 31.254007233791526, -23.476307157758129 ], [ 31.251475901445684, -23.474508900646239 ], [ 31.248326464511013, -23.472821051201322 ], [ 31.245232980405923, -23.469869572181558 ], [ 31.243805853544163, -23.466756215440331 ], [ 31.244288917784658, -23.464278406565711 ], [ 31.244538383870047, -23.462439095256624 ], [ 31.243728609407153, -23.46001896758473 ], [ 31.241876107009546, -23.457993435706673 ], [ 31.239209146453959, -23.455389802448167 ], [ 31.237915309196921, -23.453316354196112 ], [ 31.234701166638839, -23.451392747677609 ], [ 31.232043232810742, -23.449601802861331 ], [ 31.228890359439429, -23.44676675211149 ], [ 31.225181418749862, -23.44380792985443 ], [ 31.222394507397883, -23.441437448981013 ], [ 31.217396691321355, -23.437551744625715 ], [ 31.212014156747479, -23.432460506586722 ], [ 31.207183963409044, -23.427077457057841 ], [ 31.202795664178094, -23.422331453979488 ], [ 31.197913983888419, -23.41719136264528 ], [ 31.194081712963506, -23.414058875112381 ], [ 31.191369629772314, -23.413467640572136 ], [ 31.189640153656395, -23.414729844933309 ], [ 31.187551437802725, -23.416502561445732 ], [ 31.186315844095326, -23.418854037859649 ], [ 31.184286133762228, -23.421313657478326 ], [ 31.181694323298132, -23.423369388661136 ], [ 31.177133911316925, -23.42697328705615 ], [ 31.173624179754569, -23.428160319724871 ], [ 31.170903794817718, -23.429582265443052 ], [ 31.166714410641621, -23.430372890409213 ], [ 31.16436478304129, -23.43115795659693 ], [ 31.161281938059027, -23.431889201778365 ], [ 31.158317074138154, -23.431872307973549 ], [ 31.153691915879865, -23.431619014810362 ], [ 31.149310529647284, -23.430727366410451 ], [ 31.145662127319454, -23.429907514527439 ], [ 31.141216231039866, -23.428039672102202 ], [ 31.138443775395892, -23.426868897435206 ], [ 31.136404977452063, -23.425020580212532 ], [ 31.134116808482656, -23.422817102122231 ], [ 31.132631107634015, -23.422004730534102 ], [ 31.130663634559841, -23.421358142133215 ], [ 31.128615375461806, -23.420195871829652 ], [ 31.126091090495542, -23.418793094016554 ], [ 31.12436244088887, -23.417869377032641 ], [ 31.123246216324631, -23.416537640126247 ], [ 31.122132435488815, -23.415034362631996 ], [ 31.120776536534578, -23.413356602341743 ], [ 31.119415776437119, -23.412717179769146 ], [ 31.118804405649264, -23.413052942873986 ], [ 31.117694757509888, -23.413337550972987 ], [ 31.116580314990603, -23.414651468661145 ], [ 31.116340609773349, -23.415686982707584 ], [ 31.116278590642434, -23.417302534248936 ], [ 31.116836349893504, -23.418681761475042 ], [ 31.118069920324366, -23.420014955818623 ], [ 31.118811876540228, -23.422209061984987 ], [ 31.12066521002977, -23.42469646514181 ], [ 31.122031086614555, -23.42706060109974 ], [ 31.124000393115509, -23.430353001290179 ], [ 31.12548370520134, -23.431336990646432 ], [ 31.127523850804057, -23.431695573694906 ], [ 31.130488530569469, -23.431026797840509 ], [ 31.13319730019435, -23.431158542771012 ], [ 31.13572847939442, -23.43209175973848 ], [ 31.139557073768827, -23.433320326979558 ], [ 31.142464186445928, -23.433968969613474 ], [ 31.145797138853549, -23.435661033570735 ], [ 31.149993965401524, -23.437868936623932 ], [ 31.152339373007376, -23.438808723146106 ], [ 31.154874241633337, -23.440202202170052 ], [ 31.158828427861561, -23.440167638609378 ], [ 31.161661237381399, -23.439839846353536 ], [ 31.164255778997791, -23.439048681826833 ], [ 31.166664190629543, -23.437559994316061 ], [ 31.169932185180823, -23.43689402797833 ], [ 31.172954047160388, -23.436333467661065 ], [ 31.176656598632857, -23.435374460169395 ], [ 31.180229077699952, -23.435334886236973 ], [ 31.183563574787453, -23.434091494290179 ], [ 31.186280855945473, -23.432895035994555 ], [ 31.188315401646758, -23.431528067982718 ], [ 31.189545261974498, -23.430323307689527 ], [ 31.191579409518344, -23.428260989348662 ], [ 31.193732834294249, -23.426777932306219 ], [ 31.196263130064327, -23.425642332582413 ], [ 31.198236551430181, -23.425881836362084 ], [ 31.19917055381508, -23.427725679135168 ], [ 31.199911588226762, -23.430091025507785 ], [ 31.200404122438865, -23.432742460525233 ], [ 31.200967982878037, -23.435909419608834 ], [ 31.200177137987133, -23.440108224423419 ], [ 31.19869723891486, -23.443152274445904 ], [ 31.197405642444007, -23.446017884423153 ], [ 31.195689155345118, -23.449176551513968 ], [ 31.19519793798732, -23.451473480552874 ], [ 31.194642792807695, -23.454871307310921 ], [ 31.194773638910423, -23.458204832429569 ], [ 31.195210079482543, -23.461379356493268 ], [ 31.195220704929767, -23.464196787768074 ], [ 31.196393646435418, -23.467199234779056 ], [ 31.197022478232828, -23.46990642825871 ], [ 31.198620797450076, -23.471866319457334 ], [ 31.201403452805401, -23.47383986579381 ], [ 31.202833045970213, -23.475978368378012 ], [ 31.205058298754015, -23.477195949955075 ], [ 31.207036066594085, -23.47789595283901 ], [ 31.209623755012846, -23.478377192393729 ], [ 31.212524384003, -23.478157648791072 ], [ 31.214187172258374, -23.477535587816035 ], [ 31.216720622733504, -23.476228170222441 ], [ 31.21943753734045, -23.475834824746659 ], [ 31.222032265862381, -23.475792203940767 ], [ 31.224743724167865, -23.475805048817222 ], [ 31.226653310622574, -23.475754546207607 ], [ 31.22765435056867, -23.477030121835107 ], [ 31.22827250569966, -23.479854487652631 ], [ 31.227963312465938, -23.481747256955565 ], [ 31.226616063002169, -23.484395758239923 ], [ 31.22544616196797, -23.486224542317977 ], [ 31.223715005275825, -23.488290725591025 ], [ 31.220818342926144, -23.489657309232349 ], [ 31.217794656199807, -23.490272902569505 ], [ 31.215201106461979, -23.490207093598286 ], [ 31.211554595185579, -23.489090723891835 ], [ 31.20834580526034, -23.487464603959953 ], [ 31.205993958528229, -23.48618239434683 ], [ 31.202842087452417, -23.483978912929953 ], [ 31.199688729503315, -23.481892742949711 ], [ 31.196974121774979, -23.479224651521623 ], [ 31.195118194147817, -23.47748750447353 ], [ 31.191780319206501, -23.474595396775566 ], [ 31.188319301367141, -23.471412839154805 ], [ 31.185907334905718, -23.469551742055966 ], [ 31.182321232339714, -23.466945513882667 ], [ 31.179474479412498, -23.464681945197441 ], [ 31.176505189437378, -23.462082794413988 ], [ 31.174779477395685, -23.460166354284823 ], [ 31.1716874751381, -23.457962993320454 ], [ 31.168845478085352, -23.456800932263601 ], [ 31.165518710379164, -23.456725719208613 ], [ 31.164956911013061, -23.457008061857728 ], [ 31.163600980391379, -23.458093729600602 ], [ 31.163106341069572, -23.459180501598293 ], [ 31.162994273432883, -23.460912888997221 ], [ 31.16324188708057, -23.462116759137761 ], [ 31.165527955150896, -23.464554607616463 ], [ 31.167377813999835, -23.466689318294719 ], [ 31.169910131736813, -23.468317326770713 ], [ 31.172326685225979, -23.469826553079642 ], [ 31.17541043882667, -23.471226167985275 ], [ 31.178627440218779, -23.47290720457622 ], [ 31.18233068322554, -23.474828623500002 ], [ 31.184312029828764, -23.476684761488052 ], [ 31.187344342741699, -23.479004592735603 ], [ 31.190120672682546, -23.481438784350463 ], [ 31.193216301848654, -23.484156557300409 ], [ 31.197542335362325, -23.487114257670289 ], [ 31.199515886001571, -23.488852741500459 ], [ 31.202794577268151, -23.490371487935185 ], [ 31.205822513900404, -23.492338773106265 ], [ 31.209341065504084, -23.493507987085646 ], [ 31.213734080694245, -23.494452377729182 ], [ 31.216752965078182, -23.494929429073714 ], [ 31.220888239426014, -23.494660666781265 ], [ 31.224348404848168, -23.495088432104779 ], [ 31.228302890033223, -23.495160548018859 ], [ 31.232621962906357, -23.494324677913152 ], [ 31.23441937240743, -23.49536544225408 ], [ 31.23719346648836, -23.496588811935492 ], [ 31.238934197122759, -23.498215832058705 ], [ 31.242814325252841, -23.497997784662239 ], [ 31.245661898081703, -23.497379725140096 ], [ 31.247815828684178, -23.496645451449321 ], [ 31.250098656736835, -23.495045716250484 ], [ 31.252006533727844, -23.492177538780911 ], [ 31.254470036088346, -23.489487128834654 ], [ 31.255883710659347, -23.487705988047594 ], [ 31.259510393418172, -23.488125802253712 ], [ 31.261815799840427, -23.491501678295368 ], [ 31.26138361424378, -23.492354708292051 ], [ 31.261341903213939, -23.49777225598169 ], [ 31.262396931774862, -23.502434489153924 ], [ 31.262408850236408, -23.504511525954236 ], [ 31.260584515794246, -23.512202784555182 ], [ 31.257881679327927, -23.517428018456318 ], [ 31.254253699518543, -23.522985956415415 ], [ 31.251438961454564, -23.528489722202643 ], [ 31.245318984979146, -23.547618450384288 ], [ 31.242808280548978, -23.553757524431237 ], [ 31.238733495705148, -23.555228439752202 ], [ 31.23214962717708, -23.559731854261607 ], [ 31.220573749714479, -23.569731227632037 ], [ 31.218486839217199, -23.574836242636614 ], [ 31.220970095335538, -23.581754433703232 ], [ 31.223202993668103, -23.585455119729591 ], [ 31.224818290222352, -23.588462454873568 ], [ 31.223730957400971, -23.591357617395662 ], [ 31.22487400729354, -23.596698268094091 ], [ 31.224165014868021, -23.604961446058276 ], [ 31.21928832526832, -23.610531120363483 ], [ 31.216481047876485, -23.615221442948855 ], [ 31.215210188483386, -23.619333421954188 ], [ 31.21535429909186, -23.623886066766552 ], [ 31.219189846652306, -23.628688820126193 ], [ 31.223544151635803, -23.63138447072517 ], [ 31.227386972098579, -23.632773875034779 ], [ 31.232171308485988, -23.631934538004447 ], [ 31.240014328775828, -23.627364359170723 ], [ 31.24524353954315, -23.624010328400736 ], [ 31.25192000175732, -23.622351973996352 ], [ 31.258240346000612, -23.621673582739049 ], [ 31.265033619965131, -23.623031947501982 ], [ 31.267640965724134, -23.624487810441135 ], [ 31.268733788430414, -23.627091594181749 ], [ 31.261225656954874, -23.630122921536298 ], [ 31.253498561652801, -23.631164834287542 ], [ 31.24480697621124, -23.633233872649939 ], [ 31.239687565954032, -23.635677103379095 ], [ 31.233396214801829, -23.638522177113522 ], [ 31.219548138245088, -23.644224077142937 ], [ 31.197327386382888, -23.653538708849858 ], [ 31.188238417918889, -23.654407919733956 ], [ 31.182482954348519, -23.653094443526012 ], [ 31.178495505928751, -23.65011301623392 ], [ 31.175732768220016, -23.647182030664336 ], [ 31.170707697903417, -23.641307773024845 ], [ 31.167409375867706, -23.636040708482028 ], [ 31.166436434576195, -23.629898137041561 ], [ 31.165918171238296, -23.624889631772479 ], [ 31.165137976824809, -23.622505629930274 ], [ 31.162622925109396, -23.615929431615278 ], [ 31.158628328784712, -23.609362741445171 ], [ 31.157101272532842, -23.602942662188976 ], [ 31.155719414675037, -23.598059320371135 ], [ 31.155885380375917, -23.593898664607423 ], [ 31.156861991638092, -23.585711410782164 ], [ 31.155483792290827, -23.57707180636358 ], [ 31.154788854243208, -23.567916588738029 ], [ 31.154263915660469, -23.555711378774731 ], [ 31.152837450808022, -23.549147980523575 ], [ 31.150111636244695, -23.545160615960377 ], [ 31.144052627056642, -23.537232695109079 ], [ 31.139290369900294, -23.531153083342225 ], [ 31.130759347929722, -23.523619511053891 ], [ 31.126247893580448, -23.519267199970322 ], [ 31.121301764732536, -23.513825983046221 ], [ 31.118637277098962, -23.506326393131328 ], [ 31.116593810539523, -23.499926849963035 ], [ 31.113367851576925, -23.491327825392201 ], [ 31.110648559791304, -23.484983240956979 ], [ 31.105518291236844, -23.480911852929658 ], [ 31.092990157161402, -23.476686764176353 ], [ 31.082202428525029, -23.476716928901929 ], [ 31.072145270676494, -23.47497659473796 ], [ 31.066227113211479, -23.474704637627944 ], [ 31.059849664944291, -23.4737134224223 ], [ 31.053605220847178, -23.473671690465995 ], [ 31.029801777816257, -23.409535732262523 ], [ 31.027656634401353, -23.403766029582517 ], [ 31.030062054682933, -23.403850554847793 ], [ 31.034312884167161, -23.404843146833592 ], [ 31.035482080930873, -23.404505710357572 ], [ 31.036899730766976, -23.40456867748567 ], [ 31.037818057583099, -23.40532061967788 ], [ 31.040345766122275, -23.40574060979969 ], [ 31.042504799597374, -23.406616437275545 ], [ 31.044785489618299, -23.40720481971341 ], [ 31.047678571526827, -23.409399022531744 ], [ 31.049891657336858, -23.409932312724901 ], [ 31.052425453107883, -23.409945867548334 ], [ 31.056429431935069, -23.409110859565672 ], [ 31.057602050755865, -23.408538534542103 ], [ 31.059321184036708, -23.4067179028469 ], [ 31.061606503711868, -23.4043083336454 ], [ 31.064683906763079, -23.401917568688059 ], [ 31.066226005464479, -23.40014883343105 ], [ 31.068996297027727, -23.39666160756941 ], [ 31.07041063142308, -23.39425015285126 ], [ 31.072819731496907, -23.390017967585834 ], [ 31.074599973120659, -23.38732203282607 ], [ 31.075950199089185, -23.385948116621794 ], [ 31.077494967496655, -23.38532602802076 ], [ 31.0782905600358, -23.385101043247314 ], [ 31.079833056890294, -23.383277977742836 ], [ 31.081132829804389, -23.381325502294885 ], [ 31.081622260736555, -23.379263748590848 ], [ 31.081370883222004, -23.377021343153832 ], [ 31.081005406498267, -23.374551799017734 ], [ 31.080631171721539, -23.371332696075065 ], [ 31.081129788498259, -23.36862995620476 ], [ 31.083155187903557, -23.36381495812725 ], [ 31.084448320276586, -23.360264126436395 ], [ 31.085925874653931, -23.355442367120954 ], [ 31.087347159751761, -23.34976208858744 ], [ 31.087833689594468, -23.34379045439989 ], [ 31.087830354547727, -23.338562285924837 ], [ 31.087464365830012, -23.333392892644181 ], [ 31.086415738437925, -23.328097773264936 ], [ 31.08493265367996, -23.32446781129736 ], [ 31.083824289286326, -23.321302930999178 ], [ 31.082777725127574, -23.319285558268945 ], [ 31.079949163817318, -23.314727099073881 ], [ 31.078534891670898, -23.310411683560137 ], [ 31.075947530754515, -23.306777138755759 ], [ 31.068062575963513, -23.298345868397895 ], [ 31.066837874054421, -23.296506802270684 ], [ 31.065784446634591, -23.294317688608455 ], [ 31.065361283707269, -23.290456850296316 ], [ 31.06554584753059, -23.288508743786291 ], [ 31.0650530857035, -23.279996822497075 ], [ 31.065047294272706, -23.268222196067093 ], [ 31.06461569897472, -23.264948168437446 ], [ 31.063755463636308, -23.262932992870734 ], [ 31.062089109814078, -23.25516505525021 ], [ 31.061228922611932, -23.250450026685819 ], [ 31.059204462211316, -23.248537836692318 ], [ 31.056737485505856, -23.24749601571591 ], [ 31.053906887921116, -23.245925938066293 ], [ 31.052125340019199, -23.243447813396035 ], [ 31.049294277303439, -23.239231997728719 ], [ 31.048377505083472, -23.237098667550537 ], [ 31.048372129369053, -23.234109821665715 ], [ 31.04923406099666, -23.23262162150899 ], [ 31.052311853576555, -23.229255661359272 ], [ 31.054400989024742, -23.226681026003817 ], [ 31.057235047483736, -23.221235128948923 ], [ 31.058459431664048, -23.218315639414826 ], [ 31.059137823324729, -23.21463993914098 ], [ 31.059448482144365, -23.212747556677151 ], [ 31.058528931612027, -23.211481088493795 ], [ 31.057845359546786, -23.210786395898836 ], [ 31.057044585693067, -23.210090252381885 ], [ 31.054713037965865, -23.207840142615964 ], [ 31.049792655617107, -23.206948472191669 ], [ 31.047581160407287, -23.206532757264171 ], [ 31.037242475261802, -23.206756200888751 ], [ 31.028635520169477, -23.206133850144685 ], [ 31.017187638161527, -23.206062150231325 ], [ 31.004637415339413, -23.20523522044758 ], [ 30.999842357643235, -23.205147214304176 ], [ 30.982250971729005, -23.201130158540327 ], [ 30.978188084005161, -23.199786788146309 ], [ 30.97191933087408, -23.197042436865495 ], [ 30.968909761327499, -23.195820767354888 ], [ 30.96447652112079, -23.193154002960224 ], [ 30.961218368745364, -23.190944788882156 ], [ 30.9574738745799, -23.189252896051492 ], [ 30.952428109301632, -23.18835662041295 ], [ 30.949301173986591, -23.189092407434501 ], [ 30.947756734506896, -23.189812664067379 ], [ 30.937100997641824, -23.161132072902372 ], [ 30.939504847604343, -23.160387032970082 ], [ 30.943414994864288, -23.158198898993501 ], [ 30.947100888108196, -23.155980649311807 ], [ 30.951352376454327, -23.1550879339494 ], [ 30.955287677418678, -23.153793708162496 ], [ 30.95965539114458, -23.15295644524921 ], [ 30.964138833544595, -23.150919655534203 ], [ 30.96973591558621, -23.14819279720048 ], [ 30.978965419343218, -23.145440125694517 ], [ 30.985974454737644, -23.143588553575125 ], [ 30.9919395876001, -23.141669182166162 ], [ 30.99900842653572, -23.141027715859792 ], [ 31.006324332929967, -23.139522223602043 ], [ 31.010572134447273, -23.139485609006513 ], [ 31.019426477170594, -23.142242787492354 ], [ 31.022739343050876, -23.144045151422844 ], [ 31.024522889498268, -23.145602544778271 ], [ 31.026732903730366, -23.150045688522798 ], [ 31.0293226422808, -23.153906637275909 ], [ 31.03251442887478, -23.158009840625713 ], [ 31.036819673081808, -23.160104247864858 ], [ 31.039591465023932, -23.159542822622445 ], [ 31.046411722220075, -23.157920974438014 ], [ 31.055329187580586, -23.155096695373871 ], [ 31.063015003406935, -23.153015242938594 ], [ 31.072672310500757, -23.150307393024203 ], [ 31.083251102884859, -23.146634926604715 ], [ 31.090136338584774, -23.14035253232468 ] ] ] ] } },
{ "type": "Feature", "properties": { "OBJECTID": 75, "LSCAP_ID": 11, "ZONE10": 5, "ZONE17": 7, "Z17CODE": "P", "LANDSCAPE": "Tsende Sandveld", "LABEL": "11: Tsende Sandveld", "ALLIANCES_": 7, "ALLIANCES": "07: Granitic plains with Colophospermum mopane bush savanna", "AREA_HA": 6337.152, "PERIMETER_": 65.947, "PERIMETE_1": 65.948 }, "geometry": { "type": "MultiPolygon", "coordinates": [ [ [ [ 31.225016229334145, -23.160856819702865 ], [ 31.226807520441774, -23.163513831662325 ], [ 31.22889743567881, -23.162778807666108 ], [ 31.230494576930816, -23.162381368937311 ], [ 31.232409473984859, -23.160840635356596 ], [ 31.234807354950696, -23.159702622144934 ], [ 31.236529947553549, -23.157924890703804 ], [ 31.238185598537775, -23.1552885106079 ], [ 31.240585599654761, -23.153229333301383 ], [ 31.242423774742473, -23.15231069892118 ], [ 31.244214513911171, -23.152032666054794 ], [ 31.246488149823541, -23.150667317767773 ], [ 31.24950545118741, -23.149183773305797 ], [ 31.252760724337069, -23.146664315371915 ], [ 31.25503260828205, -23.144666688812517 ], [ 31.257246660675428, -23.142605173479126 ], [ 31.26020339458444, -23.139739088334711 ], [ 31.26247052537525, -23.137334921075482 ], [ 31.264561258072636, -23.135732480946963 ], [ 31.268557915695528, -23.133220822164986 ], [ 31.271447682017811, -23.131735421848919 ], [ 31.273602224843565, -23.131235264755773 ], [ 31.280906080555507, -23.1289220027925 ], [ 31.279579011951537, -23.132682261314272 ], [ 31.280331006296194, -23.135733731884084 ], [ 31.279488065057663, -23.140573888037512 ], [ 31.281341138195884, -23.146111714967432 ], [ 31.280005544646851, -23.151289648623955 ], [ 31.281288420082639, -23.167079826166855 ], [ 31.280863398852141, -23.170533840431219 ], [ 31.281022579855218, -23.174129687422617 ], [ 31.280913769541616, -23.174236864349957 ], [ 31.28048525156375, -23.175668021257614 ], [ 31.277588816750391, -23.177604985971008 ], [ 31.272803449548874, -23.179828209682704 ], [ 31.270775773694524, -23.180275526131197 ], [ 31.26671120195828, -23.181124825125607 ], [ 31.258166765641636, -23.183956326789897 ], [ 31.255035493092894, -23.186639766841171 ], [ 31.252953797696275, -23.190481644270047 ], [ 31.250861521973057, -23.195127065697864 ], [ 31.249763273737916, -23.199196544428091 ], [ 31.247683553166809, -23.20510628564217 ], [ 31.246887809128587, -23.209188131794878 ], [ 31.247632657583637, -23.21125533688943 ], [ 31.25083180334649, -23.211670230679236 ], [ 31.253286890261702, -23.211453705914302 ], [ 31.255869628603172, -23.210434861582851 ], [ 31.257097488802998, -23.209924718778357 ], [ 31.261108515963201, -23.208000516971403 ], [ 31.263616065819107, -23.215812366482773 ], [ 31.262756355974016, -23.216561415463065 ], [ 31.260861423671301, -23.219538526817765 ], [ 31.259643646364477, -23.223787351649513 ], [ 31.259459758153, -23.226665980470099 ], [ 31.260762467410935, -23.228685129655183 ], [ 31.262612714959438, -23.228416627178156 ], [ 31.266477723301879, -23.225732154387689 ], [ 31.269611152585345, -23.222181643654928 ], [ 31.274212812467347, -23.218412397424302 ], [ 31.278092548678703, -23.219872710440683 ], [ 31.279519651066913, -23.22287738879967 ], [ 31.280634466975059, -23.226619130177834 ], [ 31.281690427106053, -23.229619731397307 ], [ 31.284830424412554, -23.229356033085377 ], [ 31.289198242625506, -23.227823327518848 ], [ 31.292651657001532, -23.22980242173335 ], [ 31.295554622490805, -23.232813971569183 ], [ 31.296916400425708, -23.236386720037888 ], [ 31.299384406042041, -23.237497104773798 ], [ 31.303994841996897, -23.23533448930009 ], [ 31.308539622929594, -23.231392024943332 ], [ 31.312409235120967, -23.230611859599406 ], [ 31.317898405005923, -23.23236844613054 ], [ 31.319807175199429, -23.234447819461757 ], [ 31.320873275630664, -23.23905573425975 ], [ 31.319776551104898, -23.243134814601547 ], [ 31.316831348868416, -23.247320508732127 ], [ 31.310582124119183, -23.254649338186873 ], [ 31.308195434585027, -23.261775734960992 ], [ 31.3076133627257, -23.26994198468801 ], [ 31.309661970157215, -23.276456930294604 ], [ 31.31355717548891, -23.280734113247529 ], [ 31.311176827209128, -23.282677135184517 ], [ 31.309819539830361, -23.284107381119778 ], [ 31.306931499763124, -23.285990678386867 ], [ 31.304099852812374, -23.288046105103284 ], [ 31.302750991079652, -23.290343289556617 ], [ 31.301216192591188, -23.294191667983608 ], [ 31.301288634670239, -23.296955743482041 ], [ 31.30160327910211, -23.299894019007052 ], [ 31.301611394302356, -23.301564723041558 ], [ 31.300248389998142, -23.302651653582547 ], [ 31.297223850527271, -23.300623124223641 ], [ 31.295864285941917, -23.298368827206655 ], [ 31.294070395020302, -23.297211496311792 ], [ 31.291909675078777, -23.296456515396656 ], [ 31.291909054535129, -23.2942079560626 ], [ 31.291718010363656, -23.291559987162358 ], [ 31.290361707620391, -23.289829443721828 ], [ 31.287643108089327, -23.288372992594002 ], [ 31.285174825951607, -23.28645868765318 ], [ 31.283444928164609, -23.284904611387343 ], [ 31.283497175479091, -23.283117180575971 ], [ 31.28416605168939, -23.278979580962258 ], [ 31.285454949448184, -23.276799302351531 ], [ 31.286878115499491, -23.276345270746905 ], [ 31.287800632953974, -23.27605733955696 ], [ 31.288534255335282, -23.275252612935109 ], [ 31.289019130940403, -23.272494615603971 ], [ 31.289449439850255, -23.270946087036009 ], [ 31.290492879393742, -23.270370484490947 ], [ 31.291483644661824, -23.270092302849399 ], [ 31.293147946728798, -23.269117073521443 ], [ 31.294923290088388, -23.267863090212128 ], [ 31.295352823929075, -23.266368714411982 ], [ 31.294735175490732, -23.264980357971982 ], [ 31.293993600113723, -23.264114414152044 ], [ 31.293066129688984, -23.26249692512782 ], [ 31.294910003742661, -23.259690456984696 ], [ 31.296567686896736, -23.257685646883047 ], [ 31.297364142323737, -23.256538396733031 ], [ 31.297858198220091, -23.254575128263447 ], [ 31.297294474260166, -23.252790028612164 ], [ 31.296610520965924, -23.251238413364941 ], [ 31.295747136156226, -23.249964790572673 ], [ 31.292975220773968, -23.248914250103223 ], [ 31.289948011790294, -23.248727798920207 ], [ 31.286629366770118, -23.249170235759792 ], [ 31.285397234518264, -23.249229030631341 ], [ 31.283726193605652, -23.249219807067107 ], [ 31.282303665351964, -23.248120611908814 ], [ 31.280583089128715, -23.248164995795165 ], [ 31.279355640225496, -23.248621129758316 ], [ 31.275532196597482, -23.247278823947742 ], [ 31.274172105898341, -23.245891274224487 ], [ 31.272196464675954, -23.244496943548558 ], [ 31.269668332464885, -23.24351189872208 ], [ 31.267875600061327, -23.243094805334056 ], [ 31.264552499142145, -23.243888911037008 ], [ 31.262149539611229, -23.245316218013851 ], [ 31.260059325517375, -23.24673792033569 ], [ 31.258208739193748, -23.247764918432836 ], [ 31.25649198880247, -23.249019135722975 ], [ 31.255071992016237, -23.249996692263746 ], [ 31.253721187807404, -23.250162281559788 ], [ 31.252053926262434, -23.249114283569863 ], [ 31.250697020401748, -23.247500820917171 ], [ 31.249393598737942, -23.245535764522668 ], [ 31.250062528851625, -23.242951538331855 ], [ 31.250557909679259, -23.240934280414084 ], [ 31.25037298082426, -23.239379017274583 ], [ 31.249062820177041, -23.236438618229155 ], [ 31.248015785376143, -23.234304836715005 ], [ 31.246098396167781, -23.23297405859876 ], [ 31.244618570039485, -23.231810692029857 ], [ 31.244005257564222, -23.230142274758855 ], [ 31.244185672845461, -23.228302121202045 ], [ 31.243500365613954, -23.226163325287345 ], [ 31.242330937404081, -23.224434504684666 ], [ 31.241526150405271, -23.223215450068466 ], [ 31.238622042063536, -23.223381596360142 ], [ 31.237209846600539, -23.224521632620533 ], [ 31.235860753594896, -23.225319214854757 ], [ 31.23425246872981, -23.225021216797252 ], [ 31.232595226072242, -23.224731682259915 ], [ 31.230860062135744, -23.223682716350538 ], [ 31.231358506093702, -23.222189311933825 ], [ 31.230552275948909, -23.220347105932575 ], [ 31.22992820612394, -23.217287869868045 ], [ 31.230483089012949, -23.215217168392467 ], [ 31.230476608398988, -23.212742817121658 ], [ 31.230894784037059, -23.209180587133453 ], [ 31.230955218509926, -23.206074871000272 ], [ 31.230705352337928, -23.203534567299606 ], [ 31.229155543264241, -23.200302365926753 ], [ 31.227861792922088, -23.198400479125528 ], [ 31.225450327580486, -23.194589633395864 ], [ 31.223167803409009, -23.193597637819703 ], [ 31.220885165033959, -23.193355116160909 ], [ 31.218301358106782, -23.192251282955567 ], [ 31.216699450691259, -23.192242164174004 ], [ 31.213678403208263, -23.19170220251485 ], [ 31.212563037819333, -23.18963065485773 ], [ 31.210463559001013, -23.187376338429516 ], [ 31.208303265989162, -23.185292877750328 ], [ 31.207935081935261, -23.182868600566167 ], [ 31.207744765099523, -23.181024278910886 ], [ 31.208607736933583, -23.179300310239022 ], [ 31.209768021784772, -23.177986075153314 ], [ 31.211126523742632, -23.177188803439634 ], [ 31.213093422130346, -23.176913147549417 ], [ 31.214698081101506, -23.177437046278143 ], [ 31.216244157889644, -23.177960265375706 ], [ 31.218642161337478, -23.178321539570415 ], [ 31.220608922468088, -23.178795296138841 ], [ 31.222028936245579, -23.178513345391959 ], [ 31.223257570550974, -23.177190745388721 ], [ 31.224668879271814, -23.173865482747441 ], [ 31.224172750566126, -23.170753486307969 ], [ 31.224167999017691, -23.167412244629734 ], [ 31.224228260602814, -23.165805541373306 ], [ 31.225016229334145, -23.160856819702865 ] ] ] ] } },
{ "type": "Feature", "properties": { "OBJECTID": 76, "LSCAP_ID": 12, "ZONE10": 5, "ZONE17": 8, "Z17CODE": "P", "LANDSCAPE": "Colophospermum mopane / Acacia nigrescens savanna", "LABEL": "12: Colophospermum mopane / Acacia nigrescens savanna", "ALLIANCES_": 8, "ALLIANCES": "08: Metalava plains with Colophospermum mopane tree savanna or Andesitic plains with Combretum collinum shrub savanna", "AREA_HA": 18510.732, "PERIMETER_": 64.707, "PERIMETE_1": 64.7 }, "geometry": { "type": "MultiPolygon", "coordinates": [ [ [ [ 31.027656634401353, -23.403766029582517 ], [ 31.022303757176925, -23.389377915735437 ], [ 30.999764851507756, -23.328802892259443 ], [ 30.970460340776945, -23.250910241591122 ], [ 30.947756734506896, -23.189812664067379 ], [ 30.949301173986591, -23.189092407434501 ], [ 30.952428109301632, -23.18835662041295 ], [ 30.9574738745799, -23.189252896051492 ], [ 30.961218368745364, -23.190944788882156 ], [ 30.96447652112079, -23.193154002960224 ], [ 30.968909761327499, -23.195820767354888 ], [ 30.97191933087408, -23.197042436865495 ], [ 30.978188084005161, -23.199786788146309 ], [ 30.982250971729005, -23.201130158540327 ], [ 30.999842357643235, -23.205147214304176 ], [ 31.004637415339413, -23.20523522044758 ], [ 31.017187638161527, -23.206062150231325 ], [ 31.028635520169477, -23.206133850144685 ], [ 31.037242475261802, -23.206756200888751 ], [ 31.047581160407287, -23.206532757264171 ], [ 31.049792655617107, -23.206948472191669 ], [ 31.054713037965865, -23.207840142615964 ], [ 31.057044585693067, -23.210090252381885 ], [ 31.057845359546786, -23.210786395898836 ], [ 31.058528931612027, -23.211481088493795 ], [ 31.059448482144365, -23.212747556677151 ], [ 31.059137823324729, -23.21463993914098 ], [ 31.058459431664048, -23.218315639414826 ], [ 31.057235047483736, -23.221235128948923 ], [ 31.054400989024742, -23.226681026003817 ], [ 31.052311853576555, -23.229255661359272 ], [ 31.04923406099666, -23.23262162150899 ], [ 31.048372129369053, -23.234109821665715 ], [ 31.048377505083472, -23.237098667550537 ], [ 31.049294277303439, -23.239231997728719 ], [ 31.052125340019199, -23.243447813396035 ], [ 31.053906887921116, -23.245925938066293 ], [ 31.056737485505856, -23.24749601571591 ], [ 31.059204462211316, -23.248537836692318 ], [ 31.061228922611932, -23.250450026685819 ], [ 31.062089109814078, -23.25516505525021 ], [ 31.063755463636308, -23.262932992870734 ], [ 31.06461569897472, -23.264948168437446 ], [ 31.065047294272706, -23.268222196067093 ], [ 31.0650530857035, -23.279996822497075 ], [ 31.06554584753059, -23.288508743786291 ], [ 31.065361283707269, -23.290456850296316 ], [ 31.065784446634591, -23.294317688608455 ], [ 31.066837874054421, -23.296506802270684 ], [ 31.068062575963513, -23.298345868397895 ], [ 31.075947530754515, -23.306777138755759 ], [ 31.078534891670898, -23.310411683560137 ], [ 31.079949163817318, -23.314727099073881 ], [ 31.082777725127574, -23.319285558268945 ], [ 31.083824289286326, -23.321302930999178 ], [ 31.08493265367996, -23.32446781129736 ], [ 31.086415738437925, -23.328097773264936 ], [ 31.087464365830012, -23.333392892644181 ], [ 31.087830354547727, -23.338562285924837 ], [ 31.087833689594468, -23.34379045439989 ], [ 31.087347159751761, -23.34976208858744 ], [ 31.085925874653931, -23.355442367120954 ], [ 31.084448320276586, -23.360264126436395 ], [ 31.083155187903557, -23.36381495812725 ], [ 31.081129788498259, -23.36862995620476 ], [ 31.080631171721539, -23.371332696075065 ], [ 31.081005406498267, -23.374551799017734 ], [ 31.081370883222004, -23.377021343153832 ], [ 31.081622260736555, -23.379263748590848 ], [ 31.081132829804389, -23.381325502294885 ], [ 31.079833056890294, -23.383277977742836 ], [ 31.0782905600358, -23.385101043247314 ], [ 31.077494967496655, -23.38532602802076 ], [ 31.075950199089185, -23.385948116621794 ], [ 31.074599973120659, -23.38732203282607 ], [ 31.072819731496907, -23.390017967585834 ], [ 31.07041063142308, -23.39425015285126 ], [ 31.068996297027727, -23.39666160756941 ], [ 31.066226005464479, -23.40014883343105 ], [ 31.064683906763079, -23.401917568688059 ], [ 31.061606503711868, -23.4043083336454 ], [ 31.059321184036708, -23.4067179028469 ], [ 31.057602050755865, -23.408538534542103 ], [ 31.056429431935069, -23.409110859565672 ], [ 31.052425453107883, -23.409945867548334 ], [ 31.049891657336858, -23.409932312724901 ], [ 31.047678571526827, -23.409399022531744 ], [ 31.044785489618299, -23.40720481971341 ], [ 31.042504799597374, -23.406616437275545 ], [ 31.040345766122275, -23.40574060979969 ], [ 31.037818057583099, -23.40532061967788 ], [ 31.036899730766976, -23.40456867748567 ], [ 31.035482080930873, -23.404505710357572 ], [ 31.034312884167161, -23.404843146833592 ], [ 31.030062054682933, -23.403850554847793 ], [ 31.027656634401353, -23.403766029582517 ] ] ] ] } },
{ "type": "Feature", "properties": { "OBJECTID": 77, "LSCAP_ID": 24, "ZONE10": 8, "ZONE17": 13, "Z17CODE": "P", "LANDSCAPE": "Colophospermum mopane shrubveld on gabbro", "LABEL": "24: Colophospermum mopane shrubveld on gabbro", "ALLIANCES_": 13, "ALLIANCES": "13: Basaltic or gabbroic plains with Acacia nigriscens bush savanna or Colophospermum mopane bush or shrub savanna", "AREA_HA": 15747.696, "PERIMETER_": 211.794, "PERIMETE_1": 211.799 }, "geometry": { "type": "MultiPolygon", "coordinates": [ [ [ [ 31.278427838605907, -23.622503919405709 ], [ 31.279781786848936, -23.625390461172447 ], [ 31.285357799552806, -23.637471066872681 ], [ 31.288622285693592, -23.647223361797622 ], [ 31.287305846148506, -23.658740055538573 ], [ 31.286058187426946, -23.661200460914603 ], [ 31.28525547307396, -23.670880682827924 ], [ 31.285676829311846, -23.676908298185825 ], [ 31.29031050814195, -23.680968807139234 ], [ 31.296620871134227, -23.685806158818327 ], [ 31.311848407668979, -23.700285454797687 ], [ 31.319537245294548, -23.706356021402126 ], [ 31.323549569304181, -23.716224179742291 ], [ 31.323579791768815, -23.727665493942961 ], [ 31.319856752911104, -23.741874353592724 ], [ 31.315832178497761, -23.753524307628709 ], [ 31.314687351569138, -23.757864243373735 ], [ 31.315717488214382, -23.762435586729545 ], [ 31.313858347349292, -23.765097183238332 ], [ 31.312602997120585, -23.770384022093818 ], [ 31.311674561869872, -23.776180091953506 ], [ 31.311635011375017, -23.783800879825741 ], [ 31.312200123823963, -23.790949692499275 ], [ 31.314787826178136, -23.803348901953594 ], [ 31.316942334988099, -23.806749598179746 ], [ 31.323694212893297, -23.815184807019797 ], [ 31.327653098308506, -23.816446832289653 ], [ 31.33029137220036, -23.815834302973371 ], [ 31.338785357946325, -23.809352262102266 ], [ 31.340982526511397, -23.80559236749934 ], [ 31.344622686395525, -23.796375767870188 ], [ 31.345162137123857, -23.792525757305455 ], [ 31.346233909293296, -23.787706209261785 ], [ 31.346857669905159, -23.784940686899031 ], [ 31.349230430865845, -23.783539344685597 ], [ 31.35221894938098, -23.785440489841303 ], [ 31.354917904477094, -23.787744844487378 ], [ 31.356874253490115, -23.790583050687911 ], [ 31.357538777598229, -23.793145618685912 ], [ 31.356796760817101, -23.795964110494083 ], [ 31.354401316089721, -23.799153257859306 ], [ 31.352471035033723, -23.801245672295178 ], [ 31.351301769085154, -23.804465912926045 ], [ 31.350067970591603, -23.807351341539384 ], [ 31.346453226050482, -23.814563684414342 ], [ 31.345697717723667, -23.816867247758875 ], [ 31.350259881642195, -23.820121766836596 ], [ 31.352368095670457, -23.821065369178243 ], [ 31.357642066714142, -23.823162421439751 ], [ 31.358798252979284, -23.82566701017225 ], [ 31.358277761755335, -23.83036608459598 ], [ 31.359055303506064, -23.845020972825925 ], [ 31.362353718071567, -23.849724566795171 ], [ 31.366003877934762, -23.853799732517491 ], [ 31.369155743584663, -23.857697973413355 ], [ 31.372429100545276, -23.861317511066257 ], [ 31.381645311170203, -23.86633601459852 ], [ 31.391551756721963, -23.87197525021751 ], [ 31.386851759250749, -23.880405241813452 ], [ 31.383745664282216, -23.882223796327814 ], [ 31.375316036609949, -23.888826221282581 ], [ 31.370226085427912, -23.892971303820467 ], [ 31.366875406062658, -23.900927249600453 ], [ 31.367059641901395, -23.904243187562415 ], [ 31.367907360854257, -23.906347130133724 ], [ 31.369755663229391, -23.909337584923115 ], [ 31.372146720671559, -23.911349506709374 ], [ 31.373926788993117, -23.913526500445599 ], [ 31.376313922640183, -23.915077794233071 ], [ 31.378153716749136, -23.91720119457003 ], [ 31.379128678343296, -23.918575000975977 ], [ 31.37992463817282, -23.920913118721309 ], [ 31.379598079129156, -23.922679543836281 ], [ 31.378852654403008, -23.924161620939273 ], [ 31.377606393601567, -23.92562937606629 ], [ 31.376127079931358, -23.926877938490641 ], [ 31.373775263146548, -23.927196201243682 ], [ 31.370886758415601, -23.926443208695833 ], [ 31.367997888051683, -23.924940677558631 ], [ 31.36529236109228, -23.922925341275437 ], [ 31.36221466131229, -23.922386895956304 ], [ 31.360551330442863, -23.921863485883048 ], [ 31.358695138662288, -23.923387780300207 ], [ 31.356405934743098, -23.924970627976705 ], [ 31.354422326040837, -23.925689845633862 ], [ 31.35109501761141, -23.926241114877104 ], [ 31.348511284520661, -23.923937845394804 ], [ 31.347478381514811, -23.922509055688217 ], [ 31.345448449940807, -23.921466841112284 ], [ 31.343840455206525, -23.921232803766983 ], [ 31.341802916355181, -23.923098064431752 ], [ 31.340742522562334, -23.923827063107488 ], [ 31.339317205310682, -23.924669497856506 ], [ 31.337233469967739, -23.923229283255061 ], [ 31.335025688573232, -23.9215077743055 ], [ 31.332933738286176, -23.919950028779517 ], [ 31.330733887558718, -23.916856019719503 ], [ 31.330261553916532, -23.914629559403753 ], [ 31.329476056208389, -23.911550893836928 ], [ 31.329004271032112, -23.908520783980887 ], [ 31.329081238189318, -23.906354468511093 ], [ 31.329212711529479, -23.904531877184628 ], [ 31.330514602075869, -23.903345054450057 ], [ 31.331694222965524, -23.902500025824033 ], [ 31.333054506033296, -23.902117466728278 ], [ 31.334656339591248, -23.902812060414956 ], [ 31.335635812511612, -23.903788856956872 ], [ 31.337109323607798, -23.90453621629019 ], [ 31.338887286102807, -23.905286851776445 ], [ 31.340616492495876, -23.90524231557761 ], [ 31.342415446615536, -23.904349706458806 ], [ 31.344274520574199, -23.902590856694779 ], [ 31.346139287968075, -23.900380550050411 ], [ 31.347009879809963, -23.898340131755525 ], [ 31.347088022424202, -23.89605641536259 ], [ 31.346861636771212, -23.893778455220371 ], [ 31.346622567165412, -23.891726104924086 ], [ 31.345899083375468, -23.889153843221198 ], [ 31.344126758599074, -23.887202383715298 ], [ 31.343092287961522, -23.885150495613374 ], [ 31.341629619876212, -23.882796001156308 ], [ 31.340592341381253, -23.880969814806313 ], [ 31.340781825050446, -23.879202004505252 ], [ 31.343707715399059, -23.875377768178101 ], [ 31.346568696043576, -23.873557405460396 ], [ 31.349977344436464, -23.871905396047598 ], [ 31.353954775743439, -23.87030454017631 ], [ 31.357551385551449, -23.868527945136165 ], [ 31.358371444187171, -23.8665681676435 ], [ 31.358068133486348, -23.863368335722299 ], [ 31.355820328016584, -23.858648781365272 ], [ 31.350752659044648, -23.854883287206203 ], [ 31.346474837845353, -23.853112700379405 ], [ 31.342797547040682, -23.851222043755623 ], [ 31.339340855452484, -23.847437404185545 ], [ 31.336145488169802, -23.844730073864397 ], [ 31.331332378857741, -23.844172338480096 ], [ 31.325367818825846, -23.844604255559666 ], [ 31.319520172508351, -23.844341917611519 ], [ 31.315647694395338, -23.841653884584481 ], [ 31.314722366480314, -23.835015870206121 ], [ 31.31280537710758, -23.828403116037975 ], [ 31.312789228873225, -23.824339513020906 ], [ 31.31008128366901, -23.818187621818698 ], [ 31.305771703826419, -23.8114401921361 ], [ 31.303780534162716, -23.807571596859361 ], [ 31.30148275443845, -23.803139754259217 ], [ 31.299388412877903, -23.799676316052413 ], [ 31.298388134865842, -23.795854701095813 ], [ 31.298970359682237, -23.791084342772198 ], [ 31.29983287634629, -23.78437565035178 ], [ 31.301007299838595, -23.778573361897251 ], [ 31.301729781893258, -23.77431922073788 ], [ 31.301402763645832, -23.770035470495376 ], [ 31.297311401538142, -23.765511603008314 ], [ 31.294541952155178, -23.760451419083736 ], [ 31.292959489634956, -23.758420282405169 ], [ 31.29261265666084, -23.756429883004632 ], [ 31.291802018806493, -23.752393609557551 ], [ 31.294707846338266, -23.749978619301938 ], [ 31.297955232103234, -23.749201738267836 ], [ 31.30068219529668, -23.749972203813869 ], [ 31.303238211924658, -23.751824331658895 ], [ 31.305978223369841, -23.753109554538206 ], [ 31.309225520492397, -23.752341466051959 ], [ 31.312032628867922, -23.744624492410786 ], [ 31.312177887328357, -23.739442902495234 ], [ 31.311059532788423, -23.735647146999185 ], [ 31.31236099497152, -23.732844022346079 ], [ 31.314433110742399, -23.728839274498284 ], [ 31.31368613913601, -23.725146911695536 ], [ 31.310034470081369, -23.717774734613741 ], [ 31.307045883521422, -23.716044423129876 ], [ 31.302698446221946, -23.713983105391691 ], [ 31.2994060711586, -23.7122493203231 ], [ 31.300396657612914, -23.709217123909688 ], [ 31.301461413170873, -23.707269323524383 ], [ 31.301176988381222, -23.704999688943829 ], [ 31.298505937301162, -23.703769360020047 ], [ 31.295473630937007, -23.703176131955097 ], [ 31.292798039880307, -23.701548342472794 ], [ 31.28926703027598, -23.700100683352041 ], [ 31.285689468728354, -23.699970794539379 ], [ 31.282389413967707, -23.698119197423242 ], [ 31.278967088524769, -23.69587788994022 ], [ 31.275440986197559, -23.694827296569827 ], [ 31.272383587368825, -23.696165737044872 ], [ 31.268669862091112, -23.69819207010416 ], [ 31.265620575918831, -23.699647847755827 ], [ 31.262553167942336, -23.700245526486981 ], [ 31.258180658019292, -23.700169283365273 ], [ 31.252626159401085, -23.696070352823757 ], [ 31.249161701486109, -23.691886534534746 ], [ 31.246184712548214, -23.687193473403635 ], [ 31.243764660338773, -23.682660186617671 ], [ 31.243990825528261, -23.67821107534408 ], [ 31.244290589231372, -23.674855398030086 ], [ 31.246408271683848, -23.669714352523883 ], [ 31.25037593629671, -23.664774766479177 ], [ 31.254787338683489, -23.660354760158448 ], [ 31.259888606281333, -23.657116239564903 ], [ 31.264572620107899, -23.657250034797489 ], [ 31.269336129161498, -23.658793237233805 ], [ 31.272422576067335, -23.662638288860094 ], [ 31.272678620980336, -23.666280185312658 ], [ 31.274646488131051, -23.666482711820645 ], [ 31.276073097340714, -23.663852835720373 ], [ 31.277908986422744, -23.65990912674436 ], [ 31.279991329940824, -23.655850735677998 ], [ 31.278782372778682, -23.65085280164757 ], [ 31.277921456172542, -23.647727918813949 ], [ 31.275266171642301, -23.646894735984141 ], [ 31.272072514302536, -23.647500292615629 ], [ 31.268774169787449, -23.648610286308738 ], [ 31.265011094041657, -23.647791643023371 ], [ 31.263611407015965, -23.645410144622439 ], [ 31.264047895889185, -23.642787339811953 ], [ 31.266769829594303, -23.64003658895512 ], [ 31.270015014769072, -23.636244154060027 ], [ 31.270659159857754, -23.631230711124758 ], [ 31.268733788430414, -23.627091594181749 ], [ 31.267640965724134, -23.624487810441135 ], [ 31.265033619965131, -23.623031947501982 ], [ 31.258240346000612, -23.621673582739049 ], [ 31.25192000175732, -23.622351973996352 ], [ 31.24524353954315, -23.624010328400736 ], [ 31.240014328775828, -23.627364359170723 ], [ 31.232171308485988, -23.631934538004447 ], [ 31.227386972098579, -23.632773875034779 ], [ 31.223544151635803, -23.63138447072517 ], [ 31.219189846652306, -23.628688820126193 ], [ 31.21535429909186, -23.623886066766552 ], [ 31.215210188483386, -23.619333421954188 ], [ 31.216481047876485, -23.615221442948855 ], [ 31.21928832526832, -23.610531120363483 ], [ 31.224165014868021, -23.604961446058276 ], [ 31.22487400729354, -23.596698268094091 ], [ 31.223730957400971, -23.591357617395662 ], [ 31.224818290222352, -23.588462454873568 ], [ 31.223202993668103, -23.585455119729591 ], [ 31.220970095335538, -23.581754433703232 ], [ 31.218486839217199, -23.574836242636614 ], [ 31.220573749714479, -23.569731227632037 ], [ 31.23214962717708, -23.559731854261607 ], [ 31.238733495705148, -23.555228439752202 ], [ 31.242808280548978, -23.553757524431237 ], [ 31.245318984979146, -23.547618450384288 ], [ 31.251438961454564, -23.528489722202643 ], [ 31.254253699518543, -23.522985956415415 ], [ 31.257881679327927, -23.517428018456318 ], [ 31.260584515794246, -23.512202784555182 ], [ 31.262408850236408, -23.504511525954236 ], [ 31.262396931774862, -23.502434489153924 ], [ 31.261341903213939, -23.49777225598169 ], [ 31.26138361424378, -23.492354708292051 ], [ 31.261815799840427, -23.491501678295368 ], [ 31.259510393418172, -23.488125802253712 ], [ 31.255883710659347, -23.487705988047594 ], [ 31.254470036088346, -23.489487128834654 ], [ 31.252006533727844, -23.492177538780911 ], [ 31.250098656736835, -23.495045716250484 ], [ 31.247815828684178, -23.496645451449321 ], [ 31.245661898081703, -23.497379725140096 ], [ 31.242814325252841, -23.497997784662239 ], [ 31.238934197122759, -23.498215832058705 ], [ 31.23719346648836, -23.496588811935492 ], [ 31.23441937240743, -23.49536544225408 ], [ 31.232621962906357, -23.494324677913152 ], [ 31.228302890033223, -23.495160548018859 ], [ 31.224348404848168, -23.495088432104779 ], [ 31.220888239426014, -23.494660666781265 ], [ 31.216752965078182, -23.494929429073714 ], [ 31.213734080694245, -23.494452377729182 ], [ 31.209341065504084, -23.493507987085646 ], [ 31.205822513900404, -23.492338773106265 ], [ 31.202794577268151, -23.490371487935185 ], [ 31.199515886001571, -23.488852741500459 ], [ 31.197542335362325, -23.487114257670289 ], [ 31.193216301848654, -23.484156557300409 ], [ 31.190120672682546, -23.481438784350463 ], [ 31.187344342741699, -23.479004592735603 ], [ 31.184312029828764, -23.476684761488052 ], [ 31.18233068322554, -23.474828623500002 ], [ 31.178627440218779, -23.47290720457622 ], [ 31.17541043882667, -23.471226167985275 ], [ 31.172326685225979, -23.469826553079642 ], [ 31.169910131736813, -23.468317326770713 ], [ 31.167377813999835, -23.466689318294719 ], [ 31.165527955150896, -23.464554607616463 ], [ 31.16324188708057, -23.462116759137761 ], [ 31.162994273432883, -23.460912888997221 ], [ 31.163106341069572, -23.459180501598293 ], [ 31.163600980391379, -23.458093729600602 ], [ 31.164956911013061, -23.457008061857728 ], [ 31.165518710379164, -23.456725719208613 ], [ 31.168845478085352, -23.456800932263601 ], [ 31.1716874751381, -23.457962993320454 ], [ 31.174779477395685, -23.460166354284823 ], [ 31.176505189437378, -23.462082794413988 ], [ 31.179474479412498, -23.464681945197441 ], [ 31.182321232339714, -23.466945513882667 ], [ 31.185907334905718, -23.469551742055966 ], [ 31.188319301367141, -23.471412839154805 ], [ 31.191780319206501, -23.474595396775566 ], [ 31.195118194147817, -23.47748750447353 ], [ 31.196974121774979, -23.479224651521623 ], [ 31.199688729503315, -23.481892742949711 ], [ 31.202842087452417, -23.483978912929953 ], [ 31.205993958528229, -23.48618239434683 ], [ 31.20834580526034, -23.487464603959953 ], [ 31.211554595185579, -23.489090723891835 ], [ 31.215201106461979, -23.490207093598286 ], [ 31.217794656199807, -23.490272902569505 ], [ 31.220818342926144, -23.489657309232349 ], [ 31.223715005275825, -23.488290725591025 ], [ 31.22544616196797, -23.486224542317977 ], [ 31.226616063002169, -23.484395758239923 ], [ 31.227963312465938, -23.481747256955565 ], [ 31.22827250569966, -23.479854487652631 ], [ 31.22765435056867, -23.477030121835107 ], [ 31.226653310622574, -23.475754546207607 ], [ 31.224743724167865, -23.475805048817222 ], [ 31.222032265862381, -23.475792203940767 ], [ 31.21943753734045, -23.475834824746659 ], [ 31.216720622733504, -23.476228170222441 ], [ 31.214187172258374, -23.477535587816035 ], [ 31.212524384003, -23.478157648791072 ], [ 31.209623755012846, -23.478377192393729 ], [ 31.207036066594085, -23.47789595283901 ], [ 31.205058298754015, -23.477195949955075 ], [ 31.202833045970213, -23.475978368378012 ], [ 31.201403452805401, -23.47383986579381 ], [ 31.198620797450076, -23.471866319457334 ], [ 31.197022478232828, -23.46990642825871 ], [ 31.196393646435418, -23.467199234779056 ], [ 31.195220704929767, -23.464196787768074 ], [ 31.195210079482543, -23.461379356493268 ], [ 31.194773638910423, -23.458204832429569 ], [ 31.194642792807695, -23.454871307310921 ], [ 31.19519793798732, -23.451473480552874 ], [ 31.195689155345118, -23.449176551513968 ], [ 31.197405642444007, -23.446017884423153 ], [ 31.19869723891486, -23.443152274445904 ], [ 31.200177137987133, -23.440108224423419 ], [ 31.200967982878037, -23.435909419608834 ], [ 31.200404122438865, -23.432742460525233 ], [ 31.199911588226762, -23.430091025507785 ], [ 31.19917055381508, -23.427725679135168 ], [ 31.198236551430181, -23.425881836362084 ], [ 31.196263130064327, -23.425642332582413 ], [ 31.193732834294249, -23.426777932306219 ], [ 31.191579409518344, -23.428260989348662 ], [ 31.189545261974498, -23.430323307689527 ], [ 31.188315401646758, -23.431528067982718 ], [ 31.186280855945473, -23.432895035994555 ], [ 31.183563574787453, -23.434091494290179 ], [ 31.180229077699952, -23.435334886236973 ], [ 31.176656598632857, -23.435374460169395 ], [ 31.172954047160388, -23.436333467661065 ], [ 31.169932185180823, -23.43689402797833 ], [ 31.166664190629543, -23.437559994316061 ], [ 31.164255778997791, -23.439048681826833 ], [ 31.161661237381399, -23.439839846353536 ], [ 31.158828427861561, -23.440167638609378 ], [ 31.154874241633337, -23.440202202170052 ], [ 31.152339373007376, -23.438808723146106 ], [ 31.149993965401524, -23.437868936623932 ], [ 31.145797138853549, -23.435661033570735 ], [ 31.142464186445928, -23.433968969613474 ], [ 31.139557073768827, -23.433320326979558 ], [ 31.13572847939442, -23.43209175973848 ], [ 31.13319730019435, -23.431158542771012 ], [ 31.130488530569469, -23.431026797840509 ], [ 31.127523850804057, -23.431695573694906 ], [ 31.12548370520134, -23.431336990646432 ], [ 31.124000393115509, -23.430353001290179 ], [ 31.122031086614555, -23.42706060109974 ], [ 31.12066521002977, -23.42469646514181 ], [ 31.118811876540228, -23.422209061984987 ], [ 31.118069920324366, -23.420014955818623 ], [ 31.116836349893504, -23.418681761475042 ], [ 31.116278590642434, -23.417302534248936 ], [ 31.116340609773349, -23.415686982707584 ], [ 31.116580314990603, -23.414651468661145 ], [ 31.117694757509888, -23.413337550972987 ], [ 31.118804405649264, -23.413052942873986 ], [ 31.119415776437119, -23.412717179769146 ], [ 31.120776536534578, -23.413356602341743 ], [ 31.122132435488815, -23.415034362631996 ], [ 31.123246216324631, -23.416537640126247 ], [ 31.12436244088887, -23.417869377032641 ], [ 31.126091090495542, -23.418793094016554 ], [ 31.128615375461806, -23.420195871829652 ], [ 31.130663634559841, -23.421358142133215 ], [ 31.132631107634015, -23.422004730534102 ], [ 31.134116808482656, -23.422817102122231 ], [ 31.136404977452063, -23.425020580212532 ], [ 31.138443775395892, -23.426868897435206 ], [ 31.141216231039866, -23.428039672102202 ], [ 31.145662127319454, -23.429907514527439 ], [ 31.149310529647284, -23.430727366410451 ], [ 31.153691915879865, -23.431619014810362 ], [ 31.158317074138154, -23.431872307973549 ], [ 31.161281938059027, -23.431889201778365 ], [ 31.16436478304129, -23.43115795659693 ], [ 31.166714410641621, -23.430372890409213 ], [ 31.170903794817718, -23.429582265443052 ], [ 31.173624179754569, -23.428160319724871 ], [ 31.177133911316925, -23.42697328705615 ], [ 31.181694323298132, -23.423369388661136 ], [ 31.184286133762228, -23.421313657478326 ], [ 31.186315844095326, -23.418854037859649 ], [ 31.187551437802725, -23.416502561445732 ], [ 31.189640153656395, -23.414729844933309 ], [ 31.191369629772314, -23.413467640572136 ], [ 31.194081712963506, -23.414058875112381 ], [ 31.197913983888419, -23.41719136264528 ], [ 31.202795664178094, -23.422331453979488 ], [ 31.207183963409044, -23.427077457057841 ], [ 31.212014156747479, -23.432460506586722 ], [ 31.217396691321355, -23.437551744625715 ], [ 31.222394507397883, -23.441437448981013 ], [ 31.225181418749862, -23.44380792985443 ], [ 31.228890359439429, -23.44676675211149 ], [ 31.232043232810742, -23.449601802861331 ], [ 31.234701166638839, -23.451392747677609 ], [ 31.237915309196921, -23.453316354196112 ], [ 31.239209146453959, -23.455389802448167 ], [ 31.241876107009546, -23.457993435706673 ], [ 31.243728609407153, -23.46001896758473 ], [ 31.244538383870047, -23.462439095256624 ], [ 31.244288917784658, -23.464278406565711 ], [ 31.243805853544163, -23.466756215440331 ], [ 31.245232980405923, -23.469869572181558 ], [ 31.248326464511013, -23.472821051201322 ], [ 31.251475901445684, -23.474508900646239 ], [ 31.254007233791526, -23.476307157758129 ], [ 31.258084513064585, -23.4789173042405 ], [ 31.260558121592418, -23.480651606895222 ], [ 31.263650716870146, -23.482221200016362 ], [ 31.26625018009684, -23.484074210938797 ], [ 31.271409835726356, -23.488556261506169 ], [ 31.274595549754835, -23.495030010740024 ], [ 31.276197463686714, -23.496826669043415 ], [ 31.275670826005037, -23.504189371691727 ], [ 31.273217437284114, -23.510618671696484 ], [ 31.270395505838913, -23.51600536902663 ], [ 31.268435723152088, -23.519098939863785 ], [ 31.264073590020732, -23.525407474875671 ], [ 31.25829569072588, -23.531356882187783 ], [ 31.255651818491017, -23.537268979490378 ], [ 31.25449157696907, -23.539098075959309 ], [ 31.252292243209695, -23.547660855568125 ], [ 31.250647269177399, -23.555019810771565 ], [ 31.250905217285151, -23.558472143395011 ], [ 31.249670763004445, -23.560706698292183 ], [ 31.247759762841817, -23.562247342564465 ], [ 31.243020318639665, -23.566537219412368 ], [ 31.239081136730963, -23.569562793472262 ], [ 31.233907375979911, -23.573323708055955 ], [ 31.23157397393711, -23.57492253999672 ], [ 31.228371826170182, -23.578470902220204 ], [ 31.228318033443195, -23.581748114614928 ], [ 31.229930125367961, -23.585730585655202 ], [ 31.230877202497243, -23.592549861978618 ], [ 31.23187531263488, -23.596299575480565 ], [ 31.234703941789029, -23.599456080980513 ], [ 31.23765099592406, -23.602559705798917 ], [ 31.242804670934962, -23.605534768953447 ], [ 31.245719103665376, -23.606696466472172 ], [ 31.246321949892295, -23.609258727407855 ], [ 31.248138010563942, -23.611229686161405 ], [ 31.253817107070581, -23.612314065430891 ], [ 31.259211157575781, -23.611245929491336 ], [ 31.263293475254134, -23.609323147106942 ], [ 31.267504474305245, -23.607293328415633 ], [ 31.271094536403602, -23.608516280723048 ], [ 31.275141562915131, -23.614512042306679 ], [ 31.277061673242489, -23.618307890291916 ], [ 31.278427838605907, -23.622503919405709 ] ] ] ] } },
{ "type": "Feature", "properties": { "OBJECTID": 78, "LSCAP_ID": 10, "ZONE10": 5, "ZONE17": 6, "Z17CODE": "P", "LANDSCAPE": "Letaba River Rugged Veld", "LABEL": "10: Letaba River Rugged Veld", "ALLIANCES_": 6, "ALLIANCES": "06: Metalava with Colophospermum mopane tree savanna", "AREA_HA": 21445.258, "PERIMETER_": 121.719, "PERIMETE_1": 121.717 }, "geometry": { "type": "MultiPolygon", "coordinates": [ [ [ [ 31.149305752762423, -23.732829027157578 ], [ 31.143584757521282, -23.648443716660196 ], [ 31.143036345184864, -23.647714790573719 ], [ 31.142256690362373, -23.646703178315597 ], [ 31.141099059702466, -23.64538905839548 ], [ 31.139819769533268, -23.644362413524753 ], [ 31.138565208074056, -23.642974877876586 ], [ 31.137348593161136, -23.641678083577677 ], [ 31.136098814231655, -23.639956498131486 ], [ 31.134640977600863, -23.638394930960541 ], [ 31.13353921687559, -23.637298139511032 ], [ 31.132746565086755, -23.636521093937517 ], [ 31.131588860486261, -23.635224968755754 ], [ 31.130384673152154, -23.634442953068408 ], [ 31.128503557962709, -23.633020700910631 ], [ 31.126773062990132, -23.6313474233379 ], [ 31.125895511465671, -23.630343585084642 ], [ 31.124382067714272, -23.628573582758186 ], [ 31.122930817947061, -23.627255790665007 ], [ 31.121701739853879, -23.626166412004032 ], [ 31.1211804857485, -23.62560930519312 ], [ 31.120649431507587, -23.624365843163766 ], [ 31.119823927075032, -23.623154928720126 ], [ 31.117668114079795, -23.62040190593456 ], [ 31.116875409584349, -23.618956611488027 ], [ 31.116077701013904, -23.617177165145598 ], [ 31.115295087209272, -23.615713927704395 ], [ 31.114906305413225, -23.614806265187866 ], [ 31.114481181286287, -23.613699513560753 ], [ 31.114023311957496, -23.612827127318027 ], [ 31.113399670441041, -23.611898548311199 ], [ 31.112910741547882, -23.61114316381618 ], [ 31.112585912624784, -23.610561332348354 ], [ 31.112447490163664, -23.60996370885459 ], [ 31.112068151562148, -23.609083243541427 ], [ 31.110801046243221, -23.607930121218484 ], [ 31.109437419067415, -23.606676490594229 ], [ 31.107905847576689, -23.605520125140309 ], [ 31.106627849416618, -23.604448103515683 ], [ 31.105009328000627, -23.603209386797666 ], [ 31.104016123345872, -23.602095675285394 ], [ 31.102969353183148, -23.600620128807638 ], [ 31.102137603374853, -23.599183322472612 ], [ 31.101668375807417, -23.598428148057373 ], [ 31.100792483486376, -23.596656709349755 ], [ 31.100257040965857, -23.595738192777642 ], [ 31.099917093444951, -23.594171952920206 ], [ 31.099714813434318, -23.592571279834527 ], [ 31.099618207561878, -23.591116369595241 ], [ 31.099703035430778, -23.58998873673033 ], [ 31.099991527975728, -23.589685268200316 ], [ 31.100438262490655, -23.588598179399558 ], [ 31.100916372586052, -23.588053234961823 ], [ 31.101341083928634, -23.587814634795425 ], [ 31.101983110799285, -23.587452278128922 ], [ 31.103288042970945, -23.586637517361304 ], [ 31.105234779838995, -23.586155634018478 ], [ 31.106729237322394, -23.585785594975711 ], [ 31.108754443539617, -23.585295593205554 ], [ 31.110844454367733, -23.585068205411638 ], [ 31.113633149732209, -23.584623540777066 ], [ 31.116042136877464, -23.584011690007426 ], [ 31.117599568600163, -23.583344335627629 ], [ 31.11960846173713, -23.582619224632385 ], [ 31.120608056054365, -23.581908966357318 ], [ 31.121869249040675, -23.580714273527835 ], [ 31.122407940965495, -23.580034546815362 ], [ 31.122741576513011, -23.579307192727569 ], [ 31.122995015283678, -23.578019041990206 ], [ 31.123362390442018, -23.576985091770769 ], [ 31.123593275942099, -23.575904344509496 ], [ 31.123820820672144, -23.57505832244453 ], [ 31.124043827904291, -23.573842036699137 ], [ 31.124096604959103, -23.572885549853432 ], [ 31.12415694916098, -23.571396415217826 ], [ 31.124263568282156, -23.570097457827107 ], [ 31.124004466834897, -23.56902885183159 ], [ 31.123772826901437, -23.568096019194442 ], [ 31.12330074486901, -23.567539520845759 ], [ 31.123132751550735, -23.566264335970963 ], [ 31.122849713724626, -23.565502441562181 ], [ 31.122816569814937, -23.565077655856868 ], [ 31.12255945195831, -23.564559869957403 ], [ 31.1218777016737, -23.563594508769981 ], [ 31.120685278473324, -23.562722295391861 ], [ 31.119821354964067, -23.562170079011082 ], [ 31.119039281080774, -23.562061292524653 ], [ 31.117638139597602, -23.561403238476913 ], [ 31.115787414323677, -23.560676517077976 ], [ 31.114765800506881, -23.560194598250558 ], [ 31.113410187851152, -23.559780855310219 ], [ 31.112265405498697, -23.559008483637662 ], [ 31.110520040072153, -23.55776830385178 ], [ 31.109651826581384, -23.556836745908935 ], [ 31.108951270527108, -23.555825958206015 ], [ 31.108378550790849, -23.554780605519465 ], [ 31.108182463552058, -23.554110041322843 ], [ 31.108459280135985, -23.553246583499206 ], [ 31.109211573551729, -23.552009671375355 ], [ 31.109560801684648, -23.550876208029546 ], [ 31.109631718929784, -23.549342064581747 ], [ 31.1094395275362, -23.547714427694849 ], [ 31.109308008468229, -23.546638324487006 ], [ 31.109383679019789, -23.545456386747304 ], [ 31.109647981635934, -23.544096152654852 ], [ 31.110344808203859, -23.542623790432202 ], [ 31.111445282507841, -23.541002824893305 ], [ 31.112405807205967, -23.539578799825307 ], [ 31.112888316344968, -23.538708796134351 ], [ 31.113626821433993, -23.537742570977795 ], [ 31.114304248013198, -23.536938131809325 ], [ 31.114772041484855, -23.535724822303983 ], [ 31.115552496327233, -23.533874205151932 ], [ 31.116254744895883, -23.532699847193211 ], [ 31.116883942646222, -23.531840633249452 ], [ 31.117450374914174, -23.530574329645354 ], [ 31.117987293649861, -23.529316695746726 ], [ 31.11799304343689, -23.528224196174744 ], [ 31.11803243415692, -23.527520371764059 ], [ 31.117953561894179, -23.526869293943815 ], [ 31.117753187723025, -23.525810419014611 ], [ 31.117323901973567, -23.525010630126271 ], [ 31.116719543624868, -23.524127456208394 ], [ 31.115126846973048, -23.523196195183552 ], [ 31.113054832805918, -23.52360450149996 ], [ 31.110592338936062, -23.523926773914095 ], [ 31.10820541224874, -23.525812022904596 ], [ 31.106288643444433, -23.52768489492604 ], [ 31.103791730458884, -23.529035992588135 ], [ 31.101883975555182, -23.529590615785562 ], [ 31.100095255690704, -23.530038315072304 ], [ 31.097539103960592, -23.531415671097744 ], [ 31.094934386897862, -23.53140185806803 ], [ 31.09293737709822, -23.531350304485027 ], [ 31.090847019910644, -23.530981550984258 ], [ 31.088735129766977, -23.530070742011834 ], [ 31.086862561037844, -23.529542082720404 ], [ 31.08542368526906, -23.528820092370228 ], [ 31.08439355905486, -23.52827468031062 ], [ 31.08354255410369, -23.527532821827315 ], [ 31.082945203154296, -23.526857289927104 ], [ 31.082368486480561, -23.526109775311021 ], [ 31.081959002679735, -23.525310143949724 ], [ 31.0817347852018, -23.523889768900464 ], [ 31.081755070841766, -23.522490466185708 ], [ 31.081955267871244, -23.52016335481396 ], [ 31.082169148321515, -23.518242732867446 ], [ 31.082274303715653, -23.515715801833295 ], [ 31.08184142735378, -23.512477949422593 ], [ 31.081588376739539, -23.511021100520729 ], [ 31.080778245570457, -23.509494179495199 ], [ 31.079686305461987, -23.50849651305305 ], [ 31.077911881161121, -23.507300799395644 ], [ 31.075418023363632, -23.50643026309498 ], [ 31.072740046528999, -23.505430998711745 ], [ 31.070607669510956, -23.504619038331629 ], [ 31.069231178811986, -23.503671954405565 ], [ 31.068110799983973, -23.502619684541191 ], [ 31.067434929121013, -23.501970215244267 ], [ 31.067022176771609, -23.501405273442472 ], [ 31.066967001062814, -23.501160796370787 ], [ 31.066865648416002, -23.500726129930769 ], [ 31.066706749805686, -23.500209485021806 ], [ 31.06615551452515, -23.49974214490787 ], [ 31.065687635381249, -23.499600894500471 ], [ 31.065239466488695, -23.499450858255599 ], [ 31.064957837419556, -23.499293860691449 ], [ 31.064569985016309, -23.499036219976993 ], [ 31.064231077137631, -23.498779186703807 ], [ 31.063734893660552, -23.498565344245794 ], [ 31.063069249388263, -23.497888897075207 ], [ 31.059557094478787, -23.489691702433642 ], [ 31.053605220847178, -23.473671690465995 ], [ 31.059849664944291, -23.4737134224223 ], [ 31.066227113211479, -23.474704637627944 ], [ 31.072145270676494, -23.47497659473796 ], [ 31.082202428525029, -23.476716928901929 ], [ 31.092990157161402, -23.476686764176353 ], [ 31.105518291236844, -23.480911852929658 ], [ 31.110648559791304, -23.484983240956979 ], [ 31.113367851576925, -23.491327825392201 ], [ 31.116593810539523, -23.499926849963035 ], [ 31.118637277098962, -23.506326393131328 ], [ 31.121301764732536, -23.513825983046221 ], [ 31.126247893580448, -23.519267199970322 ], [ 31.130759347929722, -23.523619511053891 ], [ 31.139290369900294, -23.531153083342225 ], [ 31.144052627056642, -23.537232695109079 ], [ 31.150111636244695, -23.545160615960377 ], [ 31.152837450808022, -23.549147980523575 ], [ 31.154263915660469, -23.555711378774731 ], [ 31.154788854243208, -23.567916588738029 ], [ 31.155483792290827, -23.57707180636358 ], [ 31.156861991638092, -23.585711410782164 ], [ 31.155885380375917, -23.593898664607423 ], [ 31.155719414675037, -23.598059320371135 ], [ 31.157101272532842, -23.602942662188976 ], [ 31.158628328784712, -23.609362741445171 ], [ 31.162622925109396, -23.615929431615278 ], [ 31.165137976824809, -23.622505629930274 ], [ 31.165918171238296, -23.624889631772479 ], [ 31.166436434576195, -23.629898137041561 ], [ 31.167409375867706, -23.636040708482028 ], [ 31.170707697903417, -23.641307773024845 ], [ 31.175732768220016, -23.647182030664336 ], [ 31.178495505928751, -23.65011301623392 ], [ 31.182482954348519, -23.653094443526012 ], [ 31.188238417918889, -23.654407919733956 ], [ 31.197327386382888, -23.653538708849858 ], [ 31.219548138245088, -23.644224077142937 ], [ 31.233396214801829, -23.638522177113522 ], [ 31.239687565954032, -23.635677103379095 ], [ 31.24480697621124, -23.633233872649939 ], [ 31.253498561652801, -23.631164834287542 ], [ 31.261225656954874, -23.630122921536298 ], [ 31.268733788430414, -23.627091594181749 ], [ 31.270659159857754, -23.631230711124758 ], [ 31.270015014769072, -23.636244154060027 ], [ 31.266769829594303, -23.64003658895512 ], [ 31.264047895889185, -23.642787339811953 ], [ 31.263611407015965, -23.645410144622439 ], [ 31.265011094041657, -23.647791643023371 ], [ 31.268774169787449, -23.648610286308738 ], [ 31.272072514302536, -23.647500292615629 ], [ 31.275266171642301, -23.646894735984141 ], [ 31.277921456172542, -23.647727918813949 ], [ 31.278782372778682, -23.65085280164757 ], [ 31.279991329940824, -23.655850735677998 ], [ 31.277908986422744, -23.65990912674436 ], [ 31.276073097340714, -23.663852835720373 ], [ 31.274646488131051, -23.666482711820645 ], [ 31.272678620980336, -23.666280185312658 ], [ 31.272422576067335, -23.662638288860094 ], [ 31.269336129161498, -23.658793237233805 ], [ 31.264572620107899, -23.657250034797489 ], [ 31.259888606281333, -23.657116239564903 ], [ 31.254787338683489, -23.660354760158448 ], [ 31.25037593629671, -23.664774766479177 ], [ 31.246408271683848, -23.669714352523883 ], [ 31.244290589231372, -23.674855398030086 ], [ 31.243990825528261, -23.67821107534408 ], [ 31.243764660338773, -23.682660186617671 ], [ 31.246184712548214, -23.687193473403635 ], [ 31.249161701486109, -23.691886534534746 ], [ 31.252626159401085, -23.696070352823757 ], [ 31.258180658019292, -23.700169283365273 ], [ 31.262553167942336, -23.700245526486981 ], [ 31.265620575918831, -23.699647847755827 ], [ 31.268669862091112, -23.69819207010416 ], [ 31.272383587368825, -23.696165737044872 ], [ 31.275440986197559, -23.694827296569827 ], [ 31.278967088524769, -23.69587788994022 ], [ 31.282389413967707, -23.698119197423242 ], [ 31.285689468728354, -23.699970794539379 ], [ 31.28926703027598, -23.700100683352041 ], [ 31.292798039880307, -23.701548342472794 ], [ 31.295473630937007, -23.703176131955097 ], [ 31.298505937301162, -23.703769360020047 ], [ 31.301176988381222, -23.704999688943829 ], [ 31.301461413170873, -23.707269323524383 ], [ 31.300396657612914, -23.709217123909688 ], [ 31.2994060711586, -23.7122493203231 ], [ 31.302698446221946, -23.713983105391691 ], [ 31.307045883521422, -23.716044423129876 ], [ 31.310034470081369, -23.717774734613741 ], [ 31.31368613913601, -23.725146911695536 ], [ 31.314433110742399, -23.728839274498284 ], [ 31.31236099497152, -23.732844022346079 ], [ 31.311059532788423, -23.735647146999185 ], [ 31.312177887328357, -23.739442902495234 ], [ 31.312032628867922, -23.744624492410786 ], [ 31.309225520492397, -23.752341466051959 ], [ 31.305978223369841, -23.753109554538206 ], [ 31.303238211924658, -23.751824331658895 ], [ 31.30068219529668, -23.749972203813869 ], [ 31.297955232103234, -23.749201738267836 ], [ 31.294707846338266, -23.749978619301938 ], [ 31.291802018806493, -23.752393609557551 ], [ 31.29261265666084, -23.756429883004632 ], [ 31.292959489634956, -23.758420282405169 ], [ 31.294541952155178, -23.760451419083736 ], [ 31.297311401538142, -23.765511603008314 ], [ 31.290392346974212, -23.764180014636949 ], [ 31.286394558304512, -23.760794673876081 ], [ 31.284628626650665, -23.755555835747547 ], [ 31.282597356023466, -23.751858130858658 ], [ 31.280872592588725, -23.748732691972123 ], [ 31.278291988720881, -23.745796359151722 ], [ 31.274797698656123, -23.742976207659964 ], [ 31.271839166981355, -23.742681287810484 ], [ 31.268824929560175, -23.742891355817747 ], [ 31.266671022494609, -23.742578259601125 ], [ 31.262100177672348, -23.738860841012421 ], [ 31.258175395116293, -23.735999376291769 ], [ 31.256218454728415, -23.73637462097437 ], [ 31.252880154387384, -23.738829132015546 ], [ 31.250451271699639, -23.740752078361311 ], [ 31.247141153166758, -23.741084789699716 ], [ 31.235723593614889, -23.735970487657806 ], [ 31.230877567528282, -23.730199317991513 ], [ 31.227730640645444, -23.726461112346744 ], [ 31.224159658073908, -23.722907603187359 ], [ 31.219962268089979, -23.72216406072873 ], [ 31.215711233722995, -23.721762913513128 ], [ 31.211108108561799, -23.71913629188241 ], [ 31.199952737787669, -23.718031659866273 ], [ 31.178895956308594, -23.720205059181271 ], [ 31.174352655747583, -23.720386257912914 ], [ 31.169768942432096, -23.722056707789775 ], [ 31.160517692414686, -23.727852191331849 ], [ 31.157103431188567, -23.729328475287897 ], [ 31.149305752762423, -23.732829027157578 ] ] ] ] } },
{ "type": "Feature", "properties": { "OBJECTID": 79, "LSCAP_ID": 10, "ZONE10": 5, "ZONE17": 6, "Z17CODE": "P", "LANDSCAPE": "Letaba River Rugged Veld", "LABEL": "10: Letaba River Rugged Veld", "ALLIANCES_": 6, "ALLIANCES": "06: Metalava with Colophospermum mopane tree savanna", "AREA_HA": 38298.749, "PERIMETER_": 83.998, "PERIMETE_1": 84.005 }, "geometry": { "type": "MultiPolygon", "coordinates": [ [ [ [ 31.411613422238894, -23.567548012848803 ], [ 31.413162013649782, -23.568304326169724 ], [ 31.413731375160079, -23.571470785612931 ], [ 31.414871901047462, -23.577659229987294 ], [ 31.418145878114625, -23.581611801265893 ], [ 31.423513521822898, -23.591581778651694 ], [ 31.427959518277461, -23.601659659550446 ], [ 31.430854517306972, -23.607892854999644 ], [ 31.432729759412769, -23.612544413359174 ], [ 31.443046282451711, -23.626898309333214 ], [ 31.447038986386929, -23.635733992931637 ], [ 31.452162807244854, -23.642621275303217 ], [ 31.455619676968514, -23.649591141526095 ], [ 31.458306827465734, -23.654512401279455 ], [ 31.459490321996032, -23.658091201721337 ], [ 31.462414417250582, -23.662897358169285 ], [ 31.46610147612919, -23.668713403613765 ], [ 31.470371636996106, -23.675844549040164 ], [ 31.473127265614092, -23.68424299021784 ], [ 31.476124619559499, -23.692120001004266 ], [ 31.47946438538975, -23.699250796530528 ], [ 31.482844364712264, -23.704630010848764 ], [ 31.485242698613572, -23.707561322005802 ], [ 31.490601303654628, -23.714052430488355 ], [ 31.49467409537656, -23.723230977385242 ], [ 31.495198003409438, -23.728004174292955 ], [ 31.497147735547539, -23.735897721798839 ], [ 31.498914476854054, -23.740944867964046 ], [ 31.499823046475779, -23.742985548171166 ], [ 31.502478911704483, -23.746650591782728 ], [ 31.503114253983192, -23.750287002825033 ], [ 31.500826827348284, -23.752992030107496 ], [ 31.499618031656084, -23.754027830771228 ], [ 31.497762314112169, -23.756718937154194 ], [ 31.498572904371628, -23.763030079313424 ], [ 31.498048246713733, -23.764289242030376 ], [ 31.494955797023909, -23.769560008032599 ], [ 31.491365210178319, -23.774609101693621 ], [ 31.492685373440519, -23.778405744402587 ], [ 31.489641157565668, -23.777752892324003 ], [ 31.487729046899332, -23.77848369763403 ], [ 31.486292893599831, -23.778785686583401 ], [ 31.484132900856412, -23.778042059809994 ], [ 31.482607708431061, -23.778406352764691 ], [ 31.480229054396172, -23.77959302627665 ], [ 31.478833949138039, -23.78058165775915 ], [ 31.478486898692498, -23.781734126223743 ], [ 31.476654642380229, -23.782339150798972 ], [ 31.473360509797036, -23.783760494554258 ], [ 31.465994929901097, -23.78759760486701 ], [ 31.461543273679489, -23.789792812797501 ], [ 31.456482992959003, -23.791990828932875 ], [ 31.451970879771938, -23.794293505095112 ], [ 31.448283475632035, -23.797380942420872 ], [ 31.44499430255188, -23.799153879114289 ], [ 31.440418451516894, -23.801004041235434 ], [ 31.436583092119637, -23.803295019896993 ], [ 31.433432697323234, -23.805746369083302 ], [ 31.429904125133493, -23.807805499491998 ], [ 31.425348287406372, -23.810395870175569 ], [ 31.420176709457863, -23.813566752124071 ], [ 31.41315965358357, -23.813503731162527 ], [ 31.408503533535203, -23.81139687306635 ], [ 31.405054197909397, -23.808534803726968 ], [ 31.401388434385787, -23.806528281973307 ], [ 31.396268554994045, -23.806258407556967 ], [ 31.391764356027849, -23.805407828320497 ], [ 31.390148040938659, -23.798789963453498 ], [ 31.387821542716804, -23.786909143006508 ], [ 31.383721650291282, -23.781990005810904 ], [ 31.38142781926916, -23.777839214757723 ], [ 31.376656159770974, -23.773328247877846 ], [ 31.37351018485495, -23.773033266172913 ], [ 31.370608345392689, -23.772045481881893 ], [ 31.369744038606818, -23.768966133873143 ], [ 31.369606174711279, -23.761921217917248 ], [ 31.367784232336188, -23.760114019544325 ], [ 31.363207545339673, -23.758927800830183 ], [ 31.353237886260484, -23.759074677002452 ], [ 31.347765325323142, -23.758925936450876 ], [ 31.342246661394469, -23.760094887531466 ], [ 31.335819227149919, -23.761741466386642 ], [ 31.33012991179497, -23.763197093265322 ], [ 31.325520381873766, -23.763833461049899 ], [ 31.321227624818654, -23.764247384534229 ], [ 31.315717488214382, -23.762435586729545 ], [ 31.314687351569138, -23.757864243373735 ], [ 31.315832178497761, -23.753524307628709 ], [ 31.319856752911104, -23.741874353592724 ], [ 31.323579791768815, -23.727665493942961 ], [ 31.323549569304181, -23.716224179742291 ], [ 31.319537245294548, -23.706356021402126 ], [ 31.311848407668979, -23.700285454797687 ], [ 31.296620871134227, -23.685806158818327 ], [ 31.29031050814195, -23.680968807139234 ], [ 31.285676829311846, -23.676908298185825 ], [ 31.28525547307396, -23.670880682827924 ], [ 31.286058187426946, -23.661200460914603 ], [ 31.287305846148506, -23.658740055538573 ], [ 31.288622285693592, -23.647223361797622 ], [ 31.285357799552806, -23.637471066872681 ], [ 31.279781786848936, -23.625390461172447 ], [ 31.278427838605907, -23.622503919405709 ], [ 31.284798493329031, -23.620967150301862 ], [ 31.298210711961914, -23.611443703554631 ], [ 31.302570059477969, -23.601666763850172 ], [ 31.304703322157422, -23.597319529061547 ], [ 31.308162145942902, -23.588923171191123 ], [ 31.311116460387073, -23.582399482542385 ], [ 31.316716224740212, -23.576599720717589 ], [ 31.321845747673215, -23.574614399732898 ], [ 31.325700401505781, -23.573491094620231 ], [ 31.33033104706508, -23.574525208788248 ], [ 31.33468680859762, -23.577163612579533 ], [ 31.340417783103419, -23.581089854201824 ], [ 31.344205956142812, -23.582927285758107 ], [ 31.347067531764207, -23.584438714670966 ], [ 31.353422623018364, -23.585517595682632 ], [ 31.360954107007515, -23.584188534092497 ], [ 31.37083175762735, -23.580102397755791 ], [ 31.376171398618993, -23.576121758146588 ], [ 31.383909859111903, -23.573032795874997 ], [ 31.389210518682226, -23.570586427594247 ], [ 31.39416399908507, -23.569283138152709 ], [ 31.398707454511353, -23.568661770770074 ], [ 31.403325824799154, -23.569133715415141 ], [ 31.411613422238894, -23.567548012848803 ] ] ] ] } },
{ "type": "Feature", "properties": { "OBJECTID": 80, "LSCAP_ID": 9, "ZONE10": 5, "ZONE17": 6, "Z17CODE": "P", "LANDSCAPE": "Colophospermum mopane woodland / savanna on basic soil", "LABEL": "09: Colophospermum mopane woodland / savanna on basic soil", "ALLIANCES_": 6, "ALLIANCES": "06: Metalava with Colophospermum mopane tree savanna", "AREA_HA": 18674.008, "PERIMETER_": 82.403, "PERIMETE_1": 82.404 }, "geometry": { "type": "MultiPolygon", "coordinates": [ [ [ [ 31.158704807929219, -23.862097222101063 ], [ 31.153880524612422, -23.797181920266802 ], [ 31.150507226679807, -23.75054100992735 ], [ 31.149305752762423, -23.732829027157578 ], [ 31.157103431188567, -23.729328475287897 ], [ 31.160517692414686, -23.727852191331849 ], [ 31.169768942432096, -23.722056707789775 ], [ 31.174352655747583, -23.720386257912914 ], [ 31.178895956308594, -23.720205059181271 ], [ 31.199952737787669, -23.718031659866273 ], [ 31.211108108561799, -23.71913629188241 ], [ 31.215711233722995, -23.721762913513128 ], [ 31.219962268089979, -23.72216406072873 ], [ 31.224159658073908, -23.722907603187359 ], [ 31.227730640645444, -23.726461112346744 ], [ 31.230877567528282, -23.730199317991513 ], [ 31.235723593614889, -23.735970487657806 ], [ 31.247141153166758, -23.741084789699716 ], [ 31.250451271699639, -23.740752078361311 ], [ 31.252880154387384, -23.738829132015546 ], [ 31.256218454728415, -23.73637462097437 ], [ 31.258175395116293, -23.735999376291769 ], [ 31.262100177672348, -23.738860841012421 ], [ 31.266671022494609, -23.742578259601125 ], [ 31.268824929560175, -23.742891355817747 ], [ 31.271839166981355, -23.742681287810484 ], [ 31.274797698656123, -23.742976207659964 ], [ 31.278291988720881, -23.745796359151722 ], [ 31.280872592588725, -23.748732691972123 ], [ 31.282597356023466, -23.751858130858658 ], [ 31.284628626650665, -23.755555835747547 ], [ 31.286394558304512, -23.760794673876081 ], [ 31.290392346974212, -23.764180014636949 ], [ 31.297311401538142, -23.765511603008314 ], [ 31.301402763645832, -23.770035470495376 ], [ 31.301729781893258, -23.77431922073788 ], [ 31.301007299838595, -23.778573361897251 ], [ 31.29983287634629, -23.78437565035178 ], [ 31.298970359682237, -23.791084342772198 ], [ 31.298388134865842, -23.795854701095813 ], [ 31.299388412877903, -23.799676316052413 ], [ 31.30148275443845, -23.803139754259217 ], [ 31.303780534162716, -23.807571596859361 ], [ 31.305771703826419, -23.8114401921361 ], [ 31.31008128366901, -23.818187621818698 ], [ 31.312789228873225, -23.824339513020906 ], [ 31.31280537710758, -23.828403116037975 ], [ 31.314722366480314, -23.835015870206121 ], [ 31.315647694395338, -23.841653884584481 ], [ 31.319520172508351, -23.844341917611519 ], [ 31.325367818825846, -23.844604255559666 ], [ 31.331332378857741, -23.844172338480096 ], [ 31.336145488169802, -23.844730073864397 ], [ 31.339340855452484, -23.847437404185545 ], [ 31.342797547040682, -23.851222043755623 ], [ 31.346474837845353, -23.853112700379405 ], [ 31.350752659044648, -23.854883287206203 ], [ 31.355820328016584, -23.858648781365272 ], [ 31.358068133486348, -23.863368335722299 ], [ 31.358371444187171, -23.8665681676435 ], [ 31.357551385551449, -23.868527945136165 ], [ 31.353954775743439, -23.87030454017631 ], [ 31.349977344436464, -23.871905396047598 ], [ 31.346568696043576, -23.873557405460396 ], [ 31.343707715399059, -23.875377768178101 ], [ 31.340187702058873, -23.874969619191834 ], [ 31.338978729940312, -23.872753287868193 ], [ 31.336681657125201, -23.871933852138611 ], [ 31.333682911059356, -23.873003057458437 ], [ 31.331345422391824, -23.873040940979315 ], [ 31.32931508693056, -23.869804291683405 ], [ 31.327861797259654, -23.868280527723854 ], [ 31.324792551786537, -23.86872573660991 ], [ 31.321994034625028, -23.870257413072835 ], [ 31.318167652459042, -23.873060039121381 ], [ 31.313471392221945, -23.875536988323393 ], [ 31.309351056467086, -23.8759974451349 ], [ 31.303231756845076, -23.871613873361525 ], [ 31.297947628006888, -23.868720189520122 ], [ 31.294003263641343, -23.865507087139282 ], [ 31.286157344864119, -23.8610947050562 ], [ 31.281411171738895, -23.857673720674956 ], [ 31.278568862238604, -23.853587637097895 ], [ 31.277346766386447, -23.850973418923104 ], [ 31.279331158937467, -23.848647878955646 ], [ 31.281831242935485, -23.847411628541188 ], [ 31.285836684386375, -23.84741110818462 ], [ 31.289192582933889, -23.849028623214252 ], [ 31.293890425881365, -23.853135091317228 ], [ 31.300230880426728, -23.85929126532756 ], [ 31.305213252812251, -23.86271429394364 ], [ 31.307062500613412, -23.862454716855286 ], [ 31.310729791637119, -23.861312096912009 ], [ 31.31254911388335, -23.859571237013142 ], [ 31.312202749628828, -23.857508646252853 ], [ 31.310243457186335, -23.854904636038494 ], [ 31.306047463513334, -23.851418187899895 ], [ 31.299376514840947, -23.847272243756983 ], [ 31.292480124009142, -23.843882028346659 ], [ 31.281850920884892, -23.83549261536006 ], [ 31.275472280466982, -23.830148006896696 ], [ 31.262023108772752, -23.822150135594239 ], [ 31.255493877374622, -23.81863608299409 ], [ 31.248254091780566, -23.816901566092117 ], [ 31.241034590339535, -23.815862229444832 ], [ 31.235136910944544, -23.81651720056016 ], [ 31.228740464481024, -23.819929262891257 ], [ 31.22271132604569, -23.823733548261163 ], [ 31.22162871003664, -23.824669163627899 ], [ 31.217578379440354, -23.828730813975227 ], [ 31.211477807692287, -23.831964935425411 ], [ 31.20625663460854, -23.832617577783129 ], [ 31.201502591687614, -23.831424452341384 ], [ 31.195442253323691, -23.830297158262333 ], [ 31.190573198111256, -23.829626064215791 ], [ 31.185438961140871, -23.828265460680992 ], [ 31.182061240760856, -23.829056359791633 ], [ 31.179452087823872, -23.831039114857798 ], [ 31.178121622456381, -23.835637408359926 ], [ 31.177091932102758, -23.839778744309125 ], [ 31.176021815102459, -23.845400405964426 ], [ 31.173482752358108, -23.851456104685596 ], [ 31.17079761212258, -23.856011140111441 ], [ 31.167814470675104, -23.858007271769072 ], [ 31.166237840977178, -23.859117167485046 ], [ 31.162508531127497, -23.861104299072863 ], [ 31.158704807929219, -23.862097222101063 ] ] ] ] } },
{ "type": "Feature", "properties": { "OBJECTID": 81, "LSCAP_ID": 9, "ZONE10": 5, "ZONE17": 6, "Z17CODE": "P", "LANDSCAPE": "Colophospermum mopane woodland / savanna on basic soil", "LABEL": "09: Colophospermum mopane woodland / savanna on basic soil", "ALLIANCES_": 6, "ALLIANCES": "06: Metalava with Colophospermum mopane tree savanna", "AREA_HA": 21151.457, "PERIMETER_": 104.257, "PERIMETE_1": 104.269 }, "geometry": { "type": "MultiPolygon", "coordinates": [ [ [ [ 31.478486898692498, -23.781734126223743 ], [ 31.478723865226655, -23.784138542887888 ], [ 31.476950417413555, -23.790640980561054 ], [ 31.478018745772562, -23.797496538284303 ], [ 31.478942039777419, -23.80080172623326 ], [ 31.481697345124502, -23.80608454193143 ], [ 31.484634233540017, -23.810962732072312 ], [ 31.487781536654712, -23.81464189680748 ], [ 31.491690276149249, -23.818698699156077 ], [ 31.497666848280161, -23.822215691583981 ], [ 31.501026384463756, -23.82371131886077 ], [ 31.503194060284006, -23.82728132991987 ], [ 31.50569560680934, -23.829138774294996 ], [ 31.508006188413002, -23.833965336288696 ], [ 31.510746938295412, -23.841541269915286 ], [ 31.509458630803504, -23.844310175029289 ], [ 31.506977471423781, -23.846643080975479 ], [ 31.506771811373067, -23.848311709425243 ], [ 31.50774335933389, -23.85092187665126 ], [ 31.512749620427698, -23.851873338912362 ], [ 31.516290324952504, -23.859095691858862 ], [ 31.517002235753896, -23.863834480352534 ], [ 31.517511753116562, -23.86737930360886 ], [ 31.517553796436701, -23.872310303639207 ], [ 31.518488343990441, -23.875615394898023 ], [ 31.518897954225327, -23.883629290707105 ], [ 31.524737177689584, -23.891785652350279 ], [ 31.526633312440605, -23.894332335903258 ], [ 31.528424158793634, -23.897510118407865 ], [ 31.531430908774666, -23.902613942858792 ], [ 31.535999604822631, -23.905980697169532 ], [ 31.541637070330765, -23.910414024169317 ], [ 31.546849844529159, -23.915086964058446 ], [ 31.550255033478578, -23.92155781467504 ], [ 31.552341669885966, -23.927365989711081 ], [ 31.552298874645491, -23.931203516521972 ], [ 31.555208626140871, -23.937227110477036 ], [ 31.558458054609396, -23.945421145661648 ], [ 31.56059371636729, -23.953071886674163 ], [ 31.560349684020874, -23.961774917841034 ], [ 31.560181538952445, -23.962757655127586 ], [ 31.55891695193975, -23.966899771830477 ], [ 31.556928682754137, -23.966303142884826 ], [ 31.556034375319758, -23.964542834471153 ], [ 31.555144179444831, -23.963297292565613 ], [ 31.553510266628059, -23.961773827037316 ], [ 31.551257166626467, -23.957625689826987 ], [ 31.550982083808215, -23.955862167428549 ], [ 31.551393979377803, -23.952416444300678 ], [ 31.550771424780521, -23.949213808993427 ], [ 31.547419183643875, -23.944973970717577 ], [ 31.543036834374696, -23.941491879935825 ], [ 31.539208778055581, -23.941157515320775 ], [ 31.532475994287992, -23.940515387685519 ], [ 31.524624005752294, -23.936349418594933 ], [ 31.518255034400912, -23.932269619039058 ], [ 31.511633661543417, -23.927961366396651 ], [ 31.506578082621683, -23.925067765567203 ], [ 31.501628756266012, -23.92405334290796 ], [ 31.498182684574527, -23.92387521783505 ], [ 31.492237145554093, -23.922372153559387 ], [ 31.488751543217958, -23.920531863839397 ], [ 31.486846004316678, -23.917984642584617 ], [ 31.48681425026917, -23.91649433762657 ], [ 31.489037115549444, -23.91371682325201 ], [ 31.492201052925179, -23.911941835538524 ], [ 31.495288327999223, -23.909145605826165 ], [ 31.495916075033769, -23.906677448517403 ], [ 31.495354609658616, -23.903421049103322 ], [ 31.493271659612709, -23.900935383273463 ], [ 31.489873278653818, -23.897551812517889 ], [ 31.487994708644525, -23.896088509993248 ], [ 31.483740655523619, -23.892831852941541 ], [ 31.479762100698551, -23.891230347003901 ], [ 31.47745383701492, -23.892932296496202 ], [ 31.476540699172961, -23.896264448454687 ], [ 31.475293854871467, -23.904596036788252 ], [ 31.474160744023624, -23.9090818521098 ], [ 31.471797663219228, -23.911234663964834 ], [ 31.468494254677651, -23.912321535419782 ], [ 31.464654541914303, -23.911407303665744 ], [ 31.463536604020383, -23.907928537807013 ], [ 31.463054946143462, -23.905467508917138 ], [ 31.46372629190542, -23.901853105713815 ], [ 31.464746857174948, -23.897772611868419 ], [ 31.464922296173842, -23.894559605692677 ], [ 31.463772562531602, -23.89211899804387 ], [ 31.462509193346701, -23.890986628601262 ], [ 31.460644483104652, -23.89004689784819 ], [ 31.456172007012327, -23.891203093651363 ], [ 31.449451906302247, -23.893880675432456 ], [ 31.443144554555133, -23.895695234811779 ], [ 31.434638084489638, -23.89823666033806 ], [ 31.426350108962129, -23.899741374581758 ], [ 31.418151038871837, -23.899575983632808 ], [ 31.411412821130693, -23.898016564502033 ], [ 31.405250808183187, -23.895135415839281 ], [ 31.401707570515736, -23.893355838955308 ], [ 31.397497834958756, -23.89227358390659 ], [ 31.394366349617268, -23.892954298370817 ], [ 31.391341380716149, -23.895342732388812 ], [ 31.390155348073275, -23.897533642247119 ], [ 31.389560862024389, -23.898746467414192 ], [ 31.388437583401704, -23.898247080708586 ], [ 31.384582422566748, -23.899452770332108 ], [ 31.379576222357056, -23.901594380907589 ], [ 31.375248496101214, -23.903661721957754 ], [ 31.370779666993556, -23.905221763321929 ], [ 31.367907360854257, -23.906347130133724 ], [ 31.367059641901395, -23.904243187562415 ], [ 31.366875406062658, -23.900927249600453 ], [ 31.370226085427912, -23.892971303820467 ], [ 31.375316036609949, -23.888826221282581 ], [ 31.383745664282216, -23.882223796327814 ], [ 31.386851759250749, -23.880405241813452 ], [ 31.391551756721963, -23.87197525021751 ], [ 31.381645311170203, -23.86633601459852 ], [ 31.372429100545276, -23.861317511066257 ], [ 31.369155743584663, -23.857697973413355 ], [ 31.366003877934762, -23.853799732517491 ], [ 31.362353718071567, -23.849724566795171 ], [ 31.359055303506064, -23.845020972825925 ], [ 31.358277761755335, -23.83036608459598 ], [ 31.358798252979284, -23.82566701017225 ], [ 31.357642066714142, -23.823162421439751 ], [ 31.352368095670457, -23.821065369178243 ], [ 31.350259881642195, -23.820121766836596 ], [ 31.345697717723667, -23.816867247758875 ], [ 31.346453226050482, -23.814563684414342 ], [ 31.350067970591603, -23.807351341539384 ], [ 31.351301769085154, -23.804465912926045 ], [ 31.352471035033723, -23.801245672295178 ], [ 31.354401316089721, -23.799153257859306 ], [ 31.356796760817101, -23.795964110494083 ], [ 31.357538777598229, -23.793145618685912 ], [ 31.356874253490115, -23.790583050687911 ], [ 31.354917904477094, -23.787744844487378 ], [ 31.35221894938098, -23.785440489841303 ], [ 31.349230430865845, -23.783539344685597 ], [ 31.346857669905159, -23.784940686899031 ], [ 31.346233909293296, -23.787706209261785 ], [ 31.345162137123857, -23.792525757305455 ], [ 31.344622686395525, -23.796375767870188 ], [ 31.340982526511397, -23.80559236749934 ], [ 31.338785357946325, -23.809352262102266 ], [ 31.33029137220036, -23.815834302973371 ], [ 31.327653098308506, -23.816446832289653 ], [ 31.323694212893297, -23.815184807019797 ], [ 31.316942334988099, -23.806749598179746 ], [ 31.314787826178136, -23.803348901953594 ], [ 31.312200123823963, -23.790949692499275 ], [ 31.311635011375017, -23.783800879825741 ], [ 31.311674561869872, -23.776180091953506 ], [ 31.312602997120585, -23.770384022093818 ], [ 31.313858347349292, -23.765097183238332 ], [ 31.315717488214382, -23.762435586729545 ], [ 31.321227624818654, -23.764247384534229 ], [ 31.325520381873766, -23.763833461049899 ], [ 31.33012991179497, -23.763197093265322 ], [ 31.335819227149919, -23.761741466386642 ], [ 31.342246661394469, -23.760094887531466 ], [ 31.347765325323142, -23.758925936450876 ], [ 31.353237886260484, -23.759074677002452 ], [ 31.363207545339673, -23.758927800830183 ], [ 31.367784232336188, -23.760114019544325 ], [ 31.369606174711279, -23.761921217917248 ], [ 31.369744038606818, -23.768966133873143 ], [ 31.370608345392689, -23.772045481881893 ], [ 31.37351018485495, -23.773033266172913 ], [ 31.376656159770974, -23.773328247877846 ], [ 31.38142781926916, -23.777839214757723 ], [ 31.383721650291282, -23.781990005810904 ], [ 31.387821542716804, -23.786909143006508 ], [ 31.390148040938659, -23.798789963453498 ], [ 31.391764356027849, -23.805407828320497 ], [ 31.396268554994045, -23.806258407556967 ], [ 31.401388434385787, -23.806528281973307 ], [ 31.405054197909397, -23.808534803726968 ], [ 31.408503533535203, -23.81139687306635 ], [ 31.41315965358357, -23.813503731162527 ], [ 31.420176709457863, -23.813566752124071 ], [ 31.425348287406372, -23.810395870175569 ], [ 31.429904125133493, -23.807805499491998 ], [ 31.433432697323234, -23.805746369083302 ], [ 31.436583092119637, -23.803295019896993 ], [ 31.440418451516894, -23.801004041235434 ], [ 31.44499430255188, -23.799153879114289 ], [ 31.448283475632035, -23.797380942420872 ], [ 31.451970879771938, -23.794293505095112 ], [ 31.456482992959003, -23.791990828932875 ], [ 31.461543273679489, -23.789792812797501 ], [ 31.465994929901097, -23.78759760486701 ], [ 31.473360509797036, -23.783760494554258 ], [ 31.476654642380229, -23.782339150798972 ], [ 31.478486898692498, -23.781734126223743 ] ] ] ] } },
{ "type": "Feature", "properties": { "OBJECTID": 82, "LSCAP_ID": 16, "ZONE10": 7, "ZONE17": 11, "Z17CODE": "P", "LANDSCAPE": "Punda Maria Sandveld on Cave Sandstone", "LABEL": "16: Punda Maria Sandveld on Cave Sandstone", "ALLIANCES_": 11, "ALLIANCES": "11: Clarens sandstone hills with Terminalia sericea bush savanna or Soutpansberg group mountains with Burkea africana tree savanna", "AREA_HA": 4156.943, "PERIMETER_": 88.955, "PERIMETE_1": 88.973 }, "geometry": { "type": "MultiPolygon", "coordinates": [ [ [ [ 31.661934495370598, -24.322486093349589 ], [ 31.657256159346669, -24.314750996439166 ], [ 31.655154028092248, -24.309449685977771 ], [ 31.654706198669526, -24.306131611097999 ], [ 31.650991367333116, -24.29775469247943 ], [ 31.646158563498499, -24.288934280802415 ], [ 31.638967284033122, -24.274078471754006 ], [ 31.637034020908569, -24.267848327826968 ], [ 31.63478247366103, -24.261001245675704 ], [ 31.631529416606007, -24.253883247662031 ], [ 31.62825087724179, -24.2482549511417 ], [ 31.626453908079434, -24.242251670516197 ], [ 31.626772205449921, -24.240123399394658 ], [ 31.626673034380453, -24.238352570752415 ], [ 31.627743626828174, -24.236781930064257 ], [ 31.628344999254079, -24.235803050934759 ], [ 31.62821880771283, -24.232876101816299 ], [ 31.627505922692489, -24.228643501415267 ], [ 31.625054234908784, -24.221279753840523 ], [ 31.623487238722944, -24.21224433444851 ], [ 31.622063164005084, -24.206415946242849 ], [ 31.614863452607874, -24.193897880601 ], [ 31.613458673329752, -24.191799107458461 ], [ 31.612342058867984, -24.188547069017933 ], [ 31.610410494585011, -24.182379840967428 ], [ 31.609092554225143, -24.175920189758568 ], [ 31.608982390698412, -24.170645488184103 ], [ 31.607910788184011, -24.15327944937 ], [ 31.606681447239644, -24.139587283536052 ], [ 31.60267566533873, -24.131504643062168 ], [ 31.599841168794136, -24.128850849923126 ], [ 31.595653009716731, -24.126726383610688 ], [ 31.593243784807061, -24.123895779447327 ], [ 31.592807798117466, -24.120577636132364 ], [ 31.593853379358908, -24.117634350393885 ], [ 31.594545030092352, -24.115563740680415 ], [ 31.59451889415411, -24.114353435996797 ], [ 31.596188844146443, -24.111885449085637 ], [ 31.596482126704373, -24.108447584129777 ], [ 31.594827539823459, -24.103203808535937 ], [ 31.593610902230779, -24.101106607176614 ], [ 31.592640309886178, -24.099002632637017 ], [ 31.591111892889305, -24.091240516052167 ], [ 31.586865444235411, -24.085584449067916 ], [ 31.585011962612082, -24.074324528687587 ], [ 31.583294386950385, -24.065937494228475 ], [ 31.580822238725506, -24.057326715590612 ], [ 31.580345187421045, -24.055100822637755 ], [ 31.579527984377705, -24.051616551530014 ], [ 31.576832181873517, -24.046390023313531 ], [ 31.573700596698014, -24.041466425571073 ], [ 31.569793089757308, -24.034711393365303 ], [ 31.566463904633455, -24.029036296862991 ], [ 31.563795450385971, -24.022319810304975 ], [ 31.562163507264216, -24.015242767457671 ], [ 31.561719309985694, -24.011870275907437 ], [ 31.560638254641376, -24.007426220443669 ], [ 31.560181026703383, -24.006112523745443 ], [ 31.560969022459613, -24.002435535391925 ], [ 31.563976320657218, -23.998950920759736 ], [ 31.565705792278738, -23.996339269030127 ], [ 31.56641108484067, -23.994783608144385 ], [ 31.56644537059665, -23.994350470010339 ], [ 31.567325915051242, -23.994719915760154 ], [ 31.57156695374535, -23.995192943894406 ], [ 31.574860359600127, -23.994248306353636 ], [ 31.578044702930232, -23.991595834879792 ], [ 31.579393084512279, -23.994118790769342 ], [ 31.577391298183915, -23.99828131426564 ], [ 31.575502804365268, -23.999284215170896 ], [ 31.574048139592911, -24.000164701822751 ], [ 31.572258008431206, -24.002938433131664 ], [ 31.570979265465581, -24.006574795216711 ], [ 31.57145154270118, -24.010986026623961 ], [ 31.573570314580557, -24.014970102753228 ], [ 31.575816848181486, -24.021646395206826 ], [ 31.577887748108328, -24.026433677242967 ], [ 31.578507560185617, -24.031758326120535 ], [ 31.580287832667814, -24.037066643442255 ], [ 31.584369944251826, -24.043199947237792 ], [ 31.588067132436311, -24.048598140583245 ], [ 31.591755551125825, -24.059333130789387 ], [ 31.592506753317203, -24.062590980711228 ], [ 31.594039036062185, -24.070885928990808 ], [ 31.595377451356491, -24.078032222917908 ], [ 31.597451872209707, -24.08534780427663 ], [ 31.599440026712472, -24.091569894696683 ], [ 31.603835115030332, -24.098102939736012 ], [ 31.606077362309136, -24.101798769558126 ], [ 31.605380126272308, -24.106226319915134 ], [ 31.607347245972012, -24.114452866304081 ], [ 31.609144049125931, -24.117521500536856 ], [ 31.610388541125339, -24.120720546840417 ], [ 31.611393267764239, -24.124260557828425 ], [ 31.612277448298297, -24.128034256569268 ], [ 31.614579818597726, -24.137175829272252 ], [ 31.616636384799513, -24.14632417120081 ], [ 31.621263551866381, -24.159902549358289 ], [ 31.62241577414213, -24.169927612725029 ], [ 31.623420534206634, -24.179030236096033 ], [ 31.623621108373314, -24.182355208982706 ], [ 31.625013645447435, -24.18927597780711 ], [ 31.624985986485441, -24.193691556091572 ], [ 31.62531957174917, -24.202977730565678 ], [ 31.627605492915176, -24.216597986181839 ], [ 31.630726979802212, -24.223949664027607 ], [ 31.635504157118291, -24.233058984300559 ], [ 31.638782910730924, -24.241441376879074 ], [ 31.643520128328699, -24.251642778110018 ], [ 31.646034764969674, -24.261580454149971 ], [ 31.650686624050007, -24.276250888748404 ], [ 31.657916532692031, -24.295070829900464 ], [ 31.659170666091729, -24.298549535984833 ], [ 31.660582316369798, -24.301108532411089 ], [ 31.664057433180002, -24.304218469679647 ], [ 31.665863090464306, -24.307747128010583 ], [ 31.668810044156789, -24.312396503654046 ], [ 31.672603772478556, -24.316186324358522 ], [ 31.676123879683455, -24.318826821149671 ], [ 31.679587163183122, -24.324112627065961 ], [ 31.681116139301626, -24.328731379233737 ], [ 31.680222644887575, -24.333166520370245 ], [ 31.680102796877069, -24.330465417700598 ], [ 31.679030648191851, -24.335016388822801 ], [ 31.677252586274136, -24.33825180219738 ], [ 31.676916313307458, -24.342158983075432 ], [ 31.675694600160295, -24.345904917501226 ], [ 31.67550738428406, -24.359159714989012 ], [ 31.671437055756986, -24.345858653935359 ], [ 31.671239421062833, -24.340240096274503 ], [ 31.671400166751404, -24.336168850889926 ], [ 31.670397854554988, -24.330218148417988 ], [ 31.669383979720756, -24.326326241271307 ], [ 31.667329286714658, -24.325847668538948 ], [ 31.664934338802258, -24.323984444005621 ], [ 31.661934495370598, -24.322486093349589 ] ] ] ] } },
{ "type": "Feature", "properties": { "OBJECTID": 83, "LSCAP_ID": 8, "ZONE10": 5, "ZONE17": 7, "Z17CODE": "P", "LANDSCAPE": "Phalaborwa Sandveld", "LABEL": "08: Phalaborwa Sandveld", "ALLIANCES_": 7, "ALLIANCES": "07: Granitic plains with Colophospermum mopane bush savanna", "AREA_HA": 39906.181, "PERIMETER_": 139.522, "PERIMETE_1": 139.53 }, "geometry": { "type": "MultiPolygon", "coordinates": [ [ [ [ 31.210354675781236, -24.022508291684815 ], [ 31.210211954982451, -24.000863375231585 ], [ 31.210224030227284, -24.000700988492447 ], [ 31.210672725142704, -23.998105782350649 ], [ 31.209792267112665, -23.996388961012673 ], [ 31.20846808939358, -23.995488618889702 ], [ 31.183196481260595, -23.978929547264581 ], [ 31.182015489479973, -23.978355740823108 ], [ 31.165462608787657, -23.953003292708246 ], [ 31.158704807929219, -23.862097222101063 ], [ 31.162508531127497, -23.861104299072863 ], [ 31.166237840977178, -23.859117167485046 ], [ 31.167814470675104, -23.858007271769072 ], [ 31.17079761212258, -23.856011140111441 ], [ 31.173482752358108, -23.851456104685596 ], [ 31.176021815102459, -23.845400405964426 ], [ 31.177091932102758, -23.839778744309125 ], [ 31.178121622456381, -23.835637408359926 ], [ 31.179452087823872, -23.831039114857798 ], [ 31.182061240760856, -23.829056359791633 ], [ 31.185438961140871, -23.828265460680992 ], [ 31.190573198111256, -23.829626064215791 ], [ 31.195442253323691, -23.830297158262333 ], [ 31.201502591687614, -23.831424452341384 ], [ 31.20625663460854, -23.832617577783129 ], [ 31.211477807692287, -23.831964935425411 ], [ 31.217578379440354, -23.828730813975227 ], [ 31.22162871003664, -23.824669163627899 ], [ 31.22271132604569, -23.823733548261163 ], [ 31.228740464481024, -23.819929262891257 ], [ 31.235136910944544, -23.81651720056016 ], [ 31.241034590339535, -23.815862229444832 ], [ 31.248254091780566, -23.816901566092117 ], [ 31.255493877374622, -23.81863608299409 ], [ 31.262023108772752, -23.822150135594239 ], [ 31.275472280466982, -23.830148006896696 ], [ 31.281850920884892, -23.83549261536006 ], [ 31.292480124009142, -23.843882028346659 ], [ 31.299376514840947, -23.847272243756983 ], [ 31.306047463513334, -23.851418187899895 ], [ 31.310243457186335, -23.854904636038494 ], [ 31.312202749628828, -23.857508646252853 ], [ 31.31254911388335, -23.859571237013142 ], [ 31.310729791637119, -23.861312096912009 ], [ 31.307062500613412, -23.862454716855286 ], [ 31.305213252812251, -23.86271429394364 ], [ 31.300230880426728, -23.85929126532756 ], [ 31.293890425881365, -23.853135091317228 ], [ 31.289192582933889, -23.849028623214252 ], [ 31.285836684386375, -23.84741110818462 ], [ 31.281831242935485, -23.847411628541188 ], [ 31.279331158937467, -23.848647878955646 ], [ 31.277346766386447, -23.850973418923104 ], [ 31.278568862238604, -23.853587637097895 ], [ 31.281411171738895, -23.857673720674956 ], [ 31.286157344864119, -23.8610947050562 ], [ 31.294003263641343, -23.865507087139282 ], [ 31.297947628006888, -23.868720189520122 ], [ 31.303231756845076, -23.871613873361525 ], [ 31.309351056467086, -23.8759974451349 ], [ 31.313471392221945, -23.875536988323393 ], [ 31.318167652459042, -23.873060039121381 ], [ 31.321994034625028, -23.870257413072835 ], [ 31.324792551786537, -23.86872573660991 ], [ 31.327861797259654, -23.868280527723854 ], [ 31.32931508693056, -23.869804291683405 ], [ 31.331345422391824, -23.873040940979315 ], [ 31.333682911059356, -23.873003057458437 ], [ 31.336681657125201, -23.871933852138611 ], [ 31.338978729940312, -23.872753287868193 ], [ 31.340187702058873, -23.874969619191834 ], [ 31.343707715399059, -23.875377768178101 ], [ 31.340781825050446, -23.879202004505252 ], [ 31.340592341381253, -23.880969814806313 ], [ 31.341629619876212, -23.882796001156308 ], [ 31.343092287961522, -23.885150495613374 ], [ 31.344126758599074, -23.887202383715298 ], [ 31.345899083375468, -23.889153843221198 ], [ 31.346622567165412, -23.891726104924086 ], [ 31.346861636771212, -23.893778455220371 ], [ 31.347088022424202, -23.89605641536259 ], [ 31.347009879809963, -23.898340131755525 ], [ 31.346139287968075, -23.900380550050411 ], [ 31.344274520574199, -23.902590856694779 ], [ 31.342415446615536, -23.904349706458806 ], [ 31.340616492495876, -23.90524231557761 ], [ 31.338887286102807, -23.905286851776445 ], [ 31.337109323607798, -23.90453621629019 ], [ 31.335635812511612, -23.903788856956872 ], [ 31.334656339591248, -23.902812060414956 ], [ 31.333054506033296, -23.902117466728278 ], [ 31.331694222965524, -23.902500025824033 ], [ 31.330514602075869, -23.903345054450057 ], [ 31.329212711529479, -23.904531877184628 ], [ 31.329081238189318, -23.906354468511093 ], [ 31.329004271032112, -23.908520783980887 ], [ 31.329476056208389, -23.911550893836928 ], [ 31.330261553916532, -23.914629559403753 ], [ 31.330733887558718, -23.916856019719503 ], [ 31.332933738286176, -23.919950028779517 ], [ 31.335025688573232, -23.9215077743055 ], [ 31.337233469967739, -23.923229283255061 ], [ 31.339317205310682, -23.924669497856506 ], [ 31.340742522562334, -23.923827063107488 ], [ 31.341802916355181, -23.923098064431752 ], [ 31.343840455206525, -23.921232803766983 ], [ 31.345448449940807, -23.921466841112284 ], [ 31.347478381514811, -23.922509055688217 ], [ 31.348511284520661, -23.923937845394804 ], [ 31.35109501761141, -23.926241114877104 ], [ 31.354422326040837, -23.925689845633862 ], [ 31.356405934743098, -23.924970627976705 ], [ 31.358695138662288, -23.923387780300207 ], [ 31.360551330442863, -23.921863485883048 ], [ 31.36221466131229, -23.922386895956304 ], [ 31.36529236109228, -23.922925341275437 ], [ 31.367997888051683, -23.924940677558631 ], [ 31.370886758415601, -23.926443208695833 ], [ 31.373775263146548, -23.927196201243682 ], [ 31.376127079931358, -23.926877938490641 ], [ 31.377606393601567, -23.92562937606629 ], [ 31.378852654403008, -23.924161620939273 ], [ 31.379598079129156, -23.922679543836281 ], [ 31.37992463817282, -23.920913118721309 ], [ 31.379128678343296, -23.918575000975977 ], [ 31.378153716749136, -23.91720119457003 ], [ 31.376313922640183, -23.915077794233071 ], [ 31.373926788993117, -23.913526500445599 ], [ 31.372146720671559, -23.911349506709374 ], [ 31.369755663229391, -23.909337584923115 ], [ 31.367907360854257, -23.906347130133724 ], [ 31.370779666993556, -23.905221763321929 ], [ 31.375248496101214, -23.903661721957754 ], [ 31.379576222357056, -23.901594380907589 ], [ 31.384582422566748, -23.899452770332108 ], [ 31.388437583401704, -23.898247080708586 ], [ 31.389560862024389, -23.898746467414192 ], [ 31.390580417707234, -23.902071149229215 ], [ 31.391863302557802, -23.90396281052751 ], [ 31.394202062161924, -23.904664503608238 ], [ 31.395981749690922, -23.90610079107196 ], [ 31.398441901463869, -23.907318399119763 ], [ 31.399791661826001, -23.908578595866025 ], [ 31.400638390242136, -23.910808790710959 ], [ 31.401306317878049, -23.912405021059378 ], [ 31.402959896807776, -23.914526203892375 ], [ 31.404377021679181, -23.915109812742397 ], [ 31.407022741183845, -23.915633906903405 ], [ 31.40845308723841, -23.914339369616624 ], [ 31.410247569298487, -23.912985373699971 ], [ 31.412294608149619, -23.911056040635636 ], [ 31.41402864584289, -23.909818762817718 ], [ 31.416925968521024, -23.909035920047561 ], [ 31.418403461565365, -23.909502630711415 ], [ 31.419999479123021, -23.909916365355731 ], [ 31.420975014702712, -23.912084576208422 ], [ 31.420837894890312, -23.914476136508256 ], [ 31.420951139971102, -23.916472945190453 ], [ 31.420326931650262, -23.917721710153895 ], [ 31.419389922943871, -23.920457215070108 ], [ 31.419190925264914, -23.922279239863098 ], [ 31.418932327212431, -23.924154830855443 ], [ 31.418680023336151, -23.92631944707739 ], [ 31.418476161773814, -23.928538740907005 ], [ 31.420003954757838, -23.930541071103459 ], [ 31.421724577557487, -23.932039685835893 ], [ 31.424069614474103, -23.932280481405449 ], [ 31.425983579929834, -23.93161381874441 ], [ 31.428456022183862, -23.930257529499379 ], [ 31.430071002478705, -23.929127220773758 ], [ 31.432961203459751, -23.924894523323864 ], [ 31.436427600059766, -23.929083681876495 ], [ 31.440038198513111, -23.933554167040583 ], [ 31.445209711821608, -23.936505263900493 ], [ 31.449632280734868, -23.938843618505075 ], [ 31.455181986789885, -23.942249719537614 ], [ 31.460157980475646, -23.944349536852695 ], [ 31.464318106561993, -23.945664447853339 ], [ 31.467937859028471, -23.945321337347362 ], [ 31.469915406507909, -23.94259587966619 ], [ 31.472415738090575, -23.94135654389348 ], [ 31.475116379356024, -23.940624845236645 ], [ 31.476795499127274, -23.938194322046211 ], [ 31.478018783735067, -23.935253569536503 ], [ 31.479099495811575, -23.933575623038241 ], [ 31.478491679239887, -23.930950841346544 ], [ 31.483189542420533, -23.931629411368917 ], [ 31.486242506540027, -23.930991285837518 ], [ 31.488952888941707, -23.931930022605361 ], [ 31.494376479210597, -23.934421442301449 ], [ 31.496402913030728, -23.935046318149912 ], [ 31.501143596952115, -23.936293674562904 ], [ 31.505894307591664, -23.937531955234462 ], [ 31.509965148006728, -23.940659860624251 ], [ 31.517457558152099, -23.951333950509657 ], [ 31.521010154744218, -23.952578275404694 ], [ 31.524400177679926, -23.954299565015127 ], [ 31.528648043657302, -23.956634039388547 ], [ 31.530519545042512, -23.95883730642899 ], [ 31.535276931640386, -23.963063824663553 ], [ 31.53647082391657, -23.966985351712552 ], [ 31.535642932252696, -23.971546803312705 ], [ 31.531763670250928, -23.973920827676988 ], [ 31.531252383888901, -23.97307611444797 ], [ 31.528754955787146, -23.971453821726282 ], [ 31.524312834420627, -23.971465346061187 ], [ 31.519594163068096, -23.972458375050216 ], [ 31.514860432577684, -23.973044747754411 ], [ 31.510552526217094, -23.973346138601894 ], [ 31.505632556960009, -23.973885264038504 ], [ 31.501364854545947, -23.973256672019797 ], [ 31.498254413296792, -23.971989117649386 ], [ 31.494765956516716, -23.970275313778508 ], [ 31.489420874045852, -23.967667238192263 ], [ 31.48682028498456, -23.967361680295745 ], [ 31.481915488006631, -23.968297527940862 ], [ 31.475278713197028, -23.969432739752786 ], [ 31.470673351637458, -23.969964839177784 ], [ 31.467125754299918, -23.968304014300593 ], [ 31.462491396276828, -23.967968685957612 ], [ 31.458994655714807, -23.968656020484222 ], [ 31.456258272926274, -23.967382360297499 ], [ 31.453039969794194, -23.966970686304265 ], [ 31.445061587778877, -23.968524495787715 ], [ 31.436518479551989, -23.969629655888994 ], [ 31.431227074630424, -23.970000060754643 ], [ 31.425849898330018, -23.969339978985484 ], [ 31.422580465873882, -23.96909871339599 ], [ 31.417847152197343, -23.969636931913467 ], [ 31.412100827682625, -23.971844099380572 ], [ 31.406502603059121, -23.972382037537319 ], [ 31.399536754746318, -23.972255352939172 ], [ 31.395849768107151, -23.970022574429191 ], [ 31.38961566952328, -23.969541896435839 ], [ 31.384781679431033, -23.97105326013132 ], [ 31.379694261439642, -23.972390222238051 ], [ 31.373585730985365, -23.972081783550543 ], [ 31.367952243143034, -23.970730693788223 ], [ 31.362906498873755, -23.971092312833367 ], [ 31.356144676903543, -23.971941057648881 ], [ 31.346597385270098, -23.972362196732703 ], [ 31.341120509966881, -23.97261911884458 ], [ 31.337073030024019, -23.974056182205043 ], [ 31.333509181977782, -23.974559295814853 ], [ 31.329136767856326, -23.97451173734347 ], [ 31.323884266094399, -23.974129371810218 ], [ 31.316499051618738, -23.97452708179771 ], [ 31.31324196932, -23.974861522070391 ], [ 31.308007809014256, -23.975336633357884 ], [ 31.302909642616871, -23.975930453998004 ], [ 31.298317371180833, -23.977658419163681 ], [ 31.295476878484507, -23.980678893290225 ], [ 31.293383396479218, -23.983680533087281 ], [ 31.293668442907393, -23.985914017404493 ], [ 31.291716932775447, -23.987084198462721 ], [ 31.288954761903632, -23.987125640705514 ], [ 31.286701349806876, -23.988825131200269 ], [ 31.283615388189713, -23.991788437449753 ], [ 31.280557345262434, -23.993379494854636 ], [ 31.277720280139498, -23.993130942743964 ], [ 31.27552273422938, -23.994307170412839 ], [ 31.273666704463249, -23.997139614545144 ], [ 31.272733149561887, -24.000072724016363 ], [ 31.273777046794997, -24.002865576879703 ], [ 31.274315846360118, -24.005210290733267 ], [ 31.27335370725228, -24.006599029854826 ], [ 31.271025381815573, -24.010184583937288 ], [ 31.266527918911859, -24.010585248489303 ], [ 31.262158080477199, -24.010996256499244 ], [ 31.259201902439173, -24.010809200986333 ], [ 31.256916323493247, -24.014106060122462 ], [ 31.25480888141081, -24.023129575162351 ], [ 31.255853955936058, -24.026545578233826 ], [ 31.257810728809272, -24.028698798085955 ], [ 31.260501987356662, -24.031068017431988 ], [ 31.263298078042553, -24.032228434955602 ], [ 31.266895279901679, -24.033036693832507 ], [ 31.268922627805019, -24.035813615293485 ], [ 31.268894189986245, -24.037935219565096 ], [ 31.268265131598994, -24.040122266296649 ], [ 31.265883549778188, -24.041756728834699 ], [ 31.263375817476671, -24.042531922642738 ], [ 31.261785512100023, -24.040157188735716 ], [ 31.259790502506025, -24.03863563785227 ], [ 31.255976361925672, -24.039323621338124 ], [ 31.25075895873799, -24.040537245338808 ], [ 31.23781710467108, -24.040777087461493 ], [ 31.233644684340941, -24.03889604431907 ], [ 31.233212293038395, -24.035288342171686 ], [ 31.232944970828576, -24.031113693519185 ], [ 31.237752547163087, -24.027494135677539 ], [ 31.240223392883216, -24.024362259420734 ], [ 31.242134369470683, -24.021187795183682 ], [ 31.24264064180575, -24.018656341300112 ], [ 31.241916260131855, -24.016264267124306 ], [ 31.238922939325494, -24.014469156765117 ], [ 31.233726949927771, -24.013461260917094 ], [ 31.228300734333217, -24.013479878113809 ], [ 31.224884517693727, -24.01530038495325 ], [ 31.220918705022811, -24.01776454159889 ], [ 31.217441688866206, -24.019701546198494 ], [ 31.215235725832038, -24.020705203188463 ], [ 31.21201438541226, -24.021913681394313 ], [ 31.210354675781236, -24.022508291684815 ] ] ] ] } },
{ "type": "Feature", "properties": { "OBJECTID": 84, "LSCAP_ID": 24, "ZONE10": 8, "ZONE17": 13, "Z17CODE": "P", "LANDSCAPE": "Colophospermum mopane shrubveld on gabbro", "LABEL": "24: Colophospermum mopane shrubveld on gabbro", "ALLIANCES_": 13, "ALLIANCES": "13: Basaltic or gabbroic plains with Acacia nigriscens bush savanna or Colophospermum mopane bush or shrub savanna", "AREA_HA": 4704.282, "PERIMETER_": 58.016, "PERIMETE_1": 58.024 }, "geometry": { "type": "MultiPolygon", "coordinates": [ [ [ [ 31.55891695193975, -23.966899771830477 ], [ 31.560233034817983, -23.969621245407705 ], [ 31.561898428367211, -23.976292267935424 ], [ 31.562905734781779, -23.982054069830852 ], [ 31.566199882195299, -23.988117203802219 ], [ 31.56685817494283, -23.989026396633033 ], [ 31.56644537059665, -23.994350470010339 ], [ 31.56641108484067, -23.994783608144385 ], [ 31.563345971003979, -23.995522501663327 ], [ 31.558832588287519, -23.994793836761819 ], [ 31.555442090561623, -23.992097974535973 ], [ 31.555606676435577, -23.987918465672074 ], [ 31.554284526733358, -23.986614665408791 ], [ 31.550742500299851, -23.985190560584279 ], [ 31.54690471949587, -23.984729822308797 ], [ 31.539109039296633, -23.983138672173105 ], [ 31.534424958331527, -23.980177194711441 ], [ 31.532626280577603, -23.97671944887599 ], [ 31.531763670250928, -23.973920827676988 ], [ 31.535642932252696, -23.971546803312705 ], [ 31.53647082391657, -23.966985351712552 ], [ 31.535276931640386, -23.963063824663553 ], [ 31.530519545042512, -23.95883730642899 ], [ 31.528648043657302, -23.956634039388547 ], [ 31.524400177679926, -23.954299565015127 ], [ 31.521010154744218, -23.952578275404694 ], [ 31.517457558152099, -23.951333950509657 ], [ 31.509965148006728, -23.940659860624251 ], [ 31.505894307591664, -23.937531955234462 ], [ 31.501143596952115, -23.936293674562904 ], [ 31.496402913030728, -23.935046318149912 ], [ 31.494376479210597, -23.934421442301449 ], [ 31.488952888941707, -23.931930022605361 ], [ 31.486242506540027, -23.930991285837518 ], [ 31.483189542420533, -23.931629411368917 ], [ 31.478491679239887, -23.930950841346544 ], [ 31.473860617488427, -23.930444366969326 ], [ 31.46353928680519, -23.925970885993959 ], [ 31.457190757781774, -23.922864107965985 ], [ 31.451712941881524, -23.920081908549339 ], [ 31.446277334993173, -23.91953942381495 ], [ 31.440210700559344, -23.920832490038375 ], [ 31.436977137704911, -23.922605658342391 ], [ 31.432961203459751, -23.924894523323864 ], [ 31.430071002478705, -23.929127220773758 ], [ 31.428456022183862, -23.930257529499379 ], [ 31.425983579929834, -23.93161381874441 ], [ 31.424069614474103, -23.932280481405449 ], [ 31.421724577557487, -23.932039685835893 ], [ 31.420003954757838, -23.930541071103459 ], [ 31.418476161773814, -23.928538740907005 ], [ 31.418680023336151, -23.92631944707739 ], [ 31.418932327212431, -23.924154830855443 ], [ 31.419190925264914, -23.922279239863098 ], [ 31.419389922943871, -23.920457215070108 ], [ 31.420326931650262, -23.917721710153895 ], [ 31.420951139971102, -23.916472945190453 ], [ 31.420837894890312, -23.914476136508256 ], [ 31.420975014702712, -23.912084576208422 ], [ 31.419999479123021, -23.909916365355731 ], [ 31.418403461565365, -23.909502630711415 ], [ 31.416925968521024, -23.909035920047561 ], [ 31.41402864584289, -23.909818762817718 ], [ 31.412294608149619, -23.911056040635636 ], [ 31.410247569298487, -23.912985373699971 ], [ 31.40845308723841, -23.914339369616624 ], [ 31.407022741183845, -23.915633906903405 ], [ 31.404377021679181, -23.915109812742397 ], [ 31.402959896807776, -23.914526203892375 ], [ 31.401306317878049, -23.912405021059378 ], [ 31.400638390242136, -23.910808790710959 ], [ 31.399791661826001, -23.908578595866025 ], [ 31.398441901463869, -23.907318399119763 ], [ 31.395981749690922, -23.90610079107196 ], [ 31.394202062161924, -23.904664503608238 ], [ 31.391863302557802, -23.90396281052751 ], [ 31.390580417707234, -23.902071149229215 ], [ 31.389560862024389, -23.898746467414192 ], [ 31.390155348073275, -23.897533642247119 ], [ 31.391341380716149, -23.895342732388812 ], [ 31.394366349617268, -23.892954298370817 ], [ 31.397497834958756, -23.89227358390659 ], [ 31.401707570515736, -23.893355838955308 ], [ 31.405250808183187, -23.895135415839281 ], [ 31.411412821130693, -23.898016564502033 ], [ 31.418151038871837, -23.899575983632808 ], [ 31.426350108962129, -23.899741374581758 ], [ 31.434638084489638, -23.89823666033806 ], [ 31.443144554555133, -23.895695234811779 ], [ 31.449451906302247, -23.893880675432456 ], [ 31.456172007012327, -23.891203093651363 ], [ 31.460644483104652, -23.89004689784819 ], [ 31.462509193346701, -23.890986628601262 ], [ 31.463772562531602, -23.89211899804387 ], [ 31.464922296173842, -23.894559605692677 ], [ 31.464746857174948, -23.897772611868419 ], [ 31.46372629190542, -23.901853105713815 ], [ 31.463054946143462, -23.905467508917138 ], [ 31.463536604020383, -23.907928537807013 ], [ 31.464654541914303, -23.911407303665744 ], [ 31.468494254677651, -23.912321535419782 ], [ 31.471797663219228, -23.911234663964834 ], [ 31.474160744023624, -23.9090818521098 ], [ 31.475293854871467, -23.904596036788252 ], [ 31.476540699172961, -23.896264448454687 ], [ 31.47745383701492, -23.892932296496202 ], [ 31.479762100698551, -23.891230347003901 ], [ 31.483740655523619, -23.892831852941541 ], [ 31.487994708644525, -23.896088509993248 ], [ 31.489873278653818, -23.897551812517889 ], [ 31.493271659612709, -23.900935383273463 ], [ 31.495354609658616, -23.903421049103322 ], [ 31.495916075033769, -23.906677448517403 ], [ 31.495288327999223, -23.909145605826165 ], [ 31.492201052925179, -23.911941835538524 ], [ 31.489037115549444, -23.91371682325201 ], [ 31.48681425026917, -23.91649433762657 ], [ 31.486846004316678, -23.917984642584617 ], [ 31.488751543217958, -23.920531863839397 ], [ 31.492237145554093, -23.922372153559387 ], [ 31.498182684574527, -23.92387521783505 ], [ 31.501628756266012, -23.92405334290796 ], [ 31.506578082621683, -23.925067765567203 ], [ 31.511633661543417, -23.927961366396651 ], [ 31.518255034400912, -23.932269619039058 ], [ 31.524624005752294, -23.936349418594933 ], [ 31.532475994287992, -23.940515387685519 ], [ 31.539208778055581, -23.941157515320775 ], [ 31.543036834374696, -23.941491879935825 ], [ 31.547419183643875, -23.944973970717577 ], [ 31.550771424780521, -23.949213808993427 ], [ 31.551393979377803, -23.952416444300678 ], [ 31.550982083808215, -23.955862167428549 ], [ 31.551257166626467, -23.957625689826987 ], [ 31.553510266628059, -23.961773827037316 ], [ 31.555144179444831, -23.963297292565613 ], [ 31.556034375319758, -23.964542834471153 ], [ 31.556928682754137, -23.966303142884826 ], [ 31.55891695193975, -23.966899771830477 ] ] ] ] } },
{ "type": "Feature", "properties": { "OBJECTID": 85, "LSCAP_ID": 9, "ZONE10": 5, "ZONE17": 6, "Z17CODE": "P", "LANDSCAPE": "Colophospermum mopane woodland / savanna on basic soil", "LABEL": "09: Colophospermum mopane woodland / savanna on basic soil", "ALLIANCES_": 6, "ALLIANCES": "06: Metalava with Colophospermum mopane tree savanna", "AREA_HA": 762.688, "PERIMETER_": 11.573, "PERIMETE_1": 11.574 }, "geometry": { "type": "MultiPolygon", "coordinates": [ [ [ [ 31.478491679239887, -23.930950841346544 ], [ 31.479099495811575, -23.933575623038241 ], [ 31.478018783735067, -23.935253569536503 ], [ 31.476795499127274, -23.938194322046211 ], [ 31.475116379356024, -23.940624845236645 ], [ 31.472415738090575, -23.94135654389348 ], [ 31.469915406507909, -23.94259587966619 ], [ 31.467937859028471, -23.945321337347362 ], [ 31.464318106561993, -23.945664447853339 ], [ 31.460157980475646, -23.944349536852695 ], [ 31.455181986789885, -23.942249719537614 ], [ 31.449632280734868, -23.938843618505075 ], [ 31.445209711821608, -23.936505263900493 ], [ 31.440038198513111, -23.933554167040583 ], [ 31.436427600059766, -23.929083681876495 ], [ 31.432961203459751, -23.924894523323864 ], [ 31.436977137704911, -23.922605658342391 ], [ 31.440210700559344, -23.920832490038375 ], [ 31.446277334993173, -23.91953942381495 ], [ 31.451712941881524, -23.920081908549339 ], [ 31.457190757781774, -23.922864107965985 ], [ 31.46353928680519, -23.925970885993959 ], [ 31.473860617488427, -23.930444366969326 ], [ 31.478491679239887, -23.930950841346544 ] ] ] ] } },
{ "type": "Feature", "properties": { "OBJECTID": 86, "LSCAP_ID": 7, "ZONE10": 4, "ZONE17": 5, "Z17CODE": "P", "LANDSCAPE": "Olifants River Rugged Veld", "LABEL": "07: Olifants River Rugged Veld", "ALLIANCES_": 5, "ALLIANCES": "05: Granite plains with Colophospermum mopane bush or tree savanna", "AREA_HA": 50448.304, "PERIMETER_": 111.345, "PERIMETE_1": 111.355 }, "geometry": { "type": "MultiPolygon", "coordinates": [ [ [ [ 31.480806634213444, -24.111919407355973 ], [ 31.480968544912049, -24.104868563401478 ], [ 31.425344791245472, -24.109163531258027 ], [ 31.418898551675522, -24.109376879129051 ], [ 31.414517603776769, -24.109638491061446 ], [ 31.412864319982209, -24.109684533035292 ], [ 31.403776447351991, -24.110312234055367 ], [ 31.401082077149937, -24.110220849174581 ], [ 31.399073335127699, -24.110371378006381 ], [ 31.364691626674031, -24.109555722402316 ], [ 31.360480404060382, -24.109618941972133 ], [ 31.357452162416866, -24.109487086562936 ], [ 31.338622403683825, -24.108804903408821 ], [ 31.329119187210921, -24.108836705379307 ], [ 31.326667477486563, -24.109008521733713 ], [ 31.324238961747646, -24.108909665786552 ], [ 31.312018273364675, -24.109127278653823 ], [ 31.308879115163087, -24.109209944912603 ], [ 31.30658714082816, -24.109202615026369 ], [ 31.303440528920241, -24.109104496475918 ], [ 31.29893265880099, -24.109289135006975 ], [ 31.298214172304267, -24.109317250928672 ], [ 31.29715215153934, -24.109287357678813 ], [ 31.293451406365534, -24.109435680865786 ], [ 31.27221958729487, -24.108212821010849 ], [ 31.266013992846762, -24.10809736542727 ], [ 31.264360659015249, -24.108150825894135 ], [ 31.258447530598961, -24.107505653099921 ], [ 31.25597255993614, -24.107215568283074 ], [ 31.255089612317104, -24.105589232212356 ], [ 31.249912574418758, -24.094947628993832 ], [ 31.242197845245947, -24.077892977835393 ], [ 31.210588393471483, -24.059558145894641 ], [ 31.210354675781236, -24.022508291684815 ], [ 31.21201438541226, -24.021913681394313 ], [ 31.215235725832038, -24.020705203188463 ], [ 31.217441688866206, -24.019701546198494 ], [ 31.220918705022811, -24.01776454159889 ], [ 31.224884517693727, -24.01530038495325 ], [ 31.228300734333217, -24.013479878113809 ], [ 31.233726949927771, -24.013461260917094 ], [ 31.238922939325494, -24.014469156765117 ], [ 31.241916260131855, -24.016264267124306 ], [ 31.24264064180575, -24.018656341300112 ], [ 31.242134369470683, -24.021187795183682 ], [ 31.240223392883216, -24.024362259420734 ], [ 31.237752547163087, -24.027494135677539 ], [ 31.232944970828576, -24.031113693519185 ], [ 31.233212293038395, -24.035288342171686 ], [ 31.233644684340941, -24.03889604431907 ], [ 31.23781710467108, -24.040777087461493 ], [ 31.25075895873799, -24.040537245338808 ], [ 31.255976361925672, -24.039323621338124 ], [ 31.259790502506025, -24.03863563785227 ], [ 31.261785512100023, -24.040157188735716 ], [ 31.263375817476671, -24.042531922642738 ], [ 31.265883549778188, -24.041756728834699 ], [ 31.268265131598994, -24.040122266296649 ], [ 31.268894189986245, -24.037935219565096 ], [ 31.268922627805019, -24.035813615293485 ], [ 31.266895279901679, -24.033036693832507 ], [ 31.263298078042553, -24.032228434955602 ], [ 31.260501987356662, -24.031068017431988 ], [ 31.257810728809272, -24.028698798085955 ], [ 31.255853955936058, -24.026545578233826 ], [ 31.25480888141081, -24.023129575162351 ], [ 31.256916323493247, -24.014106060122462 ], [ 31.259201902439173, -24.010809200986333 ], [ 31.262158080477199, -24.010996256499244 ], [ 31.266527918911859, -24.010585248489303 ], [ 31.271025381815573, -24.010184583937288 ], [ 31.27335370725228, -24.006599029854826 ], [ 31.274315846360118, -24.005210290733267 ], [ 31.273777046794997, -24.002865576879703 ], [ 31.272733149561887, -24.000072724016363 ], [ 31.273666704463249, -23.997139614545144 ], [ 31.27552273422938, -23.994307170412839 ], [ 31.277720280139498, -23.993130942743964 ], [ 31.280557345262434, -23.993379494854636 ], [ 31.283615388189713, -23.991788437449753 ], [ 31.286701349806876, -23.988825131200269 ], [ 31.288954761903632, -23.987125640705514 ], [ 31.291716932775447, -23.987084198462721 ], [ 31.293668442907393, -23.985914017404493 ], [ 31.293383396479218, -23.983680533087281 ], [ 31.295476878484507, -23.980678893290225 ], [ 31.298317371180833, -23.977658419163681 ], [ 31.302909642616871, -23.975930453998004 ], [ 31.308007809014256, -23.975336633357884 ], [ 31.31324196932, -23.974861522070391 ], [ 31.316499051618738, -23.97452708179771 ], [ 31.323884266094399, -23.974129371810218 ], [ 31.329136767856326, -23.97451173734347 ], [ 31.333509181977782, -23.974559295814853 ], [ 31.337073030024019, -23.974056182205043 ], [ 31.341120509966881, -23.97261911884458 ], [ 31.346597385270098, -23.972362196732703 ], [ 31.356144676903543, -23.971941057648881 ], [ 31.362906498873755, -23.971092312833367 ], [ 31.367952243143034, -23.970730693788223 ], [ 31.373585730985365, -23.972081783550543 ], [ 31.379694261439642, -23.972390222238051 ], [ 31.384781679431033, -23.97105326013132 ], [ 31.38961566952328, -23.969541896435839 ], [ 31.395849768107151, -23.970022574429191 ], [ 31.399536754746318, -23.972255352939172 ], [ 31.406502603059121, -23.972382037537319 ], [ 31.412100827682625, -23.971844099380572 ], [ 31.417847152197343, -23.969636931913467 ], [ 31.422580465873882, -23.96909871339599 ], [ 31.425849898330018, -23.969339978985484 ], [ 31.431227074630424, -23.970000060754643 ], [ 31.436518479551989, -23.969629655888994 ], [ 31.445061587778877, -23.968524495787715 ], [ 31.453039969794194, -23.966970686304265 ], [ 31.456258272926274, -23.967382360297499 ], [ 31.458994655714807, -23.968656020484222 ], [ 31.462491396276828, -23.967968685957612 ], [ 31.467125754299918, -23.968304014300593 ], [ 31.470673351637458, -23.969964839177784 ], [ 31.475278713197028, -23.969432739752786 ], [ 31.481915488006631, -23.968297527940862 ], [ 31.48682028498456, -23.967361680295745 ], [ 31.489420874045852, -23.967667238192263 ], [ 31.494765956516716, -23.970275313778508 ], [ 31.498254413296792, -23.971989117649386 ], [ 31.501364854545947, -23.973256672019797 ], [ 31.505632556960009, -23.973885264038504 ], [ 31.510552526217094, -23.973346138601894 ], [ 31.514860432577684, -23.973044747754411 ], [ 31.519594163068096, -23.972458375050216 ], [ 31.524312834420627, -23.971465346061187 ], [ 31.528754955787146, -23.971453821726282 ], [ 31.531252383888901, -23.97307611444797 ], [ 31.531763670250928, -23.973920827676988 ], [ 31.532626280577603, -23.97671944887599 ], [ 31.534424958331527, -23.980177194711441 ], [ 31.539109039296633, -23.983138672173105 ], [ 31.54690471949587, -23.984729822308797 ], [ 31.550742500299851, -23.985190560584279 ], [ 31.554284526733358, -23.986614665408791 ], [ 31.555606676435577, -23.987918465672074 ], [ 31.555442090561623, -23.992097974535973 ], [ 31.558832588287519, -23.994793836761819 ], [ 31.563345971003979, -23.995522501663327 ], [ 31.56641108484067, -23.994783608144385 ], [ 31.565705792278738, -23.996339269030127 ], [ 31.563976320657218, -23.998950920759736 ], [ 31.560969022459613, -24.002435535391925 ], [ 31.560181026703383, -24.006112523745443 ], [ 31.560638254641376, -24.007426220443669 ], [ 31.561719309985694, -24.011870275907437 ], [ 31.562163507264216, -24.015242767457671 ], [ 31.563795450385971, -24.022319810304975 ], [ 31.566463904633455, -24.029036296862991 ], [ 31.569793089757308, -24.034711393365303 ], [ 31.573700596698014, -24.041466425571073 ], [ 31.576832181873517, -24.046390023313531 ], [ 31.579527984377705, -24.051616551530014 ], [ 31.580345187421045, -24.055100822637755 ], [ 31.580822238725506, -24.057326715590612 ], [ 31.583294386950385, -24.065937494228475 ], [ 31.585011962612082, -24.074324528687587 ], [ 31.586865444235411, -24.085584449067916 ], [ 31.591111892889305, -24.091240516052167 ], [ 31.592640309886178, -24.099002632637017 ], [ 31.593610902230779, -24.101106607176614 ], [ 31.594827539823459, -24.103203808535937 ], [ 31.596482126704373, -24.108447584129777 ], [ 31.596188844146443, -24.111885449085637 ], [ 31.59451889415411, -24.114353435996797 ], [ 31.592028959642303, -24.113526807699834 ], [ 31.586366631670433, -24.111316269982055 ], [ 31.578274086403145, -24.110925113449859 ], [ 31.569962394426508, -24.111669292585166 ], [ 31.556746552028141, -24.11370323675294 ], [ 31.550669701154931, -24.115162778696025 ], [ 31.541865331955712, -24.11333616123439 ], [ 31.535065293963235, -24.112629959610139 ], [ 31.529286059086271, -24.110416221665506 ], [ 31.519123676185032, -24.11124815692158 ], [ 31.511516014664892, -24.113196967342201 ], [ 31.508207100328089, -24.114329572605659 ], [ 31.50259700100904, -24.114527523962042 ], [ 31.497837209562348, -24.114363399785947 ], [ 31.494151767657833, -24.112349529514727 ], [ 31.49174511011293, -24.112036825344962 ], [ 31.489875800810012, -24.111205653395185 ], [ 31.488085714056314, -24.111169887702019 ], [ 31.484155943077294, -24.111546326796695 ], [ 31.480806634213444, -24.111919407355973 ] ] ] ] } }
]
}
